manuscript_index,reviewer_index,relevance,success_probability,success
0,0,2,0.3177,0
0,1,0,0.0599,0
0,2,0,0.0296,0
0,3,0,0.0168,0
0,4,0,0.0097,0
0,5,0,0.0757,0
0,6,0,0.0126,0
0,7,0,0.0052,0
0,8,0,0.0783,0
0,9,0,0.0205,0
0,10,0,0.1416,0
0,11,0,0.0636,0
0,12,0,0.0727,0
0,13,0,0.0707,0
0,14,0,0.0057,0
0,15,0,0.0839,0
0,16,0,0.0148,0
0,17,0,0.0615,0
0,18,0,0.0055,0
0,19,0,0.0414,0
0,20,0,0.005,0
0,21,0,0.0705,0
0,22,0,0.0869,1
0,23,2,0.5058,1
0,24,1,0.1824,0
0,25,0,0.0176,0
0,26,0,0.0748,0
0,27,1,0.1176,0
0,28,0,0.0831,0
0,29,0,0.0059,0
0,30,2,0.3055,1
0,31,0,0.0964,0
0,32,2,0.3983,1
0,33,0,0.0239,0
0,34,2,0.4427,1
0,35,0,0.0435,0
0,36,0,0.0263,0
0,37,3,0.8201,1
0,38,0,0.0043,0
0,39,0,0.1195,0
0,40,1,0.1115,0
0,41,0,0.0241,0
0,42,1,0.2114,0
0,43,0,0.0078,0
0,44,1,0.1528,0
0,45,3,0.8017,1
0,46,0,0.0422,0
0,47,0,0.0096,0
0,48,0,0.0252,0
0,49,1,0.1956,0
0,50,0,0.0041,0
0,51,0,0.0048,0
0,52,0,0.0258,0
0,53,0,0.0588,0
0,54,0,0.0296,0
0,55,0,0.0955,0
0,56,3,0.8386,1
0,57,1,0.0651,0
0,58,0,0.041,0
0,59,3,0.7372,1
1,0,1,0.1292,1
1,1,0,0.0599,0
1,2,0,0.0296,0
1,3,0,0.0168,0
1,4,0,0.0097,0
1,5,0,0.0757,0
1,6,0,0.0126,0
1,7,0,0.0052,0
1,8,0,0.0783,0
1,9,0,0.0205,0
1,10,0,0.1416,0
1,11,0,0.0636,0
1,12,0,0.0727,0
1,13,0,0.0707,0
1,14,0,0.0057,0
1,15,0,0.0839,0
1,16,0,0.0148,0
1,17,0,0.0615,0
1,18,0,0.0055,0
1,19,0,0.0414,0
1,20,0,0.005,0
1,21,0,0.0705,0
1,22,0,0.0869,0
1,23,3,0.7556,1
1,24,1,0.1824,1
1,25,0,0.0176,0
1,26,0,0.0748,0
1,27,1,0.1176,0
1,28,0,0.0831,0
1,29,0,0.0059,0
1,30,3,0.585,0
1,31,0,0.0964,1
1,32,3,0.645,1
1,33,0,0.0239,0
1,34,3,0.7256,1
1,35,0,0.0435,0
1,36,0,0.0263,0
1,37,2,0.4948,0
1,38,0,0.0043,0
1,39,0,0.1195,0
1,40,1,0.1115,0
1,41,0,0.0241,0
1,42,1,0.2114,0
1,43,0,0.0078,0
1,44,1,0.1528,0
1,45,2,0.5928,0
1,46,0,0.0422,0
1,47,0,0.0096,0
1,48,0,0.0252,0
1,49,1,0.1956,1
1,50,0,0.0041,0
1,51,0,0.0048,0
1,52,0,0.0258,0
1,53,0,0.0588,0
1,54,0,0.0296,0
1,55,0,0.0955,0
1,56,2,0.6414,0
1,57,1,0.0651,0
1,58,0,0.041,0
1,59,2,0.46,0
2,0,2,0.3177,0
2,1,0,0.0599,0
2,2,1,0.1166,1
2,3,0,0.0168,0
2,4,0,0.0097,0
2,5,0,0.0757,0
2,6,0,0.0126,0
2,7,3,0.3962,0
2,8,0,0.0783,0
2,9,3,0.5215,0
2,10,0,0.1416,0
2,11,0,0.0636,0
2,12,0,0.0727,0
2,13,0,0.0707,0
2,14,0,0.0057,0
2,15,0,0.0839,0
2,16,3,0.4976,1
2,17,0,0.0615,0
2,18,0,0.0055,0
2,19,0,0.0414,0
2,20,0,0.005,0
2,21,0,0.0705,0
2,22,0,0.0869,0
2,23,0,0.1004,0
2,24,0,0.0604,0
2,25,0,0.0176,0
2,26,3,0.7544,0
2,27,0,0.0299,0
2,28,0,0.0831,0
2,29,0,0.0059,0
2,30,0,0.037,0
2,31,0,0.0964,0
2,32,0,0.0618,0
2,33,0,0.0239,1
2,34,0,0.0822,0
2,35,0,0.0435,0
2,36,3,0.516,1
2,37,3,0.8201,1
2,38,0,0.0043,0
2,39,0,0.1195,1
2,40,0,0.0177,0
2,41,0,0.0241,0
2,42,0,0.079,0
2,43,0,0.0078,0
2,44,0,0.043,0
2,45,0,0.1321,1
2,46,0,0.0422,0
2,47,0,0.0096,0
2,48,0,0.0252,0
2,49,0,0.0663,0
2,50,0,0.0041,0
2,51,0,0.0048,0
2,52,0,0.0258,0
2,53,0,0.0588,0
2,54,0,0.0296,0
2,55,0,0.0955,0
2,56,0,0.1512,0
2,57,0,0.0065,0
2,58,3,0.6038,1
2,59,0,0.0861,0
3,0,0,0.0276,0
3,1,1,0.1769,1
3,2,0,0.0296,0
3,3,0,0.0168,0
3,4,0,0.0097,0
3,5,0,0.0757,0
3,6,1,0.0812,0
3,7,0,0.0052,0
3,8,0,0.0783,1
3,9,3,0.5215,1
3,10,0,0.1416,0
3,11,0,0.0636,0
3,12,0,0.0727,0
3,13,0,0.0707,0
3,14,1,0.0098,0
3,15,0,0.0839,0
3,16,0,0.0148,0
3,17,0,0.0615,0
3,18,0,0.0055,0
3,19,0,0.0414,0
3,20,0,0.005,0
3,21,0,0.0705,0
3,22,3,0.7003,1
3,23,0,0.1004,0
3,24,0,0.0604,0
3,25,0,0.0176,0
3,26,0,0.0748,0
3,27,3,0.5566,0
3,28,0,0.0831,0
3,29,0,0.0059,0
3,30,0,0.037,0
3,31,0,0.0964,0
3,32,2,0.3983,0
3,33,0,0.0239,0
3,34,1,0.2162,0
3,35,0,0.0435,0
3,36,0,0.0263,0
3,37,0,0.0988,1
3,38,0,0.0043,0
3,39,1,0.2862,0
3,40,0,0.0177,0
3,41,0,0.0241,0
3,42,0,0.079,0
3,43,0,0.0078,0
3,44,0,0.043,0
3,45,0,0.1321,0
3,46,0,0.0422,0
3,47,0,0.0096,0
3,48,0,0.0252,0
3,49,0,0.0663,0
3,50,0,0.0041,0
3,51,0,0.0048,0
3,52,2,0.2962,0
3,53,0,0.0588,0
3,54,0,0.0296,0
3,55,0,0.0955,1
3,56,0,0.1512,0
3,57,0,0.0065,0
3,58,0,0.041,0
3,59,0,0.0861,0
4,0,0,0.0276,0
4,1,0,0.0599,0
4,2,0,0.0296,0
4,3,0,0.0168,0
4,4,0,0.0097,0
4,5,0,0.0757,0
4,6,0,0.0126,0
4,7,0,0.0052,0
4,8,0,0.0783,0
4,9,0,0.0205,0
4,10,3,0.8386,1
4,11,2,0.3946,0
4,12,2,0.4143,0
4,13,2,0.4321,0
4,14,0,0.0057,0
4,15,2,0.4518,0
4,16,0,0.0148,0
4,17,2,0.3757,0
4,18,0,0.0055,0
4,19,0,0.0414,0
4,20,0,0.005,0
4,21,0,0.0705,0
4,22,0,0.0869,0
4,23,0,0.1004,0
4,24,0,0.0604,0
4,25,1,0.0977,0
4,26,0,0.0748,0
4,27,0,0.0299,0
4,28,1,0.2228,0
4,29,0,0.0059,0
4,30,0,0.037,0
4,31,2,0.5032,1
4,32,0,0.0618,0
4,33,3,0.516,0
4,34,0,0.0822,0
4,35,0,0.0435,0
4,36,0,0.0263,0
4,37,0,0.0988,0
4,38,0,0.0043,0
4,39,0,0.1195,0
4,40,0,0.0177,0
4,41,1,0.1126,1
4,42,0,0.079,1
4,43,0,0.0078,0
4,44,0,0.043,0
4,45,0,0.1321,1
4,46,1,0.1537,0
4,47,0,0.0096,0
4,48,0,0.0252,0
4,49,0,0.0663,0
4,50,0,0.0041,0
4,51,0,0.0048,0
4,52,0,0.0258,0
4,53,0,0.0588,0
4,54,0,0.0296,0
4,55,0,0.0955,0
4,56,0,0.1512,0
4,57,0,0.0065,0
4,58,0,0.041,0
4,59,0,0.0861,0
5,0,1,0.1292,0
5,1,0,0.0599,0
5,2,0,0.0296,0
5,3,0,0.0168,0
5,4,3,0.4628,0
5,5,0,0.0757,0
5,6,0,0.0126,0
5,7,2,0.1891,0
5,8,0,0.0783,0
5,9,0,0.0205,0
5,10,1,0.3249,1
5,11,1,0.1841,0
5,12,1,0.1984,0
5,13,1,0.2038,1
5,14,0,0.0057,0
5,15,1,0.2208,1
5,16,0,0.0148,0
5,17,1,0.1755,0
5,18,0,0.0055,0
5,19,2,0.3226,1
5,20,0,0.005,0
5,21,0,0.0705,0
5,22,0,0.0869,0
5,23,0,0.1004,0
5,24,0,0.0604,0
5,25,2,0.2569,0
5,26,0,0.0748,0
5,27,0,0.0299,0
5,28,3,0.7096,0
5,29,2,0.1303,0
5,30,0,0.037,0
5,31,1,0.2496,1
5,32,0,0.0618,0
5,33,1,0.1226,0
5,34,0,0.0822,0
5,35,0,0.0435,0
5,36,0,0.0263,0
5,37,0,0.0988,0
5,38,0,0.0043,0
5,39,0,0.1195,0
5,40,1,0.1115,0
5,41,3,0.5268,0
5,42,1,0.2114,1
5,43,0,0.0078,0
5,44,0,0.043,0
5,45,0,0.1321,0
5,46,1,0.1537,0
5,47,0,0.0096,0
5,48,0,0.0252,0
5,49,0,0.0663,0
5,50,0,0.0041,0
5,51,0,0.0048,0
5,52,3,0.5345,0
5,53,3,0.6817,1
5,54,0,0.0296,0
5,55,1,0.242,0
5,56,0,0.1512,0
5,57,3,0.4055,0
5,58,0,0.041,0
5,59,0,0.0861,0
6,0,0,0.0276,0
6,1,0,0.0599,0
6,2,0,0.0296,0
6,3,0,0.0168,0
6,4,0,0.0097,0
6,5,0,0.0757,0
6,6,0,0.0126,0
6,7,0,0.0052,0
6,8,0,0.0783,0
6,9,0,0.0205,0
6,10,1,0.3249,0
6,11,1,0.1841,1
6,12,1,0.1984,0
6,13,1,0.2038,1
6,14,0,0.0057,0
6,15,1,0.2208,0
6,16,0,0.0148,0
6,17,1,0.1755,0
6,18,0,0.0055,1
6,19,0,0.0414,0
6,20,0,0.005,0
6,21,0,0.0705,0
6,22,0,0.0869,0
6,23,0,0.1004,0
6,24,0,0.0604,0
6,25,2,0.2569,0
6,26,0,0.0748,0
6,27,0,0.0299,0
6,28,3,0.7096,1
6,29,0,0.0059,0
6,30,0,0.037,0
6,31,1,0.2496,1
6,32,0,0.0618,1
6,33,1,0.1226,0
6,34,0,0.0822,0
6,35,0,0.0435,0
6,36,0,0.0263,0
6,37,0,0.0988,0
6,38,0,0.0043,0
6,39,0,0.1195,0
6,40,0,0.0177,0
6,41,3,0.5268,1
6,42,0,0.079,0
6,43,0,0.0078,0
6,44,0,0.043,1
6,45,0,0.1321,0
6,46,1,0.1537,0
6,47,0,0.0096,0
6,48,0,0.0252,0
6,49,0,0.0663,0
6,50,0,0.0041,0
6,51,0,0.0048,0
6,52,0,0.0258,0
6,53,0,0.0588,1
6,54,0,0.0296,0
6,55,0,0.0955,0
6,56,0,0.1512,0
6,57,0,0.0065,0
6,58,0,0.041,0
6,59,0,0.0861,0
7,0,0,0.0276,0
7,1,1,0.1769,0
7,2,0,0.0296,0
7,3,0,0.0168,0
7,4,0,0.0097,0
7,5,0,0.0757,0
7,6,1,0.0812,0
7,7,0,0.0052,0
7,8,0,0.0783,0
7,9,2,0.2687,0
7,10,0,0.1416,1
7,11,0,0.0636,0
7,12,0,0.0727,0
7,13,0,0.0707,0
7,14,1,0.0098,0
7,15,0,0.0839,1
7,16,0,0.0148,0
7,17,0,0.0615,0
7,18,0,0.0055,0
7,19,0,0.0414,0
7,20,0,0.005,0
7,21,0,0.0705,0
7,22,2,0.4743,0
7,23,0,0.1004,1
7,24,0,0.0604,0
7,25,0,0.0176,0
7,26,0,0.0748,0
7,27,2,0.2855,0
7,28,0,0.0831,0
7,29,0,0.0059,0
7,30,0,0.037,0
7,31,0,0.0964,0
7,32,3,0.645,1
7,33,0,0.0239,0
7,34,1,0.2162,0
7,35,0,0.0435,0
7,36,0,0.0263,0
7,37,0,0.0988,0
7,38,0,0.0043,0
7,39,1,0.2862,0
7,40,0,0.0177,0
7,41,0,0.0241,0
7,42,0,0.079,0
7,43,0,0.0078,0
7,44,0,0.043,0
7,45,0,0.1321,0
7,46,0,0.0422,0
7,47,0,0.0096,0
7,48,0,0.0252,0
7,49,0,0.0663,0
7,50,0,0.0041,0
7,51,0,0.0048,0
7,52,3,0.5345,1
7,53,0,0.0588,0
7,54,0,0.0296,0
7,55,0,0.0955,0
7,56,0,0.1512,0
7,57,0,0.0065,0
7,58,0,0.041,0
7,59,0,0.0861,0
8,0,0,0.0276,0
8,1,1,0.1769,1
8,2,0,0.0296,0
8,3,0,0.0168,0
8,4,0,0.0097,0
8,5,0,0.0757,0
8,6,1,0.0812,0
8,7,0,0.0052,0
8,8,0,0.0783,0
8,9,2,0.2687,0
8,10,0,0.1416,0
8,11,0,0.0636,0
8,12,0,0.0727,0
8,13,0,0.0707,0
8,14,1,0.0098,0
8,15,0,0.0839,0
8,16,0,0.0148,0
8,17,0,0.0615,0
8,18,0,0.0055,0
8,19,0,0.0414,0
8,20,0,0.005,0
8,21,0,0.0705,0
8,22,2,0.4743,0
8,23,0,0.1004,0
8,24,0,0.0604,0
8,25,0,0.0176,0
8,26,0,0.0748,0
8,27,2,0.2855,0
8,28,0,0.0831,1
8,29,0,0.0059,0
8,30,0,0.037,0
8,31,0,0.0964,0
8,32,3,0.645,1
8,33,0,0.0239,0
8,34,1,0.2162,0
8,35,0,0.0435,0
8,36,0,0.0263,0
8,37,0,0.0988,0
8,38,0,0.0043,0
8,39,1,0.2862,0
8,40,0,0.0177,0
8,41,0,0.0241,0
8,42,0,0.079,0
8,43,0,0.0078,0
8,44,0,0.043,0
8,45,0,0.1321,1
8,46,0,0.0422,0
8,47,0,0.0096,0
8,48,0,0.0252,0
8,49,0,0.0663,1
8,50,0,0.0041,0
8,51,0,0.0048,0
8,52,3,0.5345,0
8,53,0,0.0588,0
8,54,0,0.0296,0
8,55,0,0.0955,0
8,56,0,0.1512,0
8,57,0,0.0065,0
8,58,0,0.041,0
8,59,0,0.0861,1
9,0,1,0.1292,0
9,1,0,0.0599,1
9,2,0,0.0296,1
9,3,0,0.0168,0
9,4,0,0.0097,0
9,5,0,0.0757,0
9,6,0,0.0126,0
9,7,0,0.0052,0
9,8,0,0.0783,0
9,9,0,0.0205,0
9,10,0,0.1416,1
9,11,0,0.0636,0
9,12,0,0.0727,0
9,13,1,0.2038,0
9,14,0,0.0057,0
9,15,0,0.0839,1
9,16,0,0.0148,0
9,17,0,0.0615,0
9,18,0,0.0055,0
9,19,0,0.0414,0
9,20,1,0.0759,0
9,21,0,0.0705,0
9,22,0,0.0869,0
9,23,0,0.1004,0
9,24,2,0.3959,1
9,25,0,0.0176,0
9,26,0,0.0748,0
9,27,0,0.0299,0
9,28,0,0.0831,0
9,29,0,0.0059,0
9,30,0,0.037,0
9,31,0,0.0964,0
9,32,0,0.0618,0
9,33,0,0.0239,0
9,34,0,0.0822,0
9,35,1,0.1442,1
9,36,0,0.0263,0
9,37,0,0.0988,0
9,38,1,0.02,0
9,39,1,0.2862,1
9,40,0,0.0177,0
9,41,0,0.0241,0
9,42,3,0.7311,1
9,43,1,0.0876,0
9,44,0,0.043,0
9,45,0,0.1321,0
9,46,0,0.0422,0
9,47,0,0.0096,0
9,48,1,0.1095,0
9,49,0,0.0663,0
9,50,0,0.0041,0
9,51,0,0.0048,0
9,52,0,0.0258,0
9,53,0,0.0588,0
9,54,3,0.5437,1
9,55,0,0.0955,0
9,56,0,0.1512,0
9,57,0,0.0065,0
9,58,2,0.3277,1
9,59,0,0.0861,1
10,0,1,0.1292,0
10,1,0,0.0599,0
10,2,0,0.0296,0
10,3,2,0.2499,0
10,4,0,0.0097,0
10,5,1,0.2096,0
10,6,0,0.0126,0
10,7,0,0.0052,0
10,8,1,0.2161,0
10,9,0,0.0205,0
10,10,0,0.1416,0
10,11,0,0.0636,0
10,12,0,0.0727,0
10,13,0,0.0707,1
10,14,0,0.0057,0
10,15,0,0.0839,0
10,16,0,0.0148,0
10,17,2,0.3757,0
10,18,2,0.2273,0
10,19,0,0.0414,0
10,20,0,0.005,0
10,21,1,0.1931,0
10,22,0,0.0869,0
10,23,0,0.1004,0
10,24,0,0.0604,0
10,25,2,0.2569,1
10,26,0,0.0748,0
10,27,0,0.0299,0
10,28,0,0.0831,0
10,29,0,0.0059,0
10,30,0,0.037,0
10,31,3,0.7096,1
10,32,0,0.0618,0
10,33,0,0.0239,0
10,34,0,0.0822,0
10,35,0,0.0435,0
10,36,0,0.0263,0
10,37,0,0.0988,0
10,38,3,0.3332,0
10,39,0,0.1195,0
10,40,0,0.0177,0
10,41,0,0.0241,0
10,42,0,0.079,0
10,43,2,0.2484,0
10,44,1,0.1528,0
10,45,0,0.1321,0
10,46,0,0.0422,0
10,47,0,0.0096,0
10,48,0,0.0252,0
10,49,0,0.0663,1
10,50,1,0.0077,0
10,51,1,0.0784,0
10,52,0,0.0258,0
10,53,1,0.1721,0
10,54,0,0.0296,0
10,55,0,0.0955,0
10,56,0,0.1512,0
10,57,0,0.0065,0
10,58,0,0.041,0
10,59,0,0.0861,0
11,0,0,0.0276,0
11,1,0,0.0599,0
11,2,0,0.0296,0
11,3,0,0.0168,0
11,4,0,0.0097,0
11,5,0,0.0757,0
11,6,0,0.0126,0
11,7,0,0.0052,0
11,8,0,0.0783,0
11,9,0,0.0205,0
11,10,1,0.3249,0
11,11,1,0.1841,0
11,12,1,0.1984,1
11,13,1,0.2038,1
11,14,0,0.0057,0
11,15,1,0.2208,0
11,16,0,0.0148,0
11,17,1,0.1755,0
11,18,0,0.0055,0
11,19,0,0.0414,0
11,20,0,0.005,0
11,21,0,0.0705,0
11,22,0,0.0869,0
11,23,0,0.1004,0
11,24,0,0.0604,0
11,25,3,0.5075,1
11,26,0,0.0748,0
11,27,0,0.0299,0
11,28,2,0.4587,1
11,29,0,0.0059,0
11,30,0,0.037,0
11,31,1,0.2496,0
11,32,0,0.0618,0
11,33,1,0.1226,0
11,34,0,0.0822,0
11,35,0,0.0435,0
11,36,0,0.0263,0
11,37,0,0.0988,0
11,38,0,0.0043,0
11,39,0,0.1195,0
11,40,0,0.0177,1
11,41,2,0.2827,1
11,42,0,0.079,0
11,43,0,0.0078,0
11,44,0,0.043,0
11,45,0,0.1321,0
11,46,1,0.1537,0
11,47,0,0.0096,0
11,48,0,0.0252,0
11,49,0,0.0663,1
11,50,0,0.0041,0
11,51,0,0.0048,0
11,52,0,0.0258,0
11,53,0,0.0588,0
11,54,0,0.0296,0
11,55,0,0.0955,0
11,56,0,0.1512,1
11,57,0,0.0065,0
11,58,0,0.041,0
11,59,0,0.0861,0
12,0,2,0.3177,0
12,1,0,0.0599,0
12,2,0,0.0296,0
12,3,0,0.0168,0
12,4,1,0.0783,0
12,5,0,0.0757,0
12,6,0,0.0126,0
12,7,1,0.0501,1
12,8,0,0.0783,0
12,9,0,0.0205,0
12,10,0,0.1416,0
12,11,0,0.0636,0
12,12,0,0.0727,0
12,13,0,0.0707,0
12,14,0,0.0057,0
12,15,0,0.0839,0
12,16,0,0.0148,0
12,17,0,0.0615,0
12,18,0,0.0055,0
12,19,1,0.1403,0
12,20,0,0.005,0
12,21,0,0.0705,0
12,22,0,0.0869,0
12,23,0,0.1004,0
12,24,0,0.0604,0
12,25,0,0.0176,0
12,26,0,0.0748,0
12,27,0,0.0299,0
12,28,0,0.0831,0
12,29,1,0.0101,0
12,30,0,0.037,1
12,31,0,0.0964,0
12,32,0,0.0618,0
12,33,0,0.0239,0
12,34,0,0.0822,0
12,35,0,0.0435,1
12,36,0,0.0263,0
12,37,0,0.0988,0
12,38,0,0.0043,0
12,39,0,0.1195,0
12,40,3,0.4976,0
12,41,0,0.0241,0
12,42,3,0.7311,0
12,43,0,0.0078,0
12,44,0,0.043,0
12,45,0,0.1321,0
12,46,0,0.0422,0
12,47,0,0.0096,0
12,48,0,0.0252,0
12,49,0,0.0663,0
12,50,0,0.0041,0
12,51,0,0.0048,0
12,52,1,0.1189,0
12,53,1,0.1721,0
12,54,0,0.0296,0
12,55,3,0.8193,1
12,56,0,0.1512,0
12,57,1,0.0651,1
12,58,0,0.041,0
12,59,0,0.0861,0
13,0,2,0.3726,0
13,1,0,0.0599,0
13,2,0,0.0296,1
13,3,0,0.0168,0
13,4,1,0.0783,0
13,5,0,0.0757,0
13,6,0,0.0126,0
13,7,1,0.0501,0
13,8,0,0.0783,0
13,9,0,0.0205,0
13,10,0,0.1416,0
13,11,0,0.0636,0
13,12,0,0.0727,0
13,13,0,0.0707,0
13,14,0,0.0057,0
13,15,0,0.0839,0
13,16,0,0.0148,0
13,17,0,0.0615,0
13,18,0,0.0055,0
13,19,1,0.1403,0
13,20,0,0.005,0
13,21,0,0.0705,0
13,22,0,0.0869,0
13,23,0,0.1004,0
13,24,0,0.0604,0
13,25,0,0.0176,0
13,26,0,0.0748,0
13,27,0,0.0299,0
13,28,0,0.0831,0
13,29,1,0.0101,0
13,30,0,0.037,0
13,31,0,0.0964,1
13,32,0,0.0618,0
13,33,0,0.0239,0
13,34,0,0.0822,0
13,35,0,0.0435,0
13,36,0,0.0263,0
13,37,0,0.0988,0
13,38,0,0.0043,0
13,39,0,0.1195,0
13,40,3,0.4976,1
13,41,0,0.0241,0
13,42,3,0.7311,1
13,43,0,0.0078,0
13,44,0,0.043,0
13,45,0,0.1321,0
13,46,0,0.0422,0
13,47,0,0.0096,0
13,48,0,0.0382,0
13,49,0,0.0663,0
13,50,0,0.0041,0
13,51,0,0.0048,0
13,52,1,0.1189,0
13,53,1,0.1721,0
13,54,0,0.0296,0
13,55,3,0.8193,1
13,56,0,0.1512,0
13,57,1,0.0651,0
13,58,0,0.041,0
13,59,0,0.0861,0
14,0,1,0.1292,0
14,1,0,0.0599,1
14,2,0,0.0296,0
14,3,0,0.0168,0
14,4,0,0.0097,0
14,5,0,0.0757,0
14,6,0,0.0126,0
14,7,0,0.0052,0
14,8,0,0.0783,0
14,9,0,0.0205,0
14,10,0,0.1416,0
14,11,0,0.0636,0
14,12,0,0.0727,0
14,13,0,0.0707,0
14,14,0,0.0057,0
14,15,0,0.0839,1
14,16,0,0.0148,0
14,17,0,0.0615,0
14,18,0,0.0055,0
14,19,0,0.0414,0
14,20,0,0.005,0
14,21,0,0.0705,0
14,22,0,0.0869,0
14,23,1,0.2534,0
14,24,2,0.3959,0
14,25,0,0.0176,0
14,26,0,0.0748,0
14,27,2,0.2855,0
14,28,0,0.0831,0
14,29,0,0.0059,0
14,30,1,0.1305,0
14,31,0,0.0964,0
14,32,1,0.1843,1
14,33,0,0.0239,0
14,34,1,0.2162,0
14,35,0,0.0435,0
14,36,0,0.0263,0
14,37,1,0.2482,0
14,38,0,0.0043,0
14,39,0,0.1195,0
14,40,2,0.2912,0
14,41,0,0.0241,0
14,42,1,0.2114,0
14,43,0,0.0078,0
14,44,3,0.5805,0
14,45,1,0.3096,1
14,46,0,0.0422,0
14,47,0,0.0096,0
14,48,0,0.0252,0
14,49,2,0.419,0
14,50,0,0.0041,0
14,51,0,0.0048,0
14,52,0,0.0258,0
14,53,0,0.0588,0
14,54,0,0.0296,0
14,55,0,0.0955,0
14,56,1,0.3419,0
14,57,3,0.4055,0
14,58,0,0.041,0
14,59,1,0.2256,0
15,0,0,0.0276,0
15,1,0,0.0599,0
15,2,0,0.0296,0
15,3,0,0.0168,0
15,4,0,0.0097,0
15,5,0,0.0757,0
15,6,0,0.0126,0
15,7,0,0.0052,0
15,8,0,0.0783,0
15,9,0,0.0205,0
15,10,1,0.3249,0
15,11,1,0.1841,0
15,12,1,0.1984,0
15,13,1,0.2038,0
15,14,0,0.0057,0
15,15,1,0.2208,0
15,16,0,0.0148,0
15,17,1,0.1755,1
15,18,0,0.0055,0
15,19,0,0.0414,0
15,20,0,0.005,0
15,21,0,0.0705,0
15,22,0,0.0869,0
15,23,0,0.1004,0
15,24,0,0.0604,0
15,25,2,0.2569,0
15,26,0,0.0748,0
15,27,0,0.0299,0
15,28,3,0.7096,1
15,29,0,0.0059,0
15,30,0,0.037,0
15,31,1,0.2496,0
15,32,0,0.0618,0
15,33,1,0.1226,0
15,34,0,0.0822,1
15,35,0,0.0435,0
15,36,0,0.0263,0
15,37,0,0.0988,0
15,38,0,0.0043,0
15,39,0,0.1195,0
15,40,0,0.0177,0
15,41,3,0.5268,0
15,42,0,0.079,0
15,43,0,0.0078,0
15,44,0,0.043,0
15,45,0,0.1321,0
15,46,1,0.1537,0
15,47,0,0.0096,0
15,48,0,0.0252,0
15,49,0,0.0663,0
15,50,0,0.0041,0
15,51,0,0.0048,0
15,52,0,0.0258,0
15,53,0,0.0588,0
15,54,0,0.0296,0
15,55,0,0.0955,0
15,56,0,0.1512,0
15,57,0,0.0065,0
15,58,0,0.041,0
15,59,0,0.0861,1
16,0,1,0.1292,0
16,1,3,0.6791,1
16,2,2,0.2835,1
16,3,0,0.0168,0
16,4,0,0.0097,0
16,5,0,0.0757,1
16,6,3,0.4634,1
16,7,1,0.0501,0
16,8,0,0.0783,0
16,9,1,0.1044,0
16,10,0,0.1416,0
16,11,0,0.0636,0
16,12,0,0.0727,0
16,13,0,0.0707,1
16,14,2,0.127,0
16,15,0,0.0839,1
16,16,1,0.0974,0
16,17,0,0.0615,0
16,18,0,0.0055,0
16,19,0,0.0414,0
16,20,0,0.005,0
16,21,0,0.0705,0
16,22,1,0.2317,0
16,23,0,0.1004,0
16,24,0,0.0604,0
16,25,0,0.0176,0
16,26,1,0.2031,0
16,27,1,0.1176,0
16,28,0,0.0831,0
16,29,0,0.0059,0
16,30,0,0.037,0
16,31,0,0.0964,0
16,32,1,0.1843,0
16,33,0,0.0239,0
16,34,3,0.7256,1
16,35,0,0.0435,0
16,36,1,0.1321,0
16,37,1,0.2482,0
16,38,0,0.0043,0
16,39,2,0.5554,1
16,40,0,0.0177,0
16,41,0,0.0241,0
16,42,0,0.079,0
16,43,0,0.0078,0
16,44,0,0.043,0
16,45,0,0.1321,0
16,46,0,0.0422,0
16,47,0,0.0096,0
16,48,0,0.0252,0
16,49,0,0.0663,0
16,50,0,0.0041,0
16,51,0,0.0048,0
16,52,1,0.1189,0
16,53,0,0.0588,0
16,54,0,0.0296,0
16,55,0,0.0955,0
16,56,0,0.1512,1
16,57,0,0.0065,0
16,58,1,0.142,0
16,59,0,0.0861,0
17,0,2,0.3177,1
17,1,0,0.0599,0
17,2,3,0.5533,1
17,3,0,0.0168,0
17,4,0,0.0097,0
17,5,0,0.0757,0
17,6,0,0.0126,0
17,7,1,0.0501,0
17,8,0,0.0783,0
17,9,1,0.1044,1
17,10,0,0.1416,0
17,11,0,0.0636,0
17,12,0,0.0727,0
17,13,0,0.0707,0
17,14,0,0.0057,0
17,15,0,0.0839,0
17,16,1,0.0974,0
17,17,0,0.0615,0
17,18,0,0.0055,0
17,19,0,0.0414,0
17,20,0,0.005,0
17,21,0,0.0705,0
17,22,0,0.0869,0
17,23,0,0.1004,0
17,24,0,0.0604,1
17,25,0,0.0176,0
17,26,1,0.2031,0
17,27,0,0.0299,0
17,28,0,0.0831,0
17,29,0,0.0059,0
17,30,0,0.037,0
17,31,0,0.0964,0
17,32,0,0.0618,0
17,33,0,0.0239,0
17,34,0,0.0822,0
17,35,0,0.0435,1
17,36,1,0.1321,0
17,37,1,0.2482,0
17,38,0,0.0043,0
17,39,0,0.1195,0
17,40,0,0.0177,0
17,41,0,0.0241,0
17,42,0,0.079,0
17,43,0,0.0078,0
17,44,0,0.043,0
17,45,0,0.1321,1
17,46,0,0.0422,0
17,47,0,0.0096,0
17,48,0,0.0252,0
17,49,0,0.0663,0
17,50,0,0.0041,0
17,51,0,0.0048,0
17,52,0,0.0258,0
17,53,0,0.0588,0
17,54,0,0.0296,0
17,55,0,0.0955,0
17,56,0,0.1512,1
17,57,0,0.0065,0
17,58,1,0.142,1
17,59,0,0.0861,0
18,0,1,0.1292,0
18,1,0,0.0599,0
18,2,0,0.0296,0
18,3,0,0.0168,0
18,4,3,0.4628,1
18,5,0,0.0757,0
18,6,0,0.0126,0
18,7,2,0.1891,0
18,8,0,0.0783,0
18,9,0,0.0205,0
18,10,0,0.1416,0
18,11,0,0.0636,0
18,12,0,0.0727,0
18,13,0,0.0707,0
18,14,0,0.0057,0
18,15,0,0.0839,0
18,16,0,0.0148,0
18,17,0,0.0615,0
18,18,0,0.0055,0
18,19,2,0.3226,0
18,20,0,0.005,0
18,21,0,0.0705,0
18,22,0,0.0869,0
18,23,0,0.1004,0
18,24,0,0.0604,0
18,25,0,0.0176,0
18,26,0,0.0748,0
18,27,0,0.0299,0
18,28,0,0.0831,0
18,29,2,0.1303,0
18,30,0,0.037,0
18,31,0,0.0964,0
18,32,0,0.0618,0
18,33,0,0.0239,0
18,34,0,0.0822,0
18,35,0,0.0435,0
18,36,0,0.0263,0
18,37,0,0.0988,0
18,38,0,0.0043,0
18,39,0,0.1195,1
18,40,1,0.1115,0
18,41,0,0.0241,0
18,42,1,0.2114,0
18,43,0,0.0078,0
18,44,0,0.043,0
18,45,0,0.1321,0
18,46,0,0.0422,0
18,47,0,0.0096,0
18,48,0,0.0252,0
18,49,0,0.0663,1
18,50,0,0.0041,0
18,51,0,0.0048,0
18,52,3,0.5345,1
18,53,3,0.6817,1
18,54,0,0.0296,0
18,55,1,0.242,0
18,56,0,0.1512,0
18,57,3,0.4055,0
18,58,0,0.041,0
18,59,0,0.0861,0
19,0,1,0.1292,0
19,1,0,0.0599,0
19,2,0,0.0296,0
19,3,0,0.0168,0
19,4,0,0.0097,0
19,5,0,0.0757,0
19,6,0,0.0126,0
19,7,0,0.0052,0
19,8,0,0.0783,0
19,9,0,0.0205,0
19,10,0,0.1416,0
19,11,0,0.0636,0
19,12,0,0.0727,0
19,13,0,0.0707,0
19,14,0,0.0057,0
19,15,0,0.0839,0
19,16,0,0.0148,0
19,17,0,0.0615,0
19,18,0,0.0055,0
19,19,0,0.0414,0
19,20,0,0.005,0
19,21,0,0.0705,0
19,22,0,0.0869,0
19,23,3,0.7556,1
19,24,1,0.1824,1
19,25,0,0.0176,0
19,26,0,0.0748,0
19,27,1,0.1176,0
19,28,0,0.0831,0
19,29,0,0.0059,0
19,30,3,0.585,0
19,31,0,0.0964,0
19,32,3,0.645,0
19,33,0,0.0239,0
19,34,3,0.7256,1
19,35,0,0.0435,0
19,36,0,0.0263,0
19,37,2,0.4948,0
19,38,0,0.0043,0
19,39,0,0.1195,0
19,40,1,0.1115,0
19,41,0,0.0241,0
19,42,1,0.2114,1
19,43,0,0.0078,0
19,44,1,0.1528,0
19,45,2,0.5928,1
19,46,0,0.0422,0
19,47,0,0.0096,0
19,48,0,0.0252,0
19,49,1,0.1956,0
19,50,0,0.0041,0
19,51,0,0.0048,0
19,52,0,0.0258,0
19,53,0,0.0588,0
19,54,0,0.0296,0
19,55,0,0.0955,0
19,56,2,0.6414,1
19,57,1,0.0651,0
19,58,0,0.041,0
19,59,2,0.46,1
20,0,2,0.3177,1
20,1,0,0.0599,0
20,2,0,0.0296,0
20,3,0,0.0168,0
20,4,0,0.0097,0
20,5,0,0.0757,1
20,6,0,0.0126,0
20,7,0,0.0052,0
20,8,0,0.0783,0
20,9,0,0.0205,0
20,10,0,0.1416,0
20,11,0,0.0636,0
20,12,0,0.0727,0
20,13,0,0.0707,1
20,14,0,0.0057,1
20,15,0,0.0839,1
20,16,0,0.0148,0
20,17,0,0.0615,0
20,18,0,0.0055,0
20,19,0,0.0414,0
20,20,0,0.005,0
20,21,0,0.0705,0
20,22,0,0.0869,0
20,23,2,0.5058,0
20,24,1,0.1824,1
20,25,0,0.0176,0
20,26,0,0.0748,0
20,27,1,0.1176,0
20,28,0,0.0831,0
20,29,0,0.0059,0
20,30,2,0.3055,0
20,31,0,0.0964,1
20,32,2,0.3983,1
20,33,0,0.0239,0
20,34,2,0.4427,1
20,35,0,0.0435,0
20,36,0,0.0263,0
20,37,3,0.8201,1
20,38,0,0.0043,0
20,39,0,0.1195,0
20,40,1,0.1115,0
20,41,0,0.0241,0
20,42,1,0.2114,0
20,43,0,0.0078,0
20,44,1,0.1528,0
20,45,3,0.8017,0
20,46,0,0.0422,0
20,47,0,0.0096,0
20,48,0,0.0252,0
20,49,1,0.1956,0
20,50,0,0.0041,0
20,51,0,0.0048,0
20,52,0,0.0258,0
20,53,0,0.0588,0
20,54,0,0.0296,0
20,55,0,0.0955,0
20,56,3,0.8386,1
20,57,1,0.0651,0
20,58,0,0.041,0
20,59,3,0.7372,1
21,0,1,0.1292,0
21,1,1,0.1769,0
21,2,0,0.0296,0
21,3,0,0.0168,0
21,4,0,0.0097,0
21,5,0,0.0757,0
21,6,1,0.0812,0
21,7,0,0.0052,0
21,8,0,0.0783,0
21,9,2,0.2687,0
21,10,0,0.1416,1
21,11,0,0.0636,0
21,12,0,0.0727,0
21,13,3,0.6543,0
21,14,1,0.0098,0
21,15,0,0.0839,0
21,16,0,0.0148,0
21,17,0,0.0615,0
21,18,0,0.0055,0
21,19,0,0.0414,0
21,20,2,0.2282,0
21,21,0,0.0705,1
21,22,2,0.4743,0
21,23,0,0.1004,0
21,24,1,0.1824,0
21,25,0,0.0176,0
21,26,0,0.0748,0
21,27,2,0.2855,0
21,28,0,0.0831,0
21,29,0,0.0059,0
21,30,0,0.037,0
21,31,0,0.0964,0
21,32,3,0.645,1
21,33,0,0.0239,0
21,34,1,0.2162,1
21,35,2,0.3288,0
21,36,0,0.0263,0
21,37,0,0.0988,0
21,38,1,0.02,0
21,39,2,0.5554,0
21,40,0,0.0177,0
21,41,0,0.0241,0
21,42,1,0.2114,1
21,43,3,0.47,1
21,44,0,0.043,0
21,45,0,0.1321,0
21,46,0,0.0422,0
21,47,0,0.0096,0
21,48,3,0.5244,0
21,49,0,0.0663,0
21,50,0,0.0041,0
21,51,0,0.0048,0
21,52,3,0.5345,1
21,53,0,0.0588,0
21,54,1,0.1269,1
21,55,0,0.0955,0
21,56,0,0.1512,0
21,57,0,0.0065,0
21,58,1,0.142,1
21,59,0,0.0861,0
22,0,0,0.0276,0
22,1,0,0.0599,0
22,2,0,0.0296,0
22,3,0,0.0168,0
22,4,0,0.0097,0
22,5,0,0.0757,0
22,6,0,0.0126,0
22,7,0,0.0052,0
22,8,0,0.0783,0
22,9,0,0.0205,0
22,10,3,0.8386,1
22,11,3,0.6911,1
22,12,3,0.7172,1
22,13,3,0.6543,0
22,14,0,0.0057,0
22,15,3,0.7733,1
22,16,0,0.0148,0
22,17,3,0.685,0
22,18,0,0.0055,0
22,19,0,0.0414,0
22,20,0,0.005,0
22,21,0,0.0705,0
22,22,0,0.0869,1
22,23,0,0.1004,0
22,24,0,0.0604,0
22,25,1,0.0977,0
22,26,0,0.0748,0
22,27,0,0.0299,0
22,28,1,0.2228,0
22,29,0,0.0059,0
22,30,0,0.037,0
22,31,3,0.7096,0
22,32,0,0.0618,0
22,33,3,0.516,1
22,34,0,0.0822,0
22,35,0,0.0435,0
22,36,0,0.0263,0
22,37,0,0.0988,1
22,38,0,0.0043,0
22,39,0,0.1195,1
22,40,0,0.0177,0
22,41,1,0.1126,0
22,42,0,0.079,0
22,43,0,0.0078,0
22,44,0,0.043,1
22,45,0,0.1321,0
22,46,2,0.3546,0
22,47,0,0.0096,0
22,48,0,0.0252,0
22,49,0,0.0663,0
22,50,0,0.0041,0
22,51,0,0.0048,0
22,52,0,0.0258,0
22,53,0,0.0588,0
22,54,0,0.0296,0
22,55,0,0.0955,0
22,56,0,0.1512,0
22,57,0,0.0065,0
22,58,0,0.041,0
22,59,0,0.0861,0
23,0,0,0.0457,0
23,1,0,0.0599,0
23,2,0,0.0296,0
23,3,0,0.0168,0
23,4,0,0.0097,0
23,5,0,0.0757,0
23,6,0,0.0126,0
23,7,0,0.0052,0
23,8,0,0.0783,0
23,9,0,0.0205,0
23,10,3,0.8386,1
23,11,2,0.3946,0
23,12,2,0.4143,1
23,13,2,0.4321,0
23,14,0,0.0057,0
23,15,2,0.4518,1
23,16,0,0.0148,0
23,17,2,0.3757,0
23,18,0,0.0055,0
23,19,0,0.0414,0
23,20,0,0.005,0
23,21,0,0.0705,0
23,22,0,0.0869,0
23,23,0,0.1004,1
23,24,0,0.0604,0
23,25,1,0.0977,0
23,26,0,0.0748,0
23,27,0,0.0299,0
23,28,1,0.2228,0
23,29,0,0.0059,0
23,30,0,0.037,0
23,31,2,0.5032,1
23,32,0,0.0618,0
23,33,3,0.516,1
23,34,0,0.0822,0
23,35,0,0.0435,0
23,36,0,0.0263,0
23,37,0,0.0988,0
23,38,0,0.0043,0
23,39,0,0.1195,0
23,40,0,0.0177,0
23,41,1,0.1126,0
23,42,0,0.079,0
23,43,0,0.0078,0
23,44,0,0.043,0
23,45,0,0.1321,0
23,46,1,0.1537,0
23,47,0,0.0096,0
23,48,0,0.0252,0
23,49,0,0.0663,0
23,50,0,0.0041,0
23,51,0,0.0048,1
23,52,0,0.0258,0
23,53,0,0.0588,0
23,54,0,0.0296,0
23,55,0,0.0955,0
23,56,0,0.1512,1
23,57,0,0.0065,0
23,58,0,0.041,0
23,59,0,0.0861,0
24,0,2,0.3177,0
24,1,0,0.0599,0
24,2,1,0.1166,0
24,3,0,0.0168,0
24,4,0,0.0097,0
24,5,0,0.0757,0
24,6,0,0.0126,0
24,7,3,0.3962,0
24,8,0,0.0783,0
24,9,3,0.5215,1
24,10,0,0.1416,0
24,11,0,0.0636,0
24,12,0,0.0727,0
24,13,0,0.0707,0
24,14,0,0.0057,0
24,15,0,0.0839,0
24,16,3,0.4976,1
24,17,0,0.0615,0
24,18,0,0.0055,0
24,19,0,0.0414,0
24,20,0,0.005,0
24,21,0,0.0705,0
24,22,0,0.0869,0
24,23,0,0.1004,0
24,24,0,0.0604,0
24,25,0,0.0176,0
24,26,3,0.7544,0
24,27,0,0.0299,0
24,28,0,0.0831,0
24,29,0,0.0059,0
24,30,0,0.037,0
24,31,0,0.0964,0
24,32,0,0.0618,0
24,33,0,0.0239,0
24,34,0,0.0822,0
24,35,0,0.0435,0
24,36,3,0.516,0
24,37,3,0.8201,0
24,38,0,0.0043,0
24,39,0,0.1195,1
24,40,0,0.0177,0
24,41,0,0.0241,0
24,42,0,0.079,0
24,43,0,0.0078,0
24,44,0,0.043,0
24,45,0,0.1321,0
24,46,0,0.0422,0
24,47,0,0.0096,0
24,48,0,0.0252,0
24,49,0,0.0663,0
24,50,0,0.0041,0
24,51,0,0.0048,0
24,52,0,0.0258,0
24,53,0,0.0588,0
24,54,0,0.0296,0
24,55,0,0.0955,0
24,56,0,0.1512,0
24,57,0,0.0065,0
24,58,3,0.6038,1
24,59,0,0.0861,0
25,0,1,0.1292,0
25,1,0,0.0599,0
25,2,0,0.0296,0
25,3,1,0.0943,0
25,4,0,0.0097,0
25,5,2,0.4381,0
25,6,0,0.0126,0
25,7,0,0.0052,0
25,8,2,0.45,1
25,9,0,0.0205,0
25,10,0,0.1416,0
25,11,0,0.0636,0
25,12,0,0.0727,0
25,13,0,0.0707,0
25,14,0,0.0057,0
25,15,0,0.0839,0
25,16,0,0.0148,0
25,17,1,0.1755,0
25,18,1,0.072,0
25,19,0,0.0414,0
25,20,0,0.005,0
25,21,2,0.4042,0
25,22,0,0.0869,0
25,23,0,0.1004,0
25,24,0,0.0604,0
25,25,1,0.0977,0
25,26,0,0.0748,0
25,27,0,0.0299,0
25,28,0,0.0831,0
25,29,0,0.0059,0
25,30,0,0.037,0
25,31,1,0.2496,1
25,32,0,0.0618,0
25,33,0,0.0239,0
25,34,0,0.0822,0
25,35,0,0.0435,0
25,36,0,0.0263,0
25,37,0,0.0988,0
25,38,1,0.02,0
25,39,0,0.1195,0
25,40,0,0.0177,0
25,41,0,0.0241,0
25,42,0,0.079,0
25,43,1,0.0876,0
25,44,3,0.5805,1
25,45,0,0.1321,0
25,46,0,0.0422,0
25,47,0,0.0096,0
25,48,0,0.0252,0
25,49,0,0.0663,0
25,50,2,0.11,0
25,51,2,0.2305,0
25,52,0,0.0258,0
25,53,2,0.372,0
25,54,0,0.0296,0
25,55,0,0.0955,0
25,56,0,0.1512,0
25,57,0,0.0065,0
25,58,0,0.041,0
25,59,0,0.0861,0
26,0,1,0.1292,0
26,1,0,0.0599,0
26,2,2,0.2835,0
26,3,1,0.0943,0
26,4,0,0.0097,0
26,5,3,0.6911,0
26,6,0,0.0126,0
26,7,1,0.0501,0
26,8,2,0.45,1
26,9,1,0.1044,0
26,10,0,0.1416,0
26,11,0,0.0636,0
26,12,0,0.0727,0
26,13,0,0.0707,0
26,14,0,0.0057,0
26,15,0,0.0839,0
26,16,1,0.0974,0
26,17,1,0.1755,1
26,18,1,0.072,0
26,19,0,0.0414,0
26,20,0,0.005,0
26,21,3,0.7271,1
26,22,0,0.0869,0
26,23,0,0.1004,0
26,24,0,0.0604,0
26,25,1,0.0977,0
26,26,1,0.2031,0
26,27,0,0.0299,0
26,28,0,0.0831,0
26,29,0,0.0059,0
26,30,0,0.037,0
26,31,1,0.2496,1
26,32,0,0.0618,0
26,33,0,0.0239,0
26,34,0,0.0822,0
26,35,0,0.0435,0
26,36,1,0.1321,0
26,37,1,0.2482,0
26,38,1,0.02,0
26,39,0,0.1195,1
26,40,0,0.0177,0
26,41,0,0.0241,0
26,42,0,0.079,0
26,43,1,0.0876,0
26,44,2,0.3511,1
26,45,0,0.1321,1
26,46,0,0.0422,0
26,47,0,0.0096,0
26,48,0,0.0252,0
26,49,0,0.0663,0
26,50,3,0.2952,0
26,51,2,0.2305,1
26,52,0,0.0258,0
26,53,2,0.372,0
26,54,0,0.0296,0
26,55,0,0.0955,0
26,56,0,0.1512,0
26,57,0,0.0065,0
26,58,1,0.142,1
26,59,0,0.0861,0
27,0,1,0.1292,0
27,1,0,0.0599,0
27,2,0,0.0296,0
27,3,0,0.0168,0
27,4,0,0.0097,0
27,5,0,0.0757,0
27,6,0,0.0126,0
27,7,0,0.0052,0
27,8,0,0.0783,0
27,9,0,0.0205,0
27,10,0,0.1416,0
27,11,0,0.0636,0
27,12,0,0.0727,0
27,13,1,0.2038,0
27,14,0,0.0057,0
27,15,0,0.0839,0
27,16,0,0.0148,0
27,17,0,0.0615,0
27,18,0,0.0055,0
27,19,0,0.0414,0
27,20,1,0.0759,0
27,21,0,0.0705,0
27,22,0,0.0869,0
27,23,0,0.1004,0
27,24,3,0.6451,1
27,25,0,0.0176,0
27,26,0,0.0748,0
27,27,0,0.0299,0
27,28,0,0.0831,0
27,29,0,0.0059,0
27,30,0,0.037,0
27,31,0,0.0964,0
27,32,0,0.0618,0
27,33,0,0.0239,0
27,34,0,0.0822,0
27,35,1,0.1442,1
27,36,0,0.0263,0
27,37,0,0.0988,0
27,38,1,0.02,0
27,39,1,0.2862,1
27,40,0,0.0177,0
27,41,0,0.0241,0
27,42,2,0.4365,0
27,43,1,0.0876,0
27,44,0,0.043,0
27,45,0,0.1321,0
27,46,0,0.0422,0
27,47,0,0.0096,0
27,48,1,0.1095,1
27,49,0,0.0663,0
27,50,0,0.0041,0
27,51,0,0.0048,0
27,52,0,0.0258,0
27,53,0,0.0588,0
27,54,2,0.3091,0
27,55,0,0.0955,1
27,56,0,0.1512,0
27,57,0,0.0065,0
27,58,1,0.142,0
27,59,0,0.0861,1
28,0,1,0.1292,0
28,1,0,0.0599,1
28,2,0,0.0296,0
28,3,0,0.0168,0
28,4,3,0.4628,0
28,5,0,0.0757,0
28,6,0,0.0126,0
28,7,2,0.1891,1
28,8,0,0.0783,0
28,9,0,0.0205,0
28,10,0,0.1416,0
28,11,0,0.0636,0
28,12,0,0.0727,0
28,13,0,0.0707,0
28,14,0,0.0057,0
28,15,0,0.0839,0
28,16,0,0.0148,0
28,17,0,0.0615,1
28,18,0,0.0055,0
28,19,2,0.3226,0
28,20,0,0.005,0
28,21,0,0.0705,0
28,22,0,0.0869,0
28,23,0,0.1004,0
28,24,0,0.0604,0
28,25,0,0.0176,0
28,26,0,0.0748,0
28,27,0,0.0299,0
28,28,0,0.0831,0
28,29,2,0.1303,1
28,30,0,0.037,0
28,31,0,0.0964,0
28,32,0,0.0618,0
28,33,0,0.0239,0
28,34,0,0.0822,0
28,35,0,0.0435,0
28,36,0,0.0263,0
28,37,0,0.0988,0
28,38,0,0.0043,0
28,39,0,0.1195,0
28,40,1,0.1115,0
28,41,0,0.0241,0
28,42,1,0.2114,0
28,43,0,0.0078,0
28,44,0,0.043,0
28,45,0,0.1321,0
28,46,0,0.0422,0
28,47,0,0.0096,0
28,48,0,0.0252,0
28,49,0,0.0663,0
28,50,0,0.0041,0
28,51,0,0.0048,0
28,52,3,0.5345,1
28,53,3,0.6817,1
28,54,0,0.0296,0
28,55,1,0.242,0
28,56,0,0.1512,0
28,57,3,0.4055,0
28,58,0,0.041,0
28,59,0,0.0861,0
29,0,1,0.1292,0
29,1,0,0.0599,0
29,2,0,0.0296,0
29,3,0,0.0168,0
29,4,0,0.0097,0
29,5,0,0.0757,0
29,6,0,0.0126,0
29,7,0,0.0052,0
29,8,0,0.0783,0
29,9,0,0.0205,0
29,10,0,0.1416,0
29,11,0,0.0636,0
29,12,0,0.0727,0
29,13,0,0.0707,0
29,14,0,0.0057,0
29,15,0,0.0839,0
29,16,0,0.0148,0
29,17,0,0.0615,0
29,18,0,0.0055,0
29,19,0,0.0414,0
29,20,0,0.005,0
29,21,0,0.0705,0
29,22,0,0.0869,0
29,23,3,0.7556,1
29,24,1,0.1824,1
29,25,0,0.0176,0
29,26,0,0.0748,0
29,27,1,0.1176,0
29,28,0,0.0831,0
29,29,0,0.0059,0
29,30,3,0.585,0
29,31,0,0.0964,0
29,32,3,0.645,1
29,33,0,0.0239,0
29,34,3,0.7256,1
29,35,0,0.0435,0
29,36,0,0.0263,0
29,37,2,0.4948,0
29,38,0,0.0043,0
29,39,0,0.1195,0
29,40,1,0.1115,0
29,41,0,0.0241,0
29,42,1,0.2114,0
29,43,0,0.0078,0
29,44,1,0.1528,0
29,45,2,0.5928,0
29,46,0,0.0422,0
29,47,0,0.0096,0
29,48,0,0.0252,0
29,49,1,0.1956,1
29,50,0,0.0041,0
29,51,0,0.0048,0
29,52,0,0.0258,0
29,53,0,0.0588,0
29,54,0,0.0296,0
29,55,0,0.0955,0
29,56,2,0.6414,1
29,57,1,0.0651,0
29,58,0,0.041,0
29,59,2,0.46,0
30,0,0,0.0276,0
30,1,0,0.0599,0
30,2,0,0.0296,0
30,3,0,0.0168,0
30,4,0,0.0097,0
30,5,0,0.0757,0
30,6,0,0.0126,0
30,7,0,0.0052,0
30,8,0,0.0783,0
30,9,0,0.0205,0
30,10,1,0.3249,0
30,11,1,0.1841,1
30,12,1,0.1984,0
30,13,1,0.2038,0
30,14,0,0.0057,0
30,15,1,0.2208,0
30,16,0,0.0148,0
30,17,1,0.1755,0
30,18,0,0.0055,0
30,19,0,0.0414,0
30,20,0,0.005,0
30,21,0,0.0705,0
30,22,0,0.0869,0
30,23,0,0.1004,0
30,24,0,0.0604,0
30,25,2,0.2569,0
30,26,0,0.0748,0
30,27,0,0.0299,0
30,28,3,0.7096,0
30,29,0,0.0059,0
30,30,0,0.037,0
30,31,1,0.2496,0
30,32,0,0.0618,0
30,33,1,0.1226,0
30,34,0,0.0822,0
30,35,0,0.0435,0
30,36,0,0.0263,0
30,37,0,0.0988,1
30,38,0,0.0043,0
30,39,0,0.1195,0
30,40,0,0.0177,0
30,41,3,0.5268,1
30,42,0,0.079,0
30,43,0,0.0078,0
30,44,0,0.043,0
30,45,0,0.1321,0
30,46,1,0.1537,0
30,47,0,0.0096,0
30,48,0,0.0252,0
30,49,0,0.0663,0
30,50,0,0.0041,0
30,51,0,0.0048,0
30,52,0,0.0258,0
30,53,0,0.0588,0
30,54,0,0.0296,0
30,55,0,0.0955,0
30,56,0,0.1512,0
30,57,0,0.0065,0
30,58,0,0.041,0
30,59,0,0.0861,0
31,0,2,0.3177,1
31,1,0,0.0599,0
31,2,0,0.0296,0
31,3,0,0.0168,0
31,4,1,0.0783,0
31,5,0,0.0757,0
31,6,0,0.0126,0
31,7,1,0.0501,0
31,8,0,0.0783,0
31,9,0,0.0205,0
31,10,0,0.1416,0
31,11,0,0.0636,0
31,12,0,0.0727,0
31,13,0,0.0707,0
31,14,0,0.0057,0
31,15,0,0.0839,0
31,16,0,0.0148,0
31,17,0,0.0615,0
31,18,0,0.0055,0
31,19,1,0.1403,0
31,20,0,0.005,0
31,21,0,0.0705,0
31,22,0,0.0869,0
31,23,0,0.1004,1
31,24,0,0.0604,0
31,25,0,0.0176,0
31,26,0,0.0748,0
31,27,0,0.0299,0
31,28,0,0.0831,0
31,29,1,0.0101,0
31,30,0,0.037,0
31,31,0,0.0964,0
31,32,0,0.0618,0
31,33,0,0.0239,0
31,34,0,0.0822,0
31,35,0,0.0435,0
31,36,0,0.0263,0
31,37,0,0.0988,0
31,38,0,0.0043,0
31,39,0,0.1195,0
31,40,3,0.4976,1
31,41,0,0.0241,0
31,42,3,0.7311,1
31,43,0,0.0078,0
31,44,0,0.043,0
31,45,0,0.1321,0
31,46,0,0.0422,0
31,47,0,0.0096,0
31,48,0,0.0252,0
31,49,0,0.0663,0
31,50,0,0.0041,0
31,51,0,0.0048,0
31,52,1,0.1189,0
31,53,1,0.1721,0
31,54,0,0.0296,0
31,55,3,0.8193,1
31,56,0,0.1512,0
31,57,1,0.0651,0
31,58,0,0.041,0
31,59,0,0.0861,0
32,0,0,0.0276,0
32,1,2,0.3827,0
32,2,0,0.0296,0
32,3,0,0.0168,0
32,4,0,0.0097,0
32,5,0,0.0757,0
32,6,2,0.2238,0
32,7,0,0.0052,0
32,8,0,0.0783,0
32,9,1,0.1044,1
32,10,0,0.1416,0
32,11,0,0.0636,0
32,12,0,0.0727,0
32,13,0,0.0707,0
32,14,3,0.3041,0
32,15,0,0.0839,0
32,16,0,0.0148,0
32,17,0,0.0615,0
32,18,0,0.0055,0
32,19,0,0.0414,0
32,20,0,0.005,0
32,21,0,0.0705,0
32,22,1,0.2317,0
32,23,0,0.1004,0
32,24,0,0.0604,0
32,25,0,0.0176,0
32,26,0,0.0748,0
32,27,1,0.1176,0
32,28,0,0.0831,0
32,29,0,0.0059,0
32,30,0,0.037,0
32,31,0,0.0964,1
32,32,1,0.1843,0
32,33,0,0.0239,0
32,34,2,0.4427,0
32,35,0,0.0435,0
32,36,0,0.0263,0
32,37,0,0.0988,0
32,38,0,0.0043,0
32,39,3,0.7833,0
32,40,0,0.0177,0
32,41,0,0.0241,0
32,42,0,0.079,0
32,43,0,0.0078,0
32,44,0,0.043,0
32,45,0,0.1321,0
32,46,0,0.0422,0
32,47,0,0.0096,0
32,48,0,0.0252,0
32,49,0,0.0663,0
32,50,0,0.0041,0
32,51,0,0.0048,0
32,52,1,0.1189,0
32,53,0,0.0588,0
32,54,0,0.0296,0
32,55,0,0.0955,0
32,56,0,0.1512,1
32,57,0,0.0065,0
32,58,0,0.041,0
32,59,0,0.0861,0
33,0,0,0.0276,0
33,1,0,0.0599,0
33,2,0,0.0296,0
33,3,0,0.0168,0
33,4,0,0.0097,0
33,5,0,0.0757,0
33,6,0,0.0126,0
33,7,0,0.0052,0
33,8,0,0.0783,1
33,9,0,0.0205,0
33,10,1,0.3249,0
33,11,1,0.1841,0
33,12,1,0.1984,0
33,13,1,0.2038,0
33,14,0,0.0057,0
33,15,1,0.2208,0
33,16,0,0.0148,0
33,17,1,0.1755,0
33,18,0,0.0055,0
33,19,0,0.0414,0
33,20,0,0.005,0
33,21,0,0.0705,1
33,22,0,0.0869,0
33,23,0,0.1004,0
33,24,0,0.0604,0
33,25,2,0.2569,1
33,26,0,0.0748,0
33,27,0,0.0299,0
33,28,3,0.7096,1
33,29,0,0.0059,0
33,30,0,0.037,0
33,31,1,0.2496,0
33,32,0,0.0618,0
33,33,1,0.1226,1
33,34,0,0.0822,0
33,35,0,0.0435,0
33,36,0,0.0263,0
33,37,0,0.0988,0
33,38,0,0.0043,0
33,39,0,0.1195,0
33,40,0,0.0177,0
33,41,3,0.5268,1
33,42,0,0.079,0
33,43,0,0.0078,0
33,44,0,0.043,0
33,45,0,0.1321,0
33,46,1,0.1537,0
33,47,0,0.0096,0
33,48,0,0.0252,0
33,49,0,0.0663,0
33,50,0,0.0041,0
33,51,0,0.0048,0
33,52,0,0.0258,0
33,53,0,0.0588,0
33,54,0,0.0296,0
33,55,0,0.0955,0
33,56,0,0.1512,0
33,57,0,0.0065,0
33,58,0,0.041,0
33,59,0,0.0861,0
34,0,1,0.1292,0
34,1,0,0.0599,0
34,2,0,0.0296,0
34,3,0,0.0168,0
34,4,0,0.0097,0
34,5,0,0.0757,0
34,6,0,0.0126,0
34,7,0,0.0052,0
34,8,0,0.0783,0
34,9,0,0.0205,0
34,10,0,0.1416,0
34,11,0,0.0636,0
34,12,0,0.0727,0
34,13,3,0.6543,1
34,14,0,0.0057,0
34,15,0,0.0839,0
34,16,0,0.0148,0
34,17,0,0.0615,0
34,18,0,0.0055,0
34,19,0,0.0414,0
34,20,2,0.2282,0
34,21,0,0.0705,0
34,22,0,0.0869,0
34,23,1,0.2534,0
34,24,3,0.6451,0
34,25,0,0.0176,0
34,26,0,0.0748,0
34,27,1,0.1176,0
34,28,0,0.0831,0
34,29,0,0.0059,0
34,30,1,0.1305,0
34,31,0,0.0964,1
34,32,1,0.1843,0
34,33,0,0.0239,0
34,34,1,0.2162,1
34,35,2,0.3288,0
34,36,0,0.0263,0
34,37,1,0.2482,0
34,38,1,0.02,0
34,39,2,0.5554,0
34,40,2,0.2912,0
34,41,0,0.0241,0
34,42,2,0.4365,1
34,43,3,0.47,0
34,44,2,0.3511,0
34,45,1,0.3096,1
34,46,0,0.0422,0
34,47,0,0.0096,0
34,48,3,0.5244,0
34,49,1,0.1956,0
34,50,0,0.0041,0
34,51,0,0.0048,0
34,52,0,0.0258,0
34,53,0,0.0588,0
34,54,1,0.1269,0
34,55,0,0.0955,0
34,56,1,0.3419,0
34,57,2,0.2268,0
34,58,1,0.142,0
34,59,1,0.2256,1
35,0,1,0.1292,0
35,1,0,0.0599,0
35,2,0,0.0296,0
35,3,1,0.0943,0
35,4,0,0.0097,0
35,5,3,0.6911,1
35,6,0,0.0126,0
35,7,0,0.0052,0
35,8,2,0.45,1
35,9,0,0.0205,0
35,10,0,0.1416,1
35,11,0,0.0636,0
35,12,0,0.0727,0
35,13,0,0.0707,0
35,14,0,0.0057,1
35,15,0,0.0839,0
35,16,0,0.0148,0
35,17,1,0.1755,1
35,18,1,0.072,0
35,19,0,0.0414,0
35,20,0,0.005,0
35,21,3,0.7271,0
35,22,0,0.0869,0
35,23,0,0.1004,0
35,24,0,0.0604,0
35,25,1,0.0977,0
35,26,0,0.0748,0
35,27,0,0.0299,0
35,28,0,0.0831,1
35,29,0,0.0059,0
35,30,0,0.037,0
35,31,1,0.2496,0
35,32,0,0.0618,0
35,33,0,0.0239,0
35,34,0,0.1012,0
35,35,0,0.0435,0
35,36,0,0.0263,0
35,37,0,0.0988,0
35,38,1,0.02,0
35,39,0,0.1195,0
35,40,0,0.0177,0
35,41,0,0.0241,0
35,42,0,0.079,0
35,43,1,0.0876,0
35,44,2,0.3511,0
35,45,0,0.1321,0
35,46,0,0.0422,0
35,47,0,0.0096,0
35,48,0,0.0252,0
35,49,0,0.0663,0
35,50,3,0.2952,0
35,51,2,0.2305,0
35,52,0,0.0258,0
35,53,2,0.372,0
35,54,0,0.0296,1
35,55,0,0.0955,0
35,56,0,0.1512,0
35,57,0,0.0065,0
35,58,0,0.041,0
35,59,0,0.0861,0
36,0,0,0.0276,0
36,1,3,0.6791,0
36,2,0,0.0296,0
36,3,0,0.0168,0
36,4,0,0.0097,0
36,5,0,0.0757,0
36,6,3,0.4634,0
36,7,0,0.0052,0
36,8,0,0.0783,0
36,9,1,0.1044,0
36,10,0,0.1416,0
36,11,0,0.0636,1
36,12,0,0.0727,0
36,13,0,0.0707,0
36,14,2,0.127,0
36,15,0,0.0839,0
36,16,0,0.0148,0
36,17,0,0.0615,0
36,18,0,0.0055,0
36,19,0,0.0414,0
36,20,0,0.005,0
36,21,0,0.0705,0
36,22,1,0.2317,0
36,23,0,0.1004,0
36,24,0,0.0604,0
36,25,0,0.0176,0
36,26,0,0.0748,0
36,27,1,0.1176,0
36,28,0,0.0831,1
36,29,0,0.0059,0
36,30,0,0.037,0
36,31,0,0.0964,0
36,32,1,0.2196,0
36,33,0,0.0239,0
36,34,3,0.7925,0
36,35,0,0.0435,0
36,36,0,0.0263,0
36,37,0,0.0988,0
36,38,0,0.0043,0
36,39,2,0.5554,1
36,40,0,0.0177,0
36,41,0,0.0386,0
36,42,0,0.079,1
36,43,0,0.0078,0
36,44,0,0.043,0
36,45,0,0.1321,0
36,46,0,0.0422,0
36,47,0,0.0096,0
36,48,0,0.0252,0
36,49,0,0.0663,0
36,50,0,0.0041,0
36,51,0,0.0048,0
36,52,1,0.1189,0
36,53,0,0.0588,0
36,54,0,0.0296,0
36,55,0,0.0955,0
36,56,0,0.1512,0
36,57,0,0.0065,0
36,58,0,0.041,0
36,59,0,0.0861,0
37,0,1,0.1292,0
37,1,0,0.0599,0
37,2,0,0.0296,0
37,3,2,0.2499,0
37,4,0,0.0097,0
37,5,1,0.2096,1
37,6,0,0.0126,0
37,7,0,0.0052,0
37,8,1,0.2161,0
37,9,0,0.0205,0
37,10,0,0.1416,0
37,11,0,0.0636,0
37,12,0,0.0727,0
37,13,0,0.0707,0
37,14,0,0.0057,0
37,15,0,0.0839,0
37,16,0,0.0148,0
37,17,2,0.3757,0
37,18,2,0.2273,1
37,19,0,0.0414,0
37,20,0,0.005,0
37,21,1,0.1931,0
37,22,0,0.0869,0
37,23,0,0.1004,0
37,24,0,0.0604,0
37,25,2,0.2569,1
37,26,0,0.0748,0
37,27,0,0.0299,0
37,28,0,0.0831,0
37,29,0,0.0059,0
37,30,0,0.037,0
37,31,3,0.7096,1
37,32,0,0.0618,1
37,33,0,0.0239,0
37,34,0,0.0822,0
37,35,0,0.0435,0
37,36,0,0.0263,0
37,37,0,0.0988,0
37,38,3,0.3332,0
37,39,0,0.1195,0
37,40,0,0.0177,0
37,41,0,0.0241,0
37,42,0,0.079,0
37,43,2,0.2484,0
37,44,1,0.1528,0
37,45,0,0.1321,0
37,46,0,0.0422,0
37,47,0,0.0096,0
37,48,0,0.0252,0
37,49,0,0.0663,0
37,50,1,0.0077,0
37,51,1,0.0784,0
37,52,0,0.0258,0
37,53,1,0.1721,0
37,54,0,0.0296,0
37,55,0,0.0955,0
37,56,0,0.1512,0
37,57,0,0.0065,0
37,58,0,0.041,0
37,59,0,0.0861,0
38,0,2,0.3177,1
38,1,0,0.0599,0
38,2,3,0.5533,1
38,3,0,0.0168,0
38,4,0,0.0097,0
38,5,0,0.0757,0
38,6,0,0.0126,0
38,7,1,0.0501,0
38,8,0,0.0783,1
38,9,1,0.1044,1
38,10,0,0.1416,0
38,11,0,0.0636,0
38,12,0,0.0727,0
38,13,0,0.0707,1
38,14,0,0.0057,0
38,15,0,0.0839,0
38,16,1,0.0974,0
38,17,0,0.0615,0
38,18,0,0.0055,0
38,19,0,0.0414,0
38,20,0,0.005,0
38,21,0,0.0705,0
38,22,0,0.0869,0
38,23,0,0.1004,1
38,24,0,0.0604,0
38,25,0,0.0176,0
38,26,1,0.2031,0
38,27,0,0.0299,0
38,28,0,0.0831,0
38,29,0,0.0059,0
38,30,0,0.037,0
38,31,0,0.0964,0
38,32,0,0.0618,0
38,33,0,0.0239,0
38,34,0,0.0822,0
38,35,0,0.0435,0
38,36,1,0.1321,0
38,37,1,0.2482,0
38,38,0,0.0043,0
38,39,0,0.1195,1
38,40,0,0.0177,0
38,41,0,0.0241,0
38,42,0,0.079,1
38,43,0,0.0078,0
38,44,0,0.043,0
38,45,0,0.1321,0
38,46,0,0.0422,0
38,47,0,0.0096,0
38,48,0,0.0252,0
38,49,0,0.0663,0
38,50,0,0.0041,0
38,51,0,0.0048,0
38,52,0,0.0258,0
38,53,0,0.0588,0
38,54,0,0.0296,0
38,55,0,0.0955,0
38,56,0,0.1512,0
38,57,0,0.0065,0
38,58,1,0.142,0
38,59,0,0.0861,0
39,0,2,0.3177,0
39,1,0,0.0599,0
39,2,0,0.0296,0
39,3,0,0.0168,0
39,4,0,0.0097,0
39,5,0,0.0757,0
39,6,0,0.0126,0
39,7,0,0.0052,0
39,8,0,0.0783,0
39,9,0,0.0205,0
39,10,1,0.3249,0
39,11,1,0.1841,0
39,12,1,0.1984,0
39,13,1,0.2038,0
39,14,0,0.0057,0
39,15,1,0.2208,0
39,16,0,0.0148,0
39,17,1,0.1755,0
39,18,1,0.072,0
39,19,2,0.3226,1
39,20,0,0.005,0
39,21,0,0.0705,0
39,22,0,0.0869,0
39,23,0,0.1004,0
39,24,0,0.0604,0
39,25,3,0.5075,0
39,26,0,0.0748,0
39,27,0,0.0299,0
39,28,2,0.4587,0
39,29,0,0.0059,0
39,30,2,0.3055,0
39,31,1,0.2496,1
39,32,1,0.1843,1
39,33,1,0.1226,0
39,34,0,0.0822,0
39,35,0,0.0435,0
39,36,0,0.0263,0
39,37,0,0.0988,0
39,38,0,0.0043,0
39,39,0,0.1195,0
39,40,0,0.0177,0
39,41,2,0.2827,0
39,42,0,0.079,0
39,43,0,0.0078,0
39,44,0,0.043,0
39,45,0,0.1321,1
39,46,1,0.1537,0
39,47,3,0.47,0
39,48,0,0.0252,0
39,49,1,0.1956,0
39,50,0,0.0041,0
39,51,0,0.0048,0
39,52,0,0.0258,0
39,53,0,0.0588,0
39,54,0,0.0296,0
39,55,0,0.0955,0
39,56,0,0.1512,1
39,57,0,0.0065,0
39,58,0,0.041,0
39,59,0,0.0861,0
40,0,2,0.3177,0
40,1,0,0.0599,0
40,2,1,0.1166,0
40,3,0,0.0168,0
40,4,0,0.0097,0
40,5,0,0.0757,0
40,6,0,0.0126,0
40,7,3,0.3962,0
40,8,0,0.0783,0
40,9,3,0.5215,0
40,10,0,0.1416,0
40,11,0,0.0636,0
40,12,0,0.0727,0
40,13,0,0.0707,0
40,14,0,0.0057,0
40,15,0,0.0839,1
40,16,3,0.4976,1
40,17,0,0.0615,0
40,18,0,0.0055,0
40,19,0,0.0414,0
40,20,0,0.005,0
40,21,0,0.0705,0
40,22,0,0.0869,0
40,23,0,0.1004,0
40,24,0,0.0604,0
40,25,0,0.0176,0
40,26,3,0.7544,1
40,27,0,0.0299,0
40,28,0,0.0831,0
40,29,0,0.0059,0
40,30,0,0.037,0
40,31,0,0.0964,0
40,32,0,0.0618,0
40,33,0,0.0239,0
40,34,0,0.0822,0
40,35,0,0.0435,0
40,36,3,0.516,0
40,37,3,0.8201,1
40,38,0,0.0043,0
40,39,0,0.1195,0
40,40,0,0.0177,0
40,41,0,0.0241,0
40,42,0,0.079,0
40,43,0,0.0078,0
40,44,0,0.043,0
40,45,0,0.1321,0
40,46,0,0.0422,0
40,47,0,0.0096,0
40,48,0,0.0252,0
40,49,0,0.0663,0
40,50,0,0.0041,0
40,51,0,0.0048,0
40,52,0,0.0258,0
40,53,0,0.0588,0
40,54,0,0.0296,0
40,55,0,0.0955,0
40,56,0,0.1512,0
40,57,0,0.0065,0
40,58,3,0.6038,0
40,59,0,0.0861,0
41,0,2,0.3177,0
41,1,0,0.0599,0
41,2,1,0.1166,0
41,3,0,0.0168,0
41,4,0,0.0097,0
41,5,0,0.0757,0
41,6,0,0.0126,0
41,7,3,0.3962,0
41,8,0,0.0783,1
41,9,3,0.5215,0
41,10,0,0.1416,0
41,11,0,0.0636,0
41,12,0,0.0727,0
41,13,0,0.0707,0
41,14,0,0.0057,0
41,15,0,0.0839,0
41,16,3,0.4976,1
41,17,0,0.0615,0
41,18,0,0.0055,0
41,19,0,0.0414,0
41,20,0,0.005,0
41,21,0,0.0705,0
41,22,0,0.0869,0
41,23,0,0.1004,0
41,24,0,0.0604,0
41,25,0,0.0176,0
41,26,3,0.7544,1
41,27,0,0.0299,1
41,28,0,0.0831,0
41,29,0,0.0059,0
41,30,0,0.037,0
41,31,0,0.0964,1
41,32,0,0.0618,0
41,33,0,0.0239,0
41,34,0,0.0822,0
41,35,0,0.0435,0
41,36,3,0.516,1
41,37,3,0.8201,0
41,38,0,0.0043,0
41,39,0,0.1195,0
41,40,0,0.0177,0
41,41,0,0.0241,0
41,42,0,0.079,0
41,43,0,0.0078,0
41,44,0,0.043,1
41,45,0,0.1321,1
41,46,0,0.0422,0
41,47,0,0.0096,0
41,48,0,0.0252,0
41,49,0,0.0663,0
41,50,0,0.0041,0
41,51,0,0.0048,0
41,52,0,0.0258,0
41,53,0,0.0588,0
41,54,0,0.0296,0
41,55,0,0.0955,0
41,56,0,0.1512,1
41,57,0,0.0065,0
41,58,3,0.6038,1
41,59,0,0.0861,1
42,0,1,0.1292,0
42,1,0,0.0599,0
42,2,0,0.0296,0
42,3,0,0.0168,0
42,4,0,0.0097,0
42,5,0,0.0757,0
42,6,0,0.0126,0
42,7,0,0.0052,0
42,8,0,0.0783,0
42,9,0,0.0205,0
42,10,0,0.1416,0
42,11,0,0.0636,1
42,12,0,0.0727,0
42,13,1,0.2038,1
42,14,0,0.0057,0
42,15,0,0.0839,0
42,16,0,0.0148,0
42,17,0,0.0615,0
42,18,0,0.0055,0
42,19,0,0.0414,0
42,20,1,0.0759,0
42,21,0,0.0705,0
42,22,0,0.0869,0
42,23,0,0.1004,0
42,24,3,0.6451,1
42,25,0,0.0176,0
42,26,0,0.0748,0
42,27,0,0.0299,0
42,28,0,0.0831,0
42,29,0,0.0059,0
42,30,0,0.037,0
42,31,0,0.0964,0
42,32,0,0.0618,0
42,33,0,0.0239,0
42,34,0,0.0822,0
42,35,1,0.1442,0
42,36,0,0.0263,0
42,37,0,0.0988,0
42,38,1,0.02,0
42,39,1,0.2862,0
42,40,0,0.0177,0
42,41,0,0.0241,0
42,42,2,0.4365,1
42,43,1,0.0876,0
42,44,0,0.043,0
42,45,0,0.1321,0
42,46,0,0.0422,0
42,47,0,0.0096,0
42,48,1,0.1095,0
42,49,0,0.0663,0
42,50,0,0.0041,0
42,51,0,0.0048,0
42,52,0,0.0258,0
42,53,0,0.0588,0
42,54,2,0.3091,0
42,55,0,0.0955,0
42,56,0,0.1512,0
42,57,0,0.0065,0
42,58,1,0.142,0
42,59,0,0.0861,1
43,0,0,0.0276,0
43,1,0,0.0599,0
43,2,0,0.0296,0
43,3,0,0.0168,0
43,4,0,0.0097,0
43,5,0,0.0757,0
43,6,0,0.0126,0
43,7,0,0.0052,0
43,8,0,0.0783,0
43,9,0,0.0205,0
43,10,3,0.8386,0
43,11,2,0.3946,0
43,12,2,0.4143,0
43,13,2,0.4321,0
43,14,0,0.0057,0
43,15,2,0.4518,0
43,16,0,0.0148,0
43,17,2,0.3757,0
43,18,0,0.0055,0
43,19,0,0.0414,0
43,20,0,0.005,0
43,21,0,0.0705,0
43,22,0,0.0869,0
43,23,0,0.1004,0
43,24,0,0.0604,0
43,25,1,0.0977,1
43,26,0,0.0748,0
43,27,0,0.0299,0
43,28,1,0.2228,0
43,29,0,0.0059,0
43,30,0,0.037,0
43,31,2,0.5032,0
43,32,0,0.0618,0
43,33,3,0.516,0
43,34,0,0.0822,0
43,35,0,0.0435,0
43,36,0,0.0263,0
43,37,0,0.0988,0
43,38,0,0.0043,0
43,39,0,0.1195,0
43,40,0,0.0177,0
43,41,1,0.1126,0
43,42,0,0.079,0
43,43,0,0.0078,0
43,44,0,0.043,0
43,45,0,0.1321,0
43,46,1,0.1537,0
43,47,0,0.0096,0
43,48,0,0.0252,0
43,49,0,0.0663,0
43,50,0,0.0041,0
43,51,0,0.0048,0
43,52,0,0.0258,0
43,53,0,0.0588,0
43,54,0,0.0296,0
43,55,0,0.0955,0
43,56,0,0.1512,0
43,57,0,0.0065,0
43,58,0,0.041,0
43,59,0,0.0861,0
44,0,1,0.1292,0
44,1,0,0.0599,0
44,2,0,0.0296,0
44,3,1,0.0943,0
44,4,0,0.0097,0
44,5,2,0.4381,0
44,6,0,0.0126,0
44,7,0,0.0052,0
44,8,3,0.6819,0
44,9,0,0.0205,0
44,10,0,0.1416,1
44,11,0,0.0636,0
44,12,0,0.0727,0
44,13,0,0.0707,0
44,14,0,0.0057,0
44,15,0,0.0839,0
44,16,0,0.0148,0
44,17,1,0.1755,0
44,18,1,0.072,0
44,19,0,0.0414,0
44,20,0,0.005,0
44,21,2,0.4556,0
44,22,0,0.0869,1
44,23,0,0.1004,0
44,24,0,0.0604,0
44,25,1,0.0977,0
44,26,0,0.0748,0
44,27,0,0.0299,0
44,28,0,0.0831,0
44,29,0,0.0059,0
44,30,0,0.037,0
44,31,1,0.2496,1
44,32,0,0.0618,0
44,33,0,0.0239,0
44,34,0,0.0822,0
44,35,0,0.0435,0
44,36,0,0.0263,0
44,37,0,0.0988,1
44,38,1,0.02,0
44,39,0,0.1195,0
44,40,0,0.0177,0
44,41,0,0.0241,0
44,42,0,0.079,1
44,43,1,0.0876,0
44,44,2,0.406,1
44,45,0,0.1321,0
44,46,0,0.0422,0
44,47,0,0.0096,0
44,48,0,0.0252,0
44,49,0,0.0663,0
44,50,2,0.11,0
44,51,3,0.4607,0
44,52,0,0.0258,0
44,53,3,0.6817,0
44,54,0,0.0296,0
44,55,0,0.0955,0
44,56,0,0.1512,0
44,57,0,0.0065,0
44,58,0,0.041,0
44,59,0,0.0861,0
45,0,2,0.3177,0
45,1,0,0.0599,0
45,2,0,0.0296,0
45,3,0,0.0168,0
45,4,1,0.0783,0
45,5,0,0.0757,0
45,6,0,0.0126,1
45,7,1,0.0501,0
45,8,0,0.0783,1
45,9,0,0.0205,0
45,10,0,0.1416,0
45,11,0,0.0636,0
45,12,0,0.0727,0
45,13,0,0.0707,0
45,14,0,0.0057,0
45,15,0,0.0839,0
45,16,0,0.0148,0
45,17,0,0.0615,0
45,18,0,0.0055,0
45,19,1,0.1403,0
45,20,0,0.005,0
45,21,0,0.0705,0
45,22,0,0.0869,0
45,23,0,0.1004,0
45,24,0,0.0604,0
45,25,0,0.0176,0
45,26,0,0.0748,1
45,27,0,0.0299,0
45,28,0,0.0831,0
45,29,1,0.0101,0
45,30,0,0.037,0
45,31,0,0.0964,0
45,32,0,0.0618,0
45,33,0,0.0239,0
45,34,0,0.0822,0
45,35,0,0.0435,0
45,36,0,0.0263,0
45,37,0,0.0988,0
45,38,0,0.0043,0
45,39,0,0.1195,0
45,40,2,0.2912,1
45,41,0,0.0241,0
45,42,2,0.4365,1
45,43,0,0.0078,0
45,44,0,0.043,0
45,45,0,0.1321,0
45,46,0,0.0422,0
45,47,0,0.0096,0
45,48,0,0.0252,0
45,49,0,0.0663,0
45,50,0,0.0041,0
45,51,0,0.0048,0
45,52,1,0.1189,0
45,53,1,0.1721,0
45,54,0,0.0296,0
45,55,2,0.485,0
45,56,0,0.1512,1
45,57,1,0.0651,0
45,58,0,0.041,0
45,59,0,0.0861,0
46,0,2,0.3177,1
46,1,0,0.0599,0
46,2,0,0.0296,0
46,3,0,0.0168,0
46,4,1,0.0783,0
46,5,0,0.0757,0
46,6,0,0.0126,0
46,7,1,0.0768,0
46,8,0,0.0783,0
46,9,0,0.0205,0
46,10,0,0.1416,0
46,11,0,0.0636,0
46,12,0,0.0727,0
46,13,0,0.0707,0
46,14,0,0.0057,0
46,15,0,0.0839,0
46,16,0,0.0148,0
46,17,0,0.0615,0
46,18,0,0.0055,0
46,19,1,0.1403,0
46,20,0,0.005,0
46,21,0,0.0705,0
46,22,0,0.0869,0
46,23,0,0.1004,0
46,24,0,0.0604,0
46,25,0,0.0176,0
46,26,0,0.0748,1
46,27,0,0.0299,0
46,28,0,0.0831,0
46,29,1,0.0101,0
46,30,0,0.037,0
46,31,0,0.0964,0
46,32,0,0.0618,0
46,33,0,0.0239,0
46,34,0,0.0822,0
46,35,0,0.0435,0
46,36,0,0.0263,0
46,37,0,0.0988,0
46,38,0,0.0043,0
46,39,0,0.1195,1
46,40,2,0.2912,1
46,41,0,0.0241,0
46,42,2,0.4929,0
46,43,0,0.0078,0
46,44,0,0.043,0
46,45,0,0.1321,0
46,46,0,0.0422,0
46,47,0,0.0096,0
46,48,0,0.0252,0
46,49,0,0.0663,0
46,50,0,0.0041,0
46,51,0,0.0048,0
46,52,1,0.1189,0
46,53,1,0.1721,0
46,54,0,0.0296,0
46,55,2,0.485,0
46,56,0,0.1512,0
46,57,1,0.0651,0
46,58,0,0.041,0
46,59,0,0.0861,0
47,0,2,0.3177,0
47,1,0,0.0599,0
47,2,0,0.0296,0
47,3,0,0.0168,0
47,4,0,0.0097,1
47,5,0,0.0757,0
47,6,0,0.0126,0
47,7,0,0.0052,0
47,8,0,0.0783,0
47,9,0,0.0205,0
47,10,0,0.1416,0
47,11,0,0.0636,0
47,12,0,0.0727,1
47,13,0,0.0707,0
47,14,0,0.0057,0
47,15,0,0.0839,0
47,16,0,0.0148,0
47,17,0,0.0615,0
47,18,1,0.072,0
47,19,2,0.3226,0
47,20,0,0.005,0
47,21,0,0.0705,0
47,22,0,0.0869,0
47,23,0,0.1004,0
47,24,0,0.0604,0
47,25,1,0.0977,0
47,26,0,0.0748,0
47,27,0,0.0299,0
47,28,0,0.0831,0
47,29,0,0.0059,0
47,30,2,0.3055,1
47,31,0,0.0964,0
47,32,1,0.1843,0
47,33,1,0.1226,0
47,34,0,0.0822,0
47,35,0,0.0435,0
47,36,0,0.0263,0
47,37,0,0.0988,0
47,38,0,0.0043,0
47,39,0,0.1195,0
47,40,0,0.0177,0
47,41,0,0.0241,0
47,42,0,0.079,0
47,43,0,0.0078,0
47,44,0,0.043,0
47,45,0,0.1321,0
47,46,1,0.1537,0
47,47,3,0.47,1
47,48,0,0.0252,0
47,49,1,0.1956,0
47,50,0,0.0041,0
47,51,0,0.0048,0
47,52,0,0.0258,0
47,53,0,0.0588,0
47,54,0,0.0296,0
47,55,0,0.0955,0
47,56,0,0.1512,0
47,57,0,0.0065,0
47,58,0,0.041,0
47,59,0,0.0861,0
48,0,1,0.1292,0
48,1,0,0.0599,0
48,2,0,0.0296,1
48,3,0,0.0168,0
48,4,0,0.0097,0
48,5,0,0.0757,0
48,6,0,0.0126,0
48,7,0,0.0052,0
48,8,0,0.0783,0
48,9,0,0.0205,0
48,10,0,0.1416,0
48,11,0,0.0636,0
48,12,0,0.0727,1
48,13,0,0.0707,0
48,14,0,0.0057,0
48,15,0,0.0839,0
48,16,0,0.0148,0
48,17,0,0.0615,0
48,18,0,0.0055,0
48,19,0,0.0414,0
48,20,0,0.005,0
48,21,0,0.0705,0
48,22,0,0.0869,0
48,23,1,0.2534,0
48,24,3,0.6451,0
48,25,0,0.0176,0
48,26,0,0.0748,0
48,27,1,0.1176,0
48,28,0,0.0831,0
48,29,0,0.0059,0
48,30,1,0.1305,0
48,31,0,0.0964,0
48,32,1,0.1843,0
48,33,0,0.0239,0
48,34,1,0.2162,0
48,35,0,0.0435,0
48,36,0,0.0263,0
48,37,1,0.2482,0
48,38,0,0.0043,0
48,39,0,0.1195,0
48,40,2,0.2912,1
48,41,0,0.0241,0
48,42,2,0.4365,0
48,43,0,0.0078,0
48,44,2,0.3511,0
48,45,1,0.3096,0
48,46,0,0.0422,0
48,47,0,0.0096,0
48,48,0,0.0252,0
48,49,1,0.1956,0
48,50,0,0.0041,0
48,51,0,0.0048,0
48,52,0,0.0258,0
48,53,0,0.0588,0
48,54,0,0.0296,0
48,55,0,0.0955,0
48,56,1,0.3419,0
48,57,2,0.2268,0
48,58,0,0.041,0
48,59,1,0.2256,1
49,0,1,0.1292,0
49,1,0,0.0599,0
49,2,0,0.0296,0
49,3,0,0.0168,0
49,4,0,0.0097,0
49,5,0,0.0757,1
49,6,0,0.0126,0
49,7,0,0.0052,0
49,8,0,0.0783,0
49,9,0,0.0205,0
49,10,0,0.1416,0
49,11,0,0.0636,0
49,12,0,0.0727,0
49,13,0,0.0707,0
49,14,0,0.0057,0
49,15,0,0.0839,0
49,16,0,0.0148,0
49,17,0,0.0615,0
49,18,0,0.0055,0
49,19,0,0.0414,0
49,20,0,0.005,0
49,21,0,0.0705,0
49,22,0,0.0869,0
49,23,1,0.2534,1
49,24,2,0.3959,1
49,25,0,0.0176,0
49,26,0,0.0748,0
49,27,2,0.2855,0
49,28,0,0.0831,0
49,29,0,0.0059,0
49,30,1,0.1305,1
49,31,0,0.0964,0
49,32,1,0.1843,1
49,33,0,0.0239,0
49,34,1,0.2162,1
49,35,0,0.0435,0
49,36,0,0.0263,0
49,37,1,0.2482,0
49,38,0,0.0043,0
49,39,0,0.1195,0
49,40,2,0.2912,0
49,41,0,0.0241,0
49,42,1,0.2114,0
49,43,0,0.0078,0
49,44,3,0.5805,0
49,45,1,0.3096,0
49,46,0,0.0422,0
49,47,0,0.0096,0
49,48,0,0.0252,0
49,49,2,0.419,0
49,50,0,0.0041,0
49,51,0,0.0048,0
49,52,0,0.0258,0
49,53,0,0.0588,0
49,54,0,0.0296,0
49,55,0,0.0955,0
49,56,1,0.3419,0
49,57,3,0.4055,1
49,58,0,0.041,0
49,59,1,0.2256,1
50,0,2,0.3177,0
50,1,0,0.0599,0
50,2,0,0.0296,0
50,3,0,0.0168,0
50,4,0,0.0097,0
50,5,0,0.0757,0
50,6,0,0.0126,0
50,7,0,0.0052,0
50,8,0,0.0783,0
50,9,0,0.0205,0
50,10,0,0.1416,0
50,11,0,0.0636,0
50,12,0,0.0727,0
50,13,0,0.0707,0
50,14,0,0.0057,0
50,15,0,0.0839,0
50,16,0,0.0148,0
50,17,0,0.0615,0
50,18,3,0.4331,1
50,19,1,0.1403,0
50,20,0,0.005,0
50,21,0,0.0705,0
50,22,0,0.0869,0
50,23,0,0.1004,0
50,24,0,0.0604,0
50,25,2,0.2569,0
50,26,0,0.0748,0
50,27,0,0.0299,0
50,28,0,0.0831,0
50,29,0,0.0059,0
50,30,1,0.1305,0
50,31,0,0.0964,0
50,32,1,0.1843,0
50,33,3,0.516,1
50,34,0,0.0822,0
50,35,0,0.0435,0
50,36,0,0.0263,0
50,37,0,0.0988,0
50,38,0,0.0043,0
50,39,0,0.1195,0
50,40,0,0.0177,0
50,41,0,0.0241,0
50,42,0,0.079,1
50,43,0,0.0078,0
50,44,0,0.043,0
50,45,0,0.1321,1
50,46,2,0.3546,0
50,47,1,0.1023,0
50,48,0,0.0252,0
50,49,2,0.419,0
50,50,0,0.0041,0
50,51,0,0.0048,0
50,52,0,0.0258,0
50,53,0,0.0588,0
50,54,0,0.0296,0
50,55,0,0.0955,0
50,56,0,0.1512,0
50,57,0,0.0065,0
50,58,0,0.041,0
50,59,0,0.0861,0
51,0,2,0.3177,0
51,1,0,0.0599,1
51,2,1,0.1166,0
51,3,0,0.0168,0
51,4,0,0.0097,0
51,5,0,0.0757,0
51,6,0,0.0126,0
51,7,3,0.3962,0
51,8,0,0.0783,0
51,9,3,0.5215,1
51,10,0,0.1416,0
51,11,0,0.0636,0
51,12,0,0.0727,0
51,13,0,0.0707,0
51,14,0,0.0057,0
51,15,0,0.0839,1
51,16,3,0.4976,0
51,17,0,0.0615,0
51,18,0,0.0055,0
51,19,0,0.0414,0
51,20,0,0.005,0
51,21,0,0.0705,0
51,22,0,0.0869,0
51,23,0,0.1004,1
51,24,0,0.0604,0
51,25,0,0.0176,0
51,26,3,0.7544,1
51,27,0,0.0299,0
51,28,0,0.0831,0
51,29,0,0.0059,0
51,30,0,0.037,0
51,31,0,0.0964,0
51,32,0,0.0618,0
51,33,0,0.0239,0
51,34,0,0.0822,0
51,35,0,0.0435,0
51,36,3,0.516,0
51,37,3,0.8201,1
51,38,0,0.0043,0
51,39,0,0.1195,0
51,40,0,0.0177,0
51,41,0,0.0241,0
51,42,0,0.079,1
51,43,0,0.0078,0
51,44,0,0.043,0
51,45,0,0.1321,0
51,46,0,0.0422,0
51,47,0,0.0096,0
51,48,0,0.0252,0
51,49,0,0.0663,0
51,50,0,0.0041,0
51,51,0,0.0048,0
51,52,0,0.0258,0
51,53,0,0.0588,0
51,54,0,0.0296,0
51,55,0,0.0955,0
51,56,0,0.1512,0
51,57,0,0.0065,0
51,58,3,0.6038,1
51,59,0,0.106,0
52,0,1,0.1292,0
52,1,0,0.0599,1
52,2,0,0.0296,0
52,3,1,0.0943,0
52,4,0,0.0097,0
52,5,2,0.4381,1
52,6,0,0.0126,0
52,7,0,0.0052,0
52,8,3,0.6819,1
52,9,0,0.0205,0
52,10,0,0.1416,0
52,11,0,0.0636,0
52,12,0,0.0727,0
52,13,0,0.0707,0
52,14,0,0.0057,0
52,15,0,0.0839,0
52,16,0,0.0148,0
52,17,1,0.1755,0
52,18,1,0.072,0
52,19,0,0.0414,0
52,20,0,0.005,0
52,21,2,0.4042,0
52,22,0,0.0869,0
52,23,0,0.1004,0
52,24,0,0.0604,0
52,25,1,0.0977,0
52,26,0,0.0748,0
52,27,0,0.0299,0
52,28,0,0.0831,0
52,29,0,0.0059,0
52,30,0,0.037,0
52,31,1,0.2496,0
52,32,0,0.0618,0
52,33,0,0.0239,0
52,34,0,0.0822,0
52,35,0,0.0435,0
52,36,0,0.0263,0
52,37,0,0.0988,0
52,38,1,0.02,0
52,39,0,0.1195,0
52,40,0,0.0177,0
52,41,0,0.0241,0
52,42,0,0.079,0
52,43,1,0.0876,1
52,44,2,0.3511,0
52,45,0,0.1321,0
52,46,0,0.0422,0
52,47,0,0.0096,0
52,48,0,0.0252,0
52,49,0,0.0663,0
52,50,2,0.11,0
52,51,3,0.4607,0
52,52,0,0.0258,0
52,53,3,0.6817,1
52,54,0,0.0296,0
52,55,0,0.0955,0
52,56,0,0.1512,0
52,57,0,0.0065,0
52,58,0,0.041,0
52,59,0,0.0861,1
53,0,2,0.3177,0
53,1,0,0.0599,0
53,2,0,0.0296,0
53,3,0,0.0168,0
53,4,0,0.0097,0
53,5,0,0.0757,0
53,6,0,0.0126,0
53,7,0,0.0052,0
53,8,0,0.0783,0
53,9,0,0.0205,0
53,10,0,0.1416,1
53,11,0,0.0636,0
53,12,0,0.0727,1
53,13,0,0.0707,0
53,14,0,0.0057,0
53,15,0,0.0839,0
53,16,0,0.0148,0
53,17,0,0.0615,0
53,18,1,0.072,0
53,19,2,0.3226,0
53,20,0,0.005,0
53,21,0,0.0705,0
53,22,0,0.0869,0
53,23,0,0.1004,0
53,24,0,0.0604,0
53,25,1,0.0977,0
53,26,0,0.0748,0
53,27,0,0.0299,0
53,28,0,0.0831,0
53,29,0,0.0059,0
53,30,2,0.3055,1
53,31,0,0.0964,0
53,32,1,0.1843,0
53,33,1,0.1226,0
53,34,0,0.0822,0
53,35,0,0.0435,0
53,36,0,0.0263,0
53,37,0,0.0988,0
53,38,0,0.0043,0
53,39,0,0.1195,0
53,40,0,0.0177,0
53,41,0,0.0241,0
53,42,0,0.079,0
53,43,0,0.0078,0
53,44,0,0.043,0
53,45,0,0.1321,0
53,46,1,0.1537,1
53,47,3,0.47,1
53,48,0,0.0252,0
53,49,1,0.1956,0
53,50,0,0.0041,0
53,51,0,0.0048,0
53,52,0,0.0258,0
53,53,0,0.0588,0
53,54,0,0.0296,0
53,55,0,0.0955,0
53,56,0,0.1512,0
53,57,0,0.0065,0
53,58,0,0.041,0
53,59,0,0.0861,0
54,0,1,0.1292,0
54,1,0,0.0599,0
54,2,0,0.0296,0
54,3,1,0.0943,0
54,4,0,0.0097,0
54,5,3,0.6911,1
54,6,0,0.0126,0
54,7,0,0.0052,1
54,8,2,0.45,0
54,9,0,0.0205,0
54,10,0,0.1416,0
54,11,0,0.0636,0
54,12,0,0.0727,0
54,13,0,0.0707,1
54,14,0,0.0057,0
54,15,0,0.0839,0
54,16,0,0.0148,0
54,17,1,0.1755,0
54,18,1,0.072,0
54,19,0,0.0414,0
54,20,0,0.005,0
54,21,3,0.7271,0
54,22,0,0.0869,1
54,23,0,0.1004,0
54,24,0,0.0604,0
54,25,1,0.0977,0
54,26,0,0.0748,0
54,27,0,0.0299,0
54,28,0,0.0831,0
54,29,0,0.0059,0
54,30,0,0.037,1
54,31,1,0.2496,1
54,32,0,0.0618,0
54,33,0,0.0239,0
54,34,0,0.0822,0
54,35,0,0.0435,0
54,36,0,0.0263,0
54,37,0,0.0988,0
54,38,1,0.02,0
54,39,0,0.1195,0
54,40,0,0.0177,0
54,41,0,0.0241,0
54,42,0,0.079,0
54,43,1,0.0876,0
54,44,3,0.5805,1
54,45,0,0.1321,0
54,46,0,0.0422,0
54,47,0,0.0096,0
54,48,0,0.0252,0
54,49,0,0.0663,1
54,50,3,0.2952,0
54,51,2,0.2305,1
54,52,0,0.0258,0
54,53,2,0.372,0
54,54,0,0.0296,0
54,55,0,0.0955,0
54,56,0,0.1512,0
54,57,0,0.0065,0
54,58,0,0.041,0
54,59,0,0.0861,0
55,0,1,0.1292,0
55,1,0,0.0599,0
55,2,0,0.0296,0
55,3,0,0.0168,0
55,4,0,0.0097,0
55,5,0,0.0757,0
55,6,0,0.0126,1
55,7,0,0.0052,0
55,8,0,0.0783,0
55,9,0,0.0205,0
55,10,0,0.1416,0
55,11,0,0.0636,0
55,12,0,0.0727,0
55,13,0,0.0707,0
55,14,0,0.0057,0
55,15,0,0.0839,0
55,16,0,0.0148,0
55,17,0,0.0615,0
55,18,0,0.0055,0
55,19,0,0.0414,0
55,20,0,0.005,0
55,21,0,0.0705,0
55,22,0,0.0869,0
55,23,1,0.2534,0
55,24,2,0.3959,0
55,25,0,0.0176,0
55,26,0,0.0748,0
55,27,2,0.2855,1
55,28,0,0.0831,0
55,29,0,0.0059,0
55,30,1,0.1305,0
55,31,0,0.0964,0
55,32,1,0.1843,1
55,33,0,0.0239,0
55,34,1,0.2162,1
55,35,0,0.0435,0
55,36,0,0.0263,0
55,37,1,0.2482,0
55,38,0,0.0043,0
55,39,0,0.1195,0
55,40,2,0.2912,0
55,41,0,0.0241,0
55,42,1,0.2114,1
55,43,0,0.0078,0
55,44,3,0.5805,0
55,45,1,0.3096,0
55,46,0,0.0422,0
55,47,0,0.0096,0
55,48,0,0.0252,0
55,49,2,0.419,0
55,50,0,0.0041,0
55,51,0,0.0048,0
55,52,0,0.0258,0
55,53,0,0.0588,0
55,54,0,0.0296,0
55,55,0,0.0955,1
55,56,1,0.3419,0
55,57,3,0.4055,0
55,58,0,0.041,0
55,59,1,0.2256,1
56,0,2,0.3177,0
56,1,0,0.0599,0
56,2,0,0.0296,0
56,3,0,0.0168,0
56,4,0,0.0097,0
56,5,0,0.0757,0
56,6,0,0.0126,0
56,7,0,0.0052,0
56,8,0,0.0783,0
56,9,0,0.0205,0
56,10,0,0.1416,0
56,11,0,0.0636,0
56,12,0,0.0727,0
56,13,2,0.4321,0
56,14,0,0.0057,0
56,15,0,0.0839,1
56,16,0,0.0148,0
56,17,0,0.0615,0
56,18,0,0.0055,0
56,19,0,0.0414,0
56,20,3,0.4515,0
56,21,0,0.0705,0
56,22,0,0.0869,0
56,23,0,0.1004,0
56,24,1,0.1824,0
56,25,0,0.0176,0
56,26,0,0.0748,0
56,27,0,0.0299,0
56,28,0,0.0831,0
56,29,0,0.0059,0
56,30,0,0.037,0
56,31,0,0.0964,1
56,32,0,0.0618,0
56,33,0,0.0239,0
56,34,0,0.0822,0
56,35,3,0.6155,0
56,36,0,0.0263,0
56,37,0,0.0988,0
56,38,2,0.133,0
56,39,1,0.2862,0
56,40,0,0.0177,0
56,41,0,0.0241,0
56,42,1,0.2114,1
56,43,2,0.2484,0
56,44,0,0.043,0
56,45,0,0.1321,0
56,46,0,0.0608,0
56,47,0,0.0096,0
56,48,2,0.2728,0
56,49,0,0.0663,0
56,50,0,0.0041,0
56,51,0,0.0048,0
56,52,0,0.0258,0
56,53,0,0.0588,0
56,54,1,0.1269,0
56,55,0,0.0955,0
56,56,0,0.1512,0
56,57,0,0.0065,0
56,58,1,0.142,0
56,59,0,0.0861,0
57,0,1,0.1292,0
57,1,0,0.0599,0
57,2,0,0.0296,0
57,3,0,0.0168,0
57,4,0,0.0097,0
57,5,0,0.0757,0
57,6,0,0.0126,0
57,7,0,0.0052,0
57,8,0,0.0783,0
57,9,0,0.0205,0
57,10,0,0.1416,0
57,11,0,0.0636,0
57,12,0,0.0727,0
57,13,3,0.6543,0
57,14,0,0.0057,0
57,15,0,0.0839,0
57,16,0,0.0148,0
57,17,0,0.0615,0
57,18,0,0.0055,0
57,19,0,0.0414,0
57,20,2,0.2282,0
57,21,0,0.0705,0
57,22,0,0.0869,0
57,23,0,0.1004,0
57,24,1,0.1824,0
57,25,0,0.0176,0
57,26,0,0.0748,0
57,27,0,0.0299,0
57,28,0,0.0831,0
57,29,0,0.0059,0
57,30,0,0.037,0
57,31,0,0.0964,0
57,32,0,0.0618,0
57,33,0,0.0239,0
57,34,0,0.0822,0
57,35,2,0.3288,1
57,36,0,0.0263,0
57,37,0,0.0988,1
57,38,1,0.02,0
57,39,2,0.5554,1
57,40,0,0.0177,0
57,41,0,0.0241,0
57,42,1,0.2114,0
57,43,3,0.47,0
57,44,0,0.043,0
57,45,0,0.1321,0
57,46,0,0.0422,0
57,47,0,0.0096,0
57,48,3,0.5244,0
57,49,0,0.0663,0
57,50,0,0.0041,0
57,51,0,0.0048,0
57,52,0,0.0258,0
57,53,0,0.0588,0
57,54,1,0.1269,0
57,55,0,0.0955,0
57,56,0,0.1512,0
57,57,0,0.0065,0
57,58,1,0.142,0
57,59,0,0.0861,0
58,0,0,0.0276,0
58,1,3,0.6791,1
58,2,0,0.0296,0
58,3,0,0.0168,0
58,4,0,0.0097,0
58,5,0,0.0757,0
58,6,3,0.4634,1
58,7,0,0.0052,0
58,8,0,0.0783,0
58,9,1,0.1044,0
58,10,0,0.1416,0
58,11,0,0.0636,0
58,12,0,0.0727,0
58,13,0,0.0707,0
58,14,2,0.127,0
58,15,0,0.0839,0
58,16,0,0.0148,0
58,17,0,0.0615,0
58,18,0,0.0055,0
58,19,0,0.0414,0
58,20,0,0.005,0
58,21,0,0.0705,0
58,22,1,0.2317,1
58,23,0,0.1004,0
58,24,0,0.0604,0
58,25,0,0.0176,0
58,26,0,0.0748,0
58,27,1,0.1176,0
58,28,0,0.0831,0
58,29,0,0.0059,0
58,30,0,0.037,0
58,31,0,0.0964,1
58,32,1,0.1843,0
58,33,0,0.0239,0
58,34,3,0.7256,1
58,35,0,0.0435,0
58,36,0,0.0263,0
58,37,0,0.0988,0
58,38,0,0.0043,0
58,39,2,0.5554,0
58,40,0,0.0177,0
58,41,0,0.0241,0
58,42,0,0.079,0
58,43,0,0.0078,0
58,44,0,0.043,0
58,45,0,0.1321,0
58,46,0,0.0422,0
58,47,0,0.0096,0
58,48,0,0.0252,0
58,49,0,0.0663,0
58,50,0,0.0041,0
58,51,0,0.0048,0
58,52,1,0.1189,0
58,53,0,0.0588,0
58,54,0,0.0296,0
58,55,0,0.0955,0
58,56,0,0.1512,0
58,57,0,0.0065,0
58,58,0,0.041,0
58,59,0,0.0861,0
59,0,1,0.1292,0
59,1,0,0.0599,0
59,2,0,0.0296,0
59,3,0,0.0168,0
59,4,0,0.0097,0
59,5,0,0.0757,0
59,6,0,0.0126,0
59,7,0,0.0052,0
59,8,0,0.0783,0
59,9,0,0.0205,0
59,10,0,0.1416,0
59,11,0,0.0636,0
59,12,0,0.0727,0
59,13,1,0.2038,0
59,14,0,0.0057,0
59,15,0,0.0839,0
59,16,0,0.0148,0
59,17,0,0.0615,0
59,18,0,0.0055,0
59,19,0,0.0414,0
59,20,1,0.0759,0
59,21,0,0.0705,0
59,22,0,0.0869,0
59,23,0,0.1004,0
59,24,3,0.6451,1
59,25,0,0.0176,0
59,26,0,0.0748,0
59,27,0,0.0299,0
59,28,0,0.0831,0
59,29,0,0.0059,0
59,30,0,0.037,0
59,31,0,0.0964,0
59,32,0,0.0618,0
59,33,0,0.0239,0
59,34,0,0.0822,0
59,35,1,0.1442,1
59,36,0,0.0263,0
59,37,0,0.0988,1
59,38,1,0.02,0
59,39,1,0.2862,0
59,40,0,0.0177,0
59,41,0,0.0241,0
59,42,2,0.4365,0
59,43,1,0.0876,0
59,44,0,0.043,1
59,45,0,0.1321,0
59,46,0,0.0422,0
59,47,0,0.0096,0
59,48,1,0.1095,0
59,49,0,0.0663,0
59,50,0,0.0041,0
59,51,0,0.0048,0
59,52,0,0.0258,0
59,53,0,0.0588,0
59,54,2,0.3091,0
59,55,0,0.0955,0
59,56,0,0.1512,0
59,57,0,0.0065,0
59,58,1,0.142,0
59,59,0,0.0861,0
60,0,0,0.0276,0
60,1,2,0.3827,0
60,2,0,0.0296,0
60,3,0,0.0168,0
60,4,0,0.0097,0
60,5,0,0.0757,0
60,6,2,0.2238,0
60,7,0,0.0052,0
60,8,0,0.0783,0
60,9,1,0.1044,0
60,10,0,0.1416,0
60,11,0,0.0636,0
60,12,0,0.0727,0
60,13,0,0.0707,0
60,14,3,0.3041,1
60,15,0,0.0839,0
60,16,0,0.0148,0
60,17,0,0.0615,0
60,18,0,0.0055,0
60,19,0,0.0414,0
60,20,0,0.005,0
60,21,0,0.0705,0
60,22,1,0.2317,1
60,23,0,0.1004,0
60,24,0,0.0604,0
60,25,0,0.0176,0
60,26,0,0.0748,0
60,27,1,0.1176,0
60,28,0,0.0831,0
60,29,0,0.0059,0
60,30,0,0.037,0
60,31,0,0.0964,0
60,32,1,0.1843,0
60,33,0,0.0239,0
60,34,2,0.4427,0
60,35,0,0.0435,0
60,36,0,0.0263,0
60,37,0,0.0988,1
60,38,0,0.0043,0
60,39,3,0.7833,1
60,40,0,0.0177,0
60,41,0,0.0241,0
60,42,0,0.079,0
60,43,0,0.0078,0
60,44,0,0.043,0
60,45,0,0.1321,0
60,46,0,0.0422,0
60,47,0,0.0096,0
60,48,0,0.0252,0
60,49,0,0.0663,0
60,50,0,0.0041,0
60,51,0,0.0048,0
60,52,1,0.1189,0
60,53,0,0.0588,0
60,54,0,0.0296,0
60,55,0,0.0955,0
60,56,0,0.1512,1
60,57,0,0.0065,0
60,58,0,0.041,0
60,59,0,0.0861,0
61,0,1,0.1292,0
61,1,0,0.0599,1
61,2,0,0.0296,0
61,3,0,0.0168,0
61,4,3,0.4628,0
61,5,0,0.0757,0
61,6,0,0.0126,0
61,7,2,0.1891,0
61,8,0,0.0783,0
61,9,0,0.0205,0
61,10,0,0.1416,0
61,11,0,0.0636,0
61,12,0,0.0727,1
61,13,0,0.0707,0
61,14,0,0.0057,0
61,15,0,0.0839,0
61,16,0,0.0148,0
61,17,0,0.0615,0
61,18,0,0.0055,0
61,19,2,0.3226,0
61,20,0,0.005,0
61,21,0,0.0705,0
61,22,0,0.0869,0
61,23,0,0.1004,0
61,24,0,0.0604,0
61,25,0,0.0176,0
61,26,0,0.0748,0
61,27,0,0.0299,0
61,28,0,0.0831,0
61,29,2,0.1303,0
61,30,0,0.037,0
61,31,0,0.0964,0
61,32,0,0.0618,0
61,33,0,0.0239,0
61,34,0,0.0822,1
61,35,0,0.0435,0
61,36,0,0.0263,0
61,37,0,0.0988,1
61,38,0,0.0043,0
61,39,0,0.1195,0
61,40,1,0.1115,0
61,41,0,0.0241,0
61,42,1,0.2114,0
61,43,0,0.0078,0
61,44,0,0.043,0
61,45,0,0.1321,0
61,46,0,0.0422,0
61,47,0,0.0096,0
61,48,0,0.0252,0
61,49,0,0.0663,0
61,50,0,0.0041,0
61,51,0,0.0048,0
61,52,3,0.5345,1
61,53,3,0.6817,1
61,54,0,0.0296,0
61,55,1,0.242,0
61,56,0,0.1512,0
61,57,3,0.4055,1
61,58,0,0.041,0
61,59,0,0.0861,0
62,0,1,0.1292,0
62,1,0,0.0599,0
62,2,0,0.0296,0
62,3,0,0.0168,0
62,4,0,0.0097,0
62,5,0,0.0757,1
62,6,0,0.0126,0
62,7,0,0.0052,0
62,8,0,0.0783,0
62,9,0,0.0205,0
62,10,0,0.1416,0
62,11,0,0.0636,0
62,12,0,0.0727,0
62,13,0,0.0707,0
62,14,0,0.0057,0
62,15,0,0.0839,0
62,16,0,0.0148,0
62,17,0,0.0615,0
62,18,0,0.0055,0
62,19,0,0.0414,0
62,20,0,0.005,0
62,21,0,0.0705,0
62,22,0,0.0869,0
62,23,1,0.2534,0
62,24,3,0.6451,1
62,25,0,0.0176,0
62,26,0,0.0748,0
62,27,1,0.1176,0
62,28,0,0.0831,0
62,29,0,0.0059,0
62,30,1,0.1305,0
62,31,0,0.0964,0
62,32,1,0.1843,0
62,33,0,0.0239,0
62,34,1,0.2162,0
62,35,0,0.0435,0
62,36,0,0.0263,0
62,37,1,0.2482,0
62,38,0,0.0043,0
62,39,0,0.1195,0
62,40,2,0.2912,0
62,41,0,0.0241,0
62,42,2,0.4365,0
62,43,0,0.0078,0
62,44,2,0.3511,0
62,45,1,0.3096,0
62,46,0,0.0422,0
62,47,0,0.0096,0
62,48,0,0.0252,0
62,49,1,0.1956,1
62,50,0,0.0041,0
62,51,0,0.0048,1
62,52,0,0.0258,0
62,53,0,0.0588,0
62,54,0,0.0296,0
62,55,0,0.0955,1
62,56,1,0.3419,1
62,57,2,0.2268,0
62,58,0,0.041,0
62,59,1,0.2256,0
63,0,1,0.1292,1
63,1,0,0.0599,0
63,2,0,0.0296,0
63,3,0,0.0168,0
63,4,0,0.0097,0
63,5,0,0.0757,0
63,6,0,0.0126,0
63,7,0,0.0052,0
63,8,0,0.0783,0
63,9,0,0.0205,0
63,10,1,0.3249,0
63,11,1,0.1841,0
63,12,1,0.1984,0
63,13,1,0.2038,1
63,14,0,0.0057,0
63,15,1,0.2208,0
63,16,0,0.0148,0
63,17,1,0.1755,0
63,18,0,0.0055,0
63,19,0,0.0414,0
63,20,1,0.0759,0
63,21,0,0.0705,0
63,22,0,0.0869,0
63,23,0,0.1004,1
63,24,2,0.3959,0
63,25,2,0.2569,0
63,26,0,0.0748,0
63,27,0,0.0299,0
63,28,3,0.7096,1
63,29,0,0.0059,0
63,30,0,0.037,0
63,31,1,0.2496,0
63,32,0,0.0618,0
63,33,1,0.1226,0
63,34,0,0.0822,0
63,35,1,0.1442,0
63,36,0,0.0263,0
63,37,0,0.0988,0
63,38,1,0.02,0
63,39,1,0.2862,0
63,40,0,0.0177,0
63,41,3,0.5268,1
63,42,3,0.7311,1
63,43,1,0.0876,0
63,44,0,0.043,0
63,45,0,0.1321,0
63,46,1,0.1537,0
63,47,0,0.0096,0
63,48,1,0.1095,0
63,49,0,0.0663,0
63,50,0,0.0041,0
63,51,0,0.0048,0
63,52,0,0.0258,0
63,53,0,0.0588,0
63,54,3,0.5437,0
63,55,0,0.0955,0
63,56,0,0.1512,0
63,57,0,0.0065,0
63,58,2,0.3277,1
63,59,0,0.0861,0
64,0,1,0.1292,0
64,1,0,0.0599,0
64,2,0,0.0296,0
64,3,2,0.2499,1
64,4,0,0.0097,0
64,5,1,0.2096,0
64,6,0,0.0126,0
64,7,0,0.0052,0
64,8,1,0.2161,0
64,9,0,0.0205,0
64,10,0,0.1416,0
64,11,0,0.0636,0
64,12,0,0.0727,0
64,13,0,0.0707,0
64,14,0,0.0057,0
64,15,0,0.0839,0
64,16,0,0.0148,0
64,17,2,0.3757,0
64,18,2,0.2273,0
64,19,0,0.0414,0
64,20,0,0.005,0
64,21,1,0.1931,0
64,22,0,0.0869,0
64,23,0,0.1004,0
64,24,0,0.0604,0
64,25,2,0.2569,0
64,26,0,0.0748,0
64,27,0,0.0299,0
64,28,0,0.0831,0
64,29,0,0.0059,0
64,30,0,0.037,0
64,31,3,0.7096,0
64,32,0,0.0618,0
64,33,0,0.0239,0
64,34,0,0.0822,0
64,35,0,0.0435,0
64,36,0,0.0263,0
64,37,0,0.0988,0
64,38,3,0.3332,0
64,39,0,0.1195,0
64,40,0,0.0177,0
64,41,0,0.0241,0
64,42,0,0.079,0
64,43,2,0.2484,0
64,44,1,0.1528,0
64,45,0,0.1321,0
64,46,0,0.0422,0
64,47,0,0.0096,0
64,48,0,0.0252,0
64,49,0,0.0663,0
64,50,1,0.0077,0
64,51,1,0.0784,0
64,52,0,0.0258,0
64,53,1,0.1721,0
64,54,0,0.0296,0
64,55,0,0.0955,0
64,56,0,0.1512,0
64,57,0,0.0065,0
64,58,0,0.041,0
64,59,0,0.0861,1
65,0,2,0.3177,0
65,1,0,0.0599,0
65,2,0,0.0296,0
65,3,0,0.0168,0
65,4,0,0.0097,0
65,5,0,0.0757,0
65,6,0,0.0126,0
65,7,0,0.0052,0
65,8,0,0.0783,0
65,9,0,0.0205,0
65,10,0,0.1416,0
65,11,0,0.0636,0
65,12,0,0.0727,0
65,13,2,0.4321,1
65,14,0,0.0057,0
65,15,0,0.0839,0
65,16,0,0.0148,0
65,17,0,0.0615,0
65,18,0,0.0055,0
65,19,0,0.0414,0
65,20,3,0.4515,0
65,21,0,0.0705,0
65,22,0,0.0869,0
65,23,0,0.1004,0
65,24,1,0.1824,0
65,25,0,0.0176,0
65,26,0,0.0748,0
65,27,0,0.0299,0
65,28,0,0.0831,0
65,29,0,0.0059,0
65,30,0,0.037,1
65,31,0,0.0964,0
65,32,0,0.0618,0
65,33,0,0.0239,0
65,34,0,0.0822,1
65,35,3,0.6155,1
65,36,0,0.0263,0
65,37,0,0.0988,1
65,38,2,0.133,0
65,39,1,0.2862,0
65,40,0,0.0177,0
65,41,0,0.0241,0
65,42,1,0.2114,0
65,43,2,0.2484,0
65,44,0,0.043,0
65,45,0,0.1321,0
65,46,0,0.0422,0
65,47,0,0.0096,0
65,48,2,0.2728,1
65,49,0,0.0663,0
65,50,0,0.0041,0
65,51,0,0.0048,0
65,52,0,0.0258,0
65,53,0,0.0588,0
65,54,1,0.1269,1
65,55,0,0.0955,0
65,56,0,0.1512,0
65,57,0,0.0065,0
65,58,1,0.142,0
65,59,0,0.0861,0
66,0,1,0.1292,0
66,1,0,0.0599,1
66,2,0,0.0296,0
66,3,1,0.0943,0
66,4,0,0.0097,0
66,5,3,0.6911,1
66,6,0,0.0126,0
66,7,0,0.0052,0
66,8,2,0.45,0
66,9,0,0.0205,0
66,10,0,0.1416,0
66,11,0,0.0636,0
66,12,0,0.0727,0
66,13,0,0.0707,0
66,14,0,0.0057,0
66,15,0,0.0839,0
66,16,0,0.0148,0
66,17,1,0.1755,1
66,18,1,0.072,0
66,19,0,0.0414,0
66,20,0,0.005,0
66,21,3,0.7271,1
66,22,0,0.0869,0
66,23,0,0.1004,0
66,24,0,0.0604,0
66,25,1,0.0977,0
66,26,0,0.0748,0
66,27,0,0.0299,0
66,28,0,0.0831,0
66,29,0,0.0059,0
66,30,0,0.037,0
66,31,1,0.2496,1
66,32,0,0.0618,0
66,33,0,0.0239,0
66,34,0,0.0822,0
66,35,0,0.0435,0
66,36,0,0.0263,0
66,37,0,0.0988,0
66,38,1,0.02,0
66,39,0,0.1195,0
66,40,0,0.0177,0
66,41,0,0.0241,0
66,42,0,0.079,0
66,43,1,0.0876,0
66,44,2,0.3511,0
66,45,0,0.1321,0
66,46,0,0.0422,0
66,47,0,0.0096,0
66,48,0,0.0252,1
66,49,0,0.0663,1
66,50,3,0.2952,0
66,51,2,0.2305,0
66,52,0,0.0258,0
66,53,2,0.372,0
66,54,0,0.0296,0
66,55,0,0.0955,0
66,56,0,0.1512,0
66,57,0,0.0065,0
66,58,0,0.041,0
66,59,0,0.0861,0
67,0,2,0.3177,1
67,1,0,0.0599,0
67,2,0,0.0296,0
67,3,0,0.0168,0
67,4,0,0.0097,0
67,5,0,0.0757,1
67,6,0,0.0126,0
67,7,0,0.0052,0
67,8,0,0.0783,0
67,9,0,0.0205,0
67,10,0,0.1416,0
67,11,0,0.0636,1
67,12,0,0.0727,0
67,13,0,0.0707,0
67,14,0,0.0057,0
67,15,0,0.0839,0
67,16,0,0.0148,0
67,17,0,0.0615,0
67,18,0,0.0055,0
67,19,0,0.0414,0
67,20,0,0.005,0
67,21,0,0.0705,0
67,22,0,0.0869,0
67,23,2,0.5058,1
67,24,1,0.1824,0
67,25,0,0.0176,0
67,26,0,0.0748,0
67,27,1,0.1176,0
67,28,0,0.0831,0
67,29,0,0.0059,0
67,30,2,0.3055,0
67,31,0,0.0964,0
67,32,2,0.3983,1
67,33,0,0.0239,0
67,34,2,0.4427,1
67,35,0,0.0435,0
67,36,0,0.0263,0
67,37,3,0.8201,1
67,38,0,0.0043,0
67,39,0,0.1195,0
67,40,1,0.1115,0
67,41,0,0.0241,0
67,42,1,0.2114,0
67,43,0,0.0078,0
67,44,1,0.1528,0
67,45,3,0.8017,1
67,46,0,0.0422,0
67,47,0,0.0096,0
67,48,0,0.0252,0
67,49,1,0.1956,0
67,50,0,0.0041,0
67,51,0,0.0048,0
67,52,0,0.0258,0
67,53,0,0.0588,0
67,54,0,0.0296,0
67,55,0,0.0955,0
67,56,3,0.8386,1
67,57,1,0.0651,1
67,58,0,0.041,0
67,59,3,0.7372,1
68,0,1,0.1292,1
68,1,0,0.0599,0
68,2,0,0.0296,0
68,3,2,0.2499,0
68,4,0,0.0097,0
68,5,1,0.2096,0
68,6,0,0.0126,0
68,7,0,0.0052,0
68,8,1,0.2161,0
68,9,0,0.0205,0
68,10,0,0.1416,0
68,11,0,0.0636,0
68,12,0,0.0727,0
68,13,0,0.0707,0
68,14,0,0.0057,0
68,15,0,0.0839,0
68,16,0,0.0148,0
68,17,2,0.3757,1
68,18,2,0.2273,0
68,19,0,0.0414,0
68,20,0,0.005,0
68,21,1,0.1931,1
68,22,0,0.0869,0
68,23,0,0.1004,0
68,24,0,0.0604,0
68,25,2,0.2569,0
68,26,0,0.0748,0
68,27,0,0.0299,0
68,28,0,0.0831,0
68,29,0,0.0059,0
68,30,0,0.037,0
68,31,3,0.7096,1
68,32,0,0.0618,0
68,33,0,0.0239,0
68,34,0,0.0822,0
68,35,0,0.0435,1
68,36,0,0.0263,0
68,37,0,0.0988,0
68,38,3,0.3332,0
68,39,0,0.1195,0
68,40,0,0.0177,0
68,41,0,0.0241,0
68,42,0,0.079,0
68,43,2,0.2484,1
68,44,1,0.1528,0
68,45,0,0.1321,0
68,46,0,0.0422,0
68,47,0,0.0096,0
68,48,0,0.0252,0
68,49,0,0.0663,0
68,50,1,0.0077,0
68,51,1,0.0784,0
68,52,0,0.0258,0
68,53,1,0.1721,0
68,54,0,0.0296,0
68,55,0,0.0955,0
68,56,0,0.1512,0
68,57,0,0.0065,0
68,58,0,0.041,0
68,59,0,0.0861,0
69,0,2,0.3177,0
69,1,0,0.0599,0
69,2,0,0.0296,1
69,3,0,0.0168,0
69,4,0,0.0097,0
69,5,0,0.0757,0
69,6,0,0.0126,0
69,7,0,0.0052,0
69,8,0,0.0783,0
69,9,0,0.0205,0
69,10,0,0.1416,0
69,11,0,0.0636,0
69,12,0,0.0727,0
69,13,2,0.4321,0
69,14,0,0.0057,0
69,15,0,0.0839,1
69,16,0,0.0148,0
69,17,0,0.0615,0
69,18,0,0.0055,0
69,19,0,0.0414,0
69,20,3,0.4515,1
69,21,0,0.0705,1
69,22,0,0.0869,0
69,23,0,0.1004,0
69,24,1,0.1824,0
69,25,0,0.0176,0
69,26,0,0.0748,1
69,27,0,0.0299,0
69,28,0,0.0831,0
69,29,0,0.0059,0
69,30,0,0.037,0
69,31,0,0.0964,0
69,32,0,0.0618,0
69,33,0,0.0239,0
69,34,0,0.0822,0
69,35,3,0.6155,1
69,36,0,0.0263,0
69,37,0,0.0988,1
69,38,2,0.133,0
69,39,1,0.2862,0
69,40,0,0.0177,0
69,41,0,0.0241,0
69,42,1,0.2114,0
69,43,2,0.2484,0
69,44,0,0.043,0
69,45,0,0.1321,0
69,46,0,0.0422,0
69,47,0,0.0096,0
69,48,2,0.2728,0
69,49,0,0.0663,1
69,50,0,0.0041,0
69,51,0,0.0048,0
69,52,0,0.0258,0
69,53,0,0.0588,0
69,54,1,0.1269,0
69,55,0,0.0955,0
69,56,0,0.1512,0
69,57,0,0.0065,0
69,58,1,0.142,0
69,59,0,0.0861,0
70,0,0,0.0276,0
70,1,0,0.0599,0
70,2,0,0.0296,0
70,3,0,0.0168,0
70,4,0,0.0097,0
70,5,0,0.0757,0
70,6,0,0.0126,0
70,7,0,0.0052,0
70,8,0,0.0783,0
70,9,0,0.0205,0
70,10,2,0.615,0
70,11,3,0.6911,0
70,12,3,0.7925,1
70,13,3,0.6543,0
70,14,0,0.0057,0
70,15,3,0.7733,1
70,16,0,0.0148,0
70,17,3,0.7597,1
70,18,0,0.0055,0
70,19,0,0.0414,0
70,20,0,0.005,0
70,21,0,0.0705,0
70,22,0,0.0869,0
70,23,0,0.1004,0
70,24,0,0.0604,0
70,25,1,0.0977,0
70,26,0,0.0748,0
70,27,0,0.0299,0
70,28,1,0.2228,0
70,29,0,0.0059,0
70,30,0,0.037,0
70,31,3,0.7096,1
70,32,0,0.0618,0
70,33,2,0.3084,0
70,34,0,0.0822,0
70,35,0,0.0435,0
70,36,0,0.0263,0
70,37,0,0.0988,0
70,38,0,0.0043,0
70,39,0,0.1195,0
70,40,0,0.0177,0
70,41,1,0.1126,0
70,42,0,0.079,0
70,43,0,0.0078,1
70,44,0,0.043,0
70,45,0,0.1321,0
70,46,2,0.3546,1
70,47,0,0.0096,0
70,48,0,0.0252,0
70,49,0,0.0663,0
70,50,0,0.0041,0
70,51,0,0.0048,0
70,52,0,0.0258,0
70,53,0,0.0588,1
70,54,0,0.0296,0
70,55,0,0.0955,0
70,56,0,0.1512,0
70,57,0,0.0065,0
70,58,0,0.041,0
70,59,0,0.0861,0
71,0,1,0.1292,0
71,1,0,0.0599,0
71,2,0,0.0296,0
71,3,0,0.0168,0
71,4,2,0.2216,0
71,5,0,0.0757,0
71,6,0,0.0126,0
71,7,3,0.3962,0
71,8,0,0.0783,0
71,9,0,0.0205,0
71,10,0,0.1416,0
71,11,0,0.0636,0
71,12,0,0.0727,0
71,13,0,0.0707,0
71,14,0,0.0057,0
71,15,0,0.0839,0
71,16,0,0.0148,0
71,17,0,0.0615,1
71,18,0,0.0055,0
71,19,1,0.1403,1
71,20,0,0.005,0
71,21,0,0.0705,1
71,22,0,0.0869,0
71,23,0,0.1004,0
71,24,0,0.0604,0
71,25,0,0.0176,0
71,26,0,0.0748,0
71,27,0,0.0299,0
71,28,0,0.0831,0
71,29,3,0.3041,0
71,30,0,0.037,0
71,31,0,0.0964,0
71,32,0,0.0618,1
71,33,0,0.0239,0
71,34,0,0.0822,0
71,35,0,0.0435,0
71,36,0,0.0263,0
71,37,0,0.0988,0
71,38,0,0.0043,0
71,39,0,0.1195,0
71,40,1,0.1115,0
71,41,0,0.0241,0
71,42,1,0.2114,1
71,43,0,0.0078,0
71,44,0,0.043,0
71,45,0,0.1321,1
71,46,0,0.0422,0
71,47,0,0.0096,0
71,48,0,0.0252,0
71,49,0,0.0663,0
71,50,0,0.0041,0
71,51,0,0.0048,0
71,52,2,0.2962,0
71,53,2,0.372,0
71,54,0,0.0296,0
71,55,1,0.242,1
71,56,0,0.1512,1
71,57,2,0.2268,0
71,58,0,0.041,0
71,59,0,0.0861,0
72,0,1,0.1292,0
72,1,0,0.0599,0
72,2,0,0.0296,0
72,3,0,0.0168,0
72,4,0,0.0097,0
72,5,0,0.0757,0
72,6,0,0.0126,0
72,7,0,0.0052,0
72,8,0,0.0783,0
72,9,0,0.0205,0
72,10,0,0.1416,0
72,11,0,0.0636,0
72,12,0,0.0727,0
72,13,0,0.0707,0
72,14,0,0.0057,0
72,15,0,0.0839,0
72,16,0,0.0148,0
72,17,0,0.0615,0
72,18,0,0.0055,0
72,19,0,0.0414,0
72,20,0,0.005,0
72,21,0,0.0705,0
72,22,0,0.0869,0
72,23,1,0.2534,0
72,24,3,0.6451,1
72,25,0,0.0176,0
72,26,0,0.0748,0
72,27,1,0.1176,0
72,28,0,0.0831,0
72,29,0,0.0059,0
72,30,1,0.1305,0
72,31,0,0.0964,0
72,32,1,0.1843,0
72,33,0,0.0239,0
72,34,1,0.2162,1
72,35,0,0.0435,0
72,36,0,0.0263,0
72,37,1,0.2482,1
72,38,0,0.0043,0
72,39,0,0.1195,0
72,40,2,0.2912,0
72,41,0,0.0241,0
72,42,2,0.4365,1
72,43,0,0.0078,0
72,44,2,0.3511,0
72,45,1,0.3096,0
72,46,0,0.0422,0
72,47,0,0.0096,0
72,48,0,0.0252,0
72,49,1,0.1956,0
72,50,0,0.0041,0
72,51,0,0.0048,0
72,52,0,0.0258,0
72,53,0,0.0588,0
72,54,0,0.0296,0
72,55,0,0.0955,0
72,56,1,0.3419,0
72,57,2,0.2268,0
72,58,0,0.041,1
72,59,1,0.2256,0
73,0,1,0.1292,0
73,1,0,0.0599,0
73,2,0,0.0296,0
73,3,1,0.0943,0
73,4,0,0.0097,0
73,5,3,0.6911,1
73,6,0,0.0126,0
73,7,0,0.0052,0
73,8,2,0.45,0
73,9,0,0.0205,0
73,10,0,0.1416,0
73,11,0,0.0636,0
73,12,0,0.0727,0
73,13,0,0.0707,0
73,14,0,0.0057,0
73,15,0,0.0839,0
73,16,0,0.0148,0
73,17,1,0.1755,1
73,18,1,0.072,0
73,19,0,0.0414,0
73,20,0,0.005,0
73,21,3,0.7271,0
73,22,0,0.0869,0
73,23,0,0.1004,1
73,24,0,0.0604,0
73,25,1,0.0977,0
73,26,0,0.0748,0
73,27,0,0.0299,0
73,28,0,0.0831,0
73,29,0,0.0059,0
73,30,0,0.037,0
73,31,1,0.2496,0
73,32,0,0.0618,0
73,33,0,0.0239,0
73,34,0,0.0822,0
73,35,0,0.0435,0
73,36,0,0.0263,0
73,37,0,0.0988,0
73,38,1,0.02,0
73,39,0,0.1195,0
73,40,0,0.0177,1
73,41,0,0.0241,0
73,42,0,0.079,0
73,43,1,0.0876,1
73,44,2,0.3511,0
73,45,0,0.1321,0
73,46,0,0.0422,0
73,47,0,0.0096,0
73,48,0,0.0252,0
73,49,0,0.0663,0
73,50,3,0.2952,0
73,51,2,0.2305,0
73,52,0,0.0258,0
73,53,2,0.372,0
73,54,0,0.0296,0
73,55,0,0.0955,0
73,56,0,0.1512,0
73,57,0,0.0065,0
73,58,0,0.041,0
73,59,0,0.0861,0
74,0,0,0.0276,0
74,1,2,0.3827,1
74,2,0,0.0296,0
74,3,0,0.0168,0
74,4,0,0.0097,0
74,5,0,0.0757,0
74,6,2,0.2238,0
74,7,0,0.0052,0
74,8,0,0.0783,1
74,9,1,0.1044,0
74,10,0,0.1416,0
74,11,0,0.0636,0
74,12,0,0.0727,0
74,13,0,0.0707,0
74,14,3,0.3041,1
74,15,0,0.0839,0
74,16,0,0.0148,0
74,17,0,0.0615,0
74,18,0,0.0055,0
74,19,0,0.0414,0
74,20,0,0.005,0
74,21,0,0.0705,0
74,22,1,0.2317,0
74,23,0,0.1004,0
74,24,0,0.0604,0
74,25,0,0.0176,0
74,26,0,0.0748,1
74,27,1,0.1176,0
74,28,0,0.0831,0
74,29,0,0.0059,0
74,30,0,0.037,0
74,31,0,0.0964,0
74,32,1,0.1843,1
74,33,0,0.0239,0
74,34,2,0.4427,0
74,35,0,0.0435,0
74,36,0,0.0263,0
74,37,0,0.0988,0
74,38,0,0.0043,0
74,39,3,0.7833,1
74,40,0,0.0177,0
74,41,0,0.0241,0
74,42,0,0.079,0
74,43,0,0.0078,0
74,44,0,0.043,0
74,45,0,0.1321,0
74,46,0,0.0422,0
74,47,0,0.0096,0
74,48,0,0.0252,0
74,49,0,0.0663,0
74,50,0,0.0041,0
74,51,0,0.0048,0
74,52,1,0.1189,0
74,53,0,0.0588,0
74,54,0,0.0296,0
74,55,0,0.0955,0
74,56,0,0.1512,0
74,57,0,0.0065,0
74,58,0,0.041,0
74,59,0,0.0861,0
75,0,1,0.1292,0
75,1,0,0.0599,0
75,2,0,0.0296,0
75,3,1,0.0943,1
75,4,0,0.0097,0
75,5,3,0.6911,0
75,6,0,0.0126,0
75,7,0,0.0052,0
75,8,2,0.45,1
75,9,0,0.0205,0
75,10,0,0.1416,0
75,11,0,0.0636,0
75,12,0,0.0727,0
75,13,1,0.2038,0
75,14,0,0.0057,0
75,15,0,0.0839,0
75,16,0,0.0148,0
75,17,1,0.1755,0
75,18,1,0.072,0
75,19,0,0.0414,0
75,20,1,0.0759,0
75,21,3,0.7271,1
75,22,0,0.0869,0
75,23,0,0.1004,0
75,24,2,0.3959,0
75,25,1,0.0977,0
75,26,0,0.0748,0
75,27,0,0.0299,0
75,28,0,0.0831,0
75,29,0,0.0059,0
75,30,0,0.037,0
75,31,1,0.2496,0
75,32,0,0.0618,0
75,33,0,0.0239,0
75,34,0,0.0822,0
75,35,1,0.1442,0
75,36,0,0.0263,0
75,37,0,0.0988,0
75,38,1,0.02,0
75,39,1,0.2862,1
75,40,0,0.0177,0
75,41,0,0.0241,0
75,42,3,0.7311,1
75,43,1,0.0876,0
75,44,2,0.3511,0
75,45,0,0.1321,0
75,46,0,0.0422,0
75,47,0,0.0096,0
75,48,1,0.1095,0
75,49,0,0.0663,0
75,50,3,0.3535,1
75,51,2,0.2305,0
75,52,0,0.0258,0
75,53,2,0.372,0
75,54,3,0.5898,0
75,55,0,0.0955,0
75,56,0,0.1512,0
75,57,0,0.0065,0
75,58,2,0.3277,1
75,59,0,0.0861,0
76,0,1,0.1292,0
76,1,0,0.0599,0
76,2,0,0.0296,0
76,3,0,0.0168,0
76,4,0,0.0097,0
76,5,0,0.0757,0
76,6,0,0.0126,0
76,7,0,0.0052,0
76,8,0,0.0783,0
76,9,0,0.0205,0
76,10,0,0.1416,0
76,11,0,0.0636,0
76,12,0,0.0727,0
76,13,1,0.2038,0
76,14,0,0.0057,0
76,15,0,0.0839,0
76,16,0,0.0148,0
76,17,0,0.0615,0
76,18,0,0.0055,0
76,19,0,0.0414,0
76,20,1,0.0759,0
76,21,0,0.0705,0
76,22,0,0.0869,0
76,23,0,0.1004,0
76,24,3,0.6451,1
76,25,0,0.0176,0
76,26,0,0.0748,0
76,27,0,0.0299,0
76,28,0,0.0831,0
76,29,0,0.0059,0
76,30,0,0.037,0
76,31,0,0.0964,0
76,32,0,0.0618,0
76,33,0,0.0239,0
76,34,0,0.0822,0
76,35,1,0.1442,0
76,36,0,0.0263,0
76,37,0,0.0988,0
76,38,1,0.02,0
76,39,1,0.2862,1
76,40,0,0.0177,0
76,41,0,0.0241,0
76,42,2,0.4365,1
76,43,1,0.0876,0
76,44,0,0.043,0
76,45,0,0.1321,0
76,46,0,0.0422,0
76,47,0,0.0096,0
76,48,1,0.1095,0
76,49,0,0.0663,1
76,50,0,0.0041,0
76,51,0,0.0048,0
76,52,0,0.0258,0
76,53,0,0.0588,0
76,54,2,0.3091,0
76,55,0,0.0955,0
76,56,0,0.1512,0
76,57,0,0.0065,0
76,58,1,0.142,0
76,59,0,0.0861,0
77,0,1,0.1292,0
77,1,0,0.0599,0
77,2,0,0.0296,0
77,3,1,0.0943,0
77,4,0,0.0097,0
77,5,2,0.4381,0
77,6,0,0.0126,0
77,7,0,0.0052,0
77,8,3,0.6819,1
77,9,0,0.0205,0
77,10,0,0.1416,0
77,11,0,0.0636,0
77,12,0,0.0727,0
77,13,0,0.0707,0
77,14,0,0.0057,0
77,15,0,0.0839,0
77,16,0,0.0148,0
77,17,1,0.1755,0
77,18,1,0.072,0
77,19,0,0.0414,0
77,20,0,0.005,0
77,21,2,0.4042,0
77,22,0,0.0869,0
77,23,0,0.1004,0
77,24,0,0.0604,1
77,25,1,0.0977,0
77,26,0,0.0748,0
77,27,0,0.0299,0
77,28,0,0.0831,1
77,29,0,0.0059,0
77,30,0,0.037,0
77,31,1,0.2496,1
77,32,0,0.0618,0
77,33,0,0.0239,0
77,34,0,0.0822,0
77,35,0,0.0435,0
77,36,0,0.0263,0
77,37,0,0.0988,1
77,38,1,0.02,0
77,39,0,0.1195,0
77,40,0,0.0177,0
77,41,0,0.0241,0
77,42,0,0.079,0
77,43,1,0.0876,1
77,44,2,0.3511,0
77,45,0,0.1321,0
77,46,0,0.0422,0
77,47,0,0.0096,0
77,48,0,0.0252,0
77,49,0,0.0663,0
77,50,2,0.11,0
77,51,3,0.4607,0
77,52,0,0.0258,0
77,53,3,0.6817,1
77,54,0,0.0296,0
77,55,0,0.0955,0
77,56,0,0.1512,1
77,57,0,0.0065,0
77,58,0,0.041,0
77,59,0,0.0861,0
78,0,2,0.3177,1
78,1,0,0.0599,0
78,2,1,0.1166,1
78,3,0,0.0168,0
78,4,0,0.0097,0
78,5,0,0.0757,0
78,6,0,0.0126,0
78,7,3,0.3962,1
78,8,0,0.0783,0
78,9,3,0.5215,0
78,10,0,0.1416,1
78,11,0,0.0636,0
78,12,0,0.0727,0
78,13,0,0.0707,0
78,14,0,0.0057,0
78,15,0,0.0839,0
78,16,3,0.4976,0
78,17,0,0.0615,0
78,18,0,0.0055,0
78,19,0,0.0414,0
78,20,0,0.005,0
78,21,0,0.0705,0
78,22,0,0.0869,0
78,23,0,0.1004,0
78,24,0,0.0604,0
78,25,0,0.0176,0
78,26,3,0.7544,1
78,27,0,0.0299,0
78,28,0,0.0831,0
78,29,0,0.0059,0
78,30,0,0.037,0
78,31,0,0.0964,0
78,32,0,0.0618,0
78,33,0,0.0239,0
78,34,0,0.0822,0
78,35,0,0.0435,0
78,36,3,0.516,1
78,37,3,0.8201,1
78,38,0,0.0043,0
78,39,0,0.1195,0
78,40,0,0.0177,0
78,41,0,0.0241,0
78,42,0,0.079,1
78,43,0,0.0078,0
78,44,0,0.043,0
78,45,0,0.1321,1
78,46,0,0.0422,0
78,47,0,0.0096,0
78,48,0,0.0252,0
78,49,0,0.0663,0
78,50,0,0.0041,0
78,51,0,0.0048,0
78,52,0,0.0258,0
78,53,0,0.0588,0
78,54,0,0.0296,0
78,55,0,0.0955,0
78,56,0,0.1512,0
78,57,0,0.0065,0
78,58,3,0.6038,1
78,59,0,0.0861,0
79,0,1,0.1292,0
79,1,0,0.0599,0
79,2,0,0.0296,0
79,3,2,0.2499,0
79,4,0,0.0097,0
79,5,1,0.2096,1
79,6,0,0.0126,0
79,7,0,0.0052,0
79,8,1,0.2161,0
79,9,0,0.0205,0
79,10,0,0.1416,1
79,11,0,0.0636,0
79,12,0,0.0727,0
79,13,0,0.0707,0
79,14,0,0.0057,0
79,15,0,0.0839,0
79,16,0,0.0148,0
79,17,2,0.3757,0
79,18,2,0.2273,1
79,19,0,0.0414,0
79,20,0,0.005,0
79,21,1,0.1931,0
79,22,0,0.0869,0
79,23,3,0.7556,1
79,24,1,0.1824,0
79,25,2,0.2569,0
79,26,0,0.0748,0
79,27,1,0.1176,0
79,28,0,0.0831,0
79,29,0,0.0059,0
79,30,3,0.585,1
79,31,3,0.7096,0
79,32,3,0.645,1
79,33,0,0.0239,0
79,34,3,0.7256,0
79,35,0,0.0435,0
79,36,0,0.0263,0
79,37,2,0.4948,0
79,38,3,0.3332,1
79,39,0,0.1195,0
79,40,1,0.1115,0
79,41,0,0.0241,0
79,42,1,0.2114,0
79,43,2,0.2484,0
79,44,1,0.1528,1
79,45,2,0.5928,1
79,46,0,0.0422,0
79,47,0,0.0096,0
79,48,0,0.0252,0
79,49,1,0.1956,0
79,50,1,0.0077,0
79,51,1,0.0784,0
79,52,0,0.0258,0
79,53,1,0.1721,0
79,54,0,0.0296,0
79,55,0,0.0955,0
79,56,2,0.6414,1
79,57,1,0.0651,0
79,58,0,0.041,0
79,59,2,0.46,1
80,0,1,0.1292,0
80,1,0,0.0599,0
80,2,0,0.0296,0
80,3,0,0.0168,0
80,4,0,0.0097,0
80,5,0,0.0757,0
80,6,0,0.0126,0
80,7,0,0.0052,0
80,8,0,0.0783,0
80,9,0,0.0205,0
80,10,0,0.1416,0
80,11,0,0.0636,0
80,12,0,0.0727,1
80,13,0,0.0707,0
80,14,0,0.0057,0
80,15,0,0.0839,0
80,16,0,0.0148,0
80,17,0,0.0615,0
80,18,0,0.0055,0
80,19,0,0.0414,0
80,20,0,0.005,0
80,21,0,0.0705,0
80,22,0,0.0869,1
80,23,1,0.2534,0
80,24,2,0.3959,0
80,25,0,0.0176,0
80,26,0,0.0748,0
80,27,2,0.2855,0
80,28,0,0.0831,0
80,29,0,0.0059,0
80,30,1,0.1305,0
80,31,0,0.0964,0
80,32,1,0.1843,0
80,33,0,0.0239,0
80,34,1,0.2162,0
80,35,0,0.0435,0
80,36,0,0.0263,0
80,37,1,0.2482,0
80,38,0,0.0043,0
80,39,0,0.1195,0
80,40,2,0.2912,0
80,41,0,0.0241,0
80,42,1,0.2114,0
80,43,0,0.0078,0
80,44,3,0.5805,1
80,45,1,0.3096,0
80,46,0,0.0422,0
80,47,0,0.0096,0
80,48,0,0.0252,0
80,49,2,0.419,1
80,50,0,0.0041,0
80,51,0,0.0048,0
80,52,0,0.0258,0
80,53,0,0.0588,0
80,54,0,0.0296,0
80,55,0,0.0955,0
80,56,1,0.3419,0
80,57,3,0.4055,1
80,58,0,0.041,0
80,59,1,0.2256,0
81,0,0,0.0276,0
81,1,0,0.0599,0
81,2,0,0.0296,0
81,3,0,0.0168,0
81,4,0,0.0097,0
81,5,0,0.0757,1
81,6,0,0.0126,0
81,7,0,0.0052,0
81,8,0,0.0783,0
81,9,0,0.0205,0
81,10,1,0.3249,0
81,11,1,0.1841,0
81,12,1,0.1984,1
81,13,1,0.2038,0
81,14,0,0.0057,0
81,15,1,0.2208,1
81,16,0,0.0148,0
81,17,1,0.1755,1
81,18,0,0.0055,0
81,19,0,0.0414,0
81,20,0,0.005,0
81,21,0,0.0705,0
81,22,0,0.0869,0
81,23,0,0.1004,1
81,24,0,0.0604,0
81,25,2,0.2569,0
81,26,0,0.0748,0
81,27,0,0.0299,0
81,28,3,0.7096,1
81,29,0,0.0059,0
81,30,0,0.037,0
81,31,1,0.2496,0
81,32,0,0.0618,1
81,33,1,0.1226,0
81,34,0,0.0822,0
81,35,0,0.0435,0
81,36,0,0.0263,0
81,37,0,0.0988,1
81,38,0,0.0043,0
81,39,0,0.1195,0
81,40,0,0.0177,0
81,41,3,0.5268,1
81,42,0,0.079,0
81,43,0,0.0078,0
81,44,0,0.043,0
81,45,0,0.1321,0
81,46,1,0.1537,0
81,47,0,0.0096,0
81,48,0,0.0252,0
81,49,0,0.0663,0
81,50,0,0.0041,0
81,51,0,0.0048,0
81,52,0,0.0258,0
81,53,0,0.0588,0
81,54,0,0.0296,0
81,55,0,0.0955,0
81,56,0,0.1512,0
81,57,0,0.0065,0
81,58,0,0.041,0
81,59,0,0.0861,0
82,0,2,0.3177,0
82,1,0,0.0599,1
82,2,3,0.5533,1
82,3,1,0.0943,0
82,4,0,0.0097,0
82,5,2,0.4381,1
82,6,0,0.0126,0
82,7,1,0.0501,0
82,8,3,0.6819,1
82,9,1,0.1044,0
82,10,0,0.1416,0
82,11,0,0.0636,0
82,12,0,0.0727,0
82,13,0,0.0707,0
82,14,0,0.0057,0
82,15,0,0.0839,0
82,16,1,0.0974,0
82,17,1,0.1755,0
82,18,1,0.072,0
82,19,0,0.0414,0
82,20,0,0.005,0
82,21,2,0.4042,0
82,22,0,0.0869,1
82,23,0,0.1004,0
82,24,0,0.0604,0
82,25,1,0.0977,0
82,26,1,0.2031,0
82,27,0,0.0299,0
82,28,0,0.0831,0
82,29,0,0.0059,0
82,30,0,0.037,0
82,31,1,0.2496,0
82,32,0,0.0618,0
82,33,0,0.0239,0
82,34,0,0.0822,0
82,35,0,0.0435,0
82,36,1,0.1321,0
82,37,1,0.2482,0
82,38,1,0.02,0
82,39,0,0.1195,0
82,40,0,0.0177,0
82,41,0,0.0241,0
82,42,0,0.079,0
82,43,1,0.0876,0
82,44,2,0.3511,0
82,45,0,0.1321,0
82,46,0,0.0422,0
82,47,0,0.0096,0
82,48,0,0.0252,0
82,49,0,0.0663,0
82,50,2,0.11,0
82,51,3,0.4607,0
82,52,0,0.0258,0
82,53,3,0.6817,1
82,54,0,0.0296,0
82,55,0,0.0955,0
82,56,0,0.1512,0
82,57,0,0.0065,0
82,58,1,0.142,0
82,59,0,0.0861,0
83,0,1,0.1292,0
83,1,0,0.0599,1
83,2,0,0.0296,0
83,3,1,0.0943,0
83,4,0,0.0097,0
83,5,3,0.6911,1
83,6,0,0.0126,0
83,7,0,0.0052,0
83,8,2,0.45,1
83,9,0,0.0205,1
83,10,0,0.1416,0
83,11,0,0.0636,0
83,12,0,0.0727,0
83,13,0,0.0707,0
83,14,0,0.0057,0
83,15,0,0.0839,0
83,16,0,0.0148,0
83,17,1,0.1755,0
83,18,1,0.072,1
83,19,0,0.0414,0
83,20,0,0.005,0
83,21,3,0.7271,1
83,22,0,0.0869,0
83,23,0,0.1004,0
83,24,0,0.0604,0
83,25,1,0.0977,0
83,26,0,0.0748,0
83,27,0,0.0299,0
83,28,0,0.0831,0
83,29,0,0.0059,0
83,30,0,0.037,0
83,31,1,0.2496,1
83,32,0,0.0618,0
83,33,0,0.0239,0
83,34,0,0.0822,0
83,35,0,0.0435,1
83,36,0,0.0263,0
83,37,0,0.0988,0
83,38,1,0.02,0
83,39,0,0.1195,0
83,40,0,0.0177,1
83,41,0,0.0241,0
83,42,0,0.079,0
83,43,1,0.0876,1
83,44,2,0.3511,1
83,45,0,0.1321,0
83,46,0,0.0422,0
83,47,0,0.0096,0
83,48,0,0.0252,0
83,49,0,0.0663,1
83,50,3,0.2952,0
83,51,2,0.2305,0
83,52,0,0.0258,0
83,53,2,0.372,0
83,54,0,0.0296,0
83,55,0,0.0955,0
83,56,0,0.1512,0
83,57,0,0.0065,0
83,58,0,0.041,0
83,59,0,0.0861,0
84,0,1,0.1292,1
84,1,0,0.0599,0
84,2,0,0.0296,0
84,3,1,0.0943,0
84,4,0,0.0097,0
84,5,2,0.4381,1
84,6,0,0.0126,0
84,7,0,0.0052,0
84,8,3,0.6819,1
84,9,0,0.0205,0
84,10,0,0.1416,1
84,11,0,0.0636,0
84,12,0,0.0727,0
84,13,0,0.0707,0
84,14,0,0.0057,0
84,15,0,0.0839,0
84,16,0,0.0148,0
84,17,1,0.1755,0
84,18,1,0.072,0
84,19,0,0.0414,0
84,20,0,0.005,0
84,21,2,0.4042,1
84,22,0,0.0869,0
84,23,0,0.1004,0
84,24,0,0.0604,0
84,25,1,0.0977,0
84,26,0,0.0748,0
84,27,0,0.0299,0
84,28,0,0.0831,0
84,29,0,0.0059,0
84,30,0,0.037,0
84,31,1,0.2496,1
84,32,0,0.0618,0
84,33,0,0.0239,0
84,34,0,0.0822,0
84,35,0,0.0435,0
84,36,0,0.0263,0
84,37,0,0.0988,0
84,38,1,0.02,0
84,39,0,0.1436,0
84,40,0,0.0177,0
84,41,0,0.0241,0
84,42,0,0.079,0
84,43,1,0.0876,0
84,44,2,0.3511,1
84,45,0,0.1321,1
84,46,0,0.0422,1
84,47,0,0.0096,0
84,48,0,0.0252,0
84,49,0,0.0663,0
84,50,2,0.11,0
84,51,3,0.4607,0
84,52,0,0.0258,0
84,53,3,0.6817,1
84,54,0,0.0296,0
84,55,0,0.0955,0
84,56,0,0.1512,1
84,57,0,0.0065,0
84,58,0,0.041,0
84,59,0,0.0861,0
85,0,1,0.1292,0
85,1,0,0.0599,0
85,2,0,0.0296,0
85,3,2,0.2499,0
85,4,0,0.0097,0
85,5,1,0.2096,0
85,6,0,0.0126,0
85,7,0,0.0052,0
85,8,1,0.2161,1
85,9,0,0.0205,0
85,10,0,0.1416,0
85,11,0,0.0636,0
85,12,0,0.0727,0
85,13,0,0.0707,0
85,14,0,0.0057,0
85,15,0,0.0839,0
85,16,0,0.0148,0
85,17,2,0.3757,0
85,18,2,0.2273,1
85,19,0,0.0414,0
85,20,0,0.005,0
85,21,1,0.1931,0
85,22,0,0.0869,0
85,23,0,0.1004,0
85,24,0,0.0604,0
85,25,2,0.2569,0
85,26,0,0.0748,0
85,27,0,0.0299,0
85,28,0,0.0831,0
85,29,0,0.0059,0
85,30,0,0.037,0
85,31,3,0.7096,1
85,32,0,0.0618,1
85,33,0,0.0239,0
85,34,0,0.0822,0
85,35,0,0.0435,0
85,36,0,0.0263,0
85,37,0,0.0988,0
85,38,3,0.3332,1
85,39,0,0.1195,0
85,40,0,0.0177,0
85,41,0,0.0241,0
85,42,0,0.079,0
85,43,2,0.2484,0
85,44,1,0.1528,0
85,45,0,0.1321,0
85,46,0,0.0422,0
85,47,0,0.0096,0
85,48,0,0.0252,0
85,49,0,0.0663,0
85,50,1,0.0077,0
85,51,1,0.0784,0
85,52,0,0.0258,0
85,53,1,0.1721,0
85,54,0,0.0296,0
85,55,0,0.0955,0
85,56,0,0.1512,0
85,57,0,0.0065,0
85,58,0,0.041,0
85,59,0,0.0861,0
86,0,0,0.0276,0
86,1,0,0.0599,0
86,2,0,0.0296,0
86,3,0,0.0168,0
86,4,0,0.0097,0
86,5,0,0.0757,0
86,6,0,0.0126,0
86,7,0,0.0052,0
86,8,0,0.0783,1
86,9,0,0.0205,0
86,10,1,0.3249,0
86,11,1,0.1841,0
86,12,1,0.1984,0
86,13,1,0.2038,0
86,14,0,0.0057,0
86,15,1,0.2208,0
86,16,0,0.0148,0
86,17,1,0.1755,0
86,18,0,0.0055,0
86,19,0,0.0414,0
86,20,0,0.005,0
86,21,0,0.0705,0
86,22,0,0.0869,0
86,23,0,0.1004,0
86,24,0,0.0604,0
86,25,2,0.2569,1
86,26,0,0.0748,0
86,27,0,0.0299,0
86,28,3,0.7096,1
86,29,0,0.0059,0
86,30,0,0.037,0
86,31,1,0.2496,0
86,32,0,0.0618,0
86,33,1,0.1226,0
86,34,0,0.0822,0
86,35,0,0.0435,0
86,36,0,0.0263,0
86,37,0,0.0988,1
86,38,0,0.0043,0
86,39,0,0.1195,0
86,40,0,0.0177,0
86,41,3,0.5268,1
86,42,0,0.079,0
86,43,0,0.0078,0
86,44,0,0.043,0
86,45,0,0.1321,0
86,46,1,0.1537,0
86,47,0,0.0096,0
86,48,0,0.0252,0
86,49,0,0.0663,1
86,50,0,0.0041,0
86,51,0,0.0048,0
86,52,0,0.0258,0
86,53,0,0.0588,0
86,54,0,0.0296,0
86,55,0,0.0955,0
86,56,0,0.1512,0
86,57,0,0.0065,0
86,58,0,0.041,0
86,59,0,0.0861,0
87,0,0,0.0276,0
87,1,0,0.0599,0
87,2,0,0.0296,0
87,3,0,0.0168,0
87,4,0,0.0097,0
87,5,0,0.0757,0
87,6,0,0.0126,0
87,7,0,0.0052,0
87,8,0,0.0783,0
87,9,0,0.0205,0
87,10,1,0.3249,1
87,11,1,0.1841,0
87,12,1,0.1984,0
87,13,1,0.2038,1
87,14,0,0.0057,0
87,15,1,0.2208,0
87,16,0,0.0148,0
87,17,1,0.1755,0
87,18,0,0.0055,0
87,19,0,0.0414,0
87,20,0,0.005,0
87,21,0,0.0705,0
87,22,0,0.0869,0
87,23,0,0.1004,0
87,24,0,0.0604,0
87,25,2,0.2569,0
87,26,0,0.0748,0
87,27,0,0.0299,0
87,28,3,0.7096,1
87,29,0,0.0059,0
87,30,0,0.037,0
87,31,1,0.2496,0
87,32,0,0.0618,0
87,33,1,0.1226,0
87,34,0,0.0822,1
87,35,0,0.0435,0
87,36,0,0.0263,0
87,37,0,0.0988,0
87,38,0,0.0043,0
87,39,0,0.1195,0
87,40,0,0.0177,0
87,41,3,0.5268,1
87,42,0,0.079,0
87,43,0,0.0078,0
87,44,0,0.043,0
87,45,0,0.1321,0
87,46,1,0.1537,0
87,47,0,0.0096,0
87,48,0,0.0252,0
87,49,0,0.0663,0
87,50,0,0.0041,0
87,51,0,0.0048,0
87,52,0,0.0258,0
87,53,0,0.0588,1
87,54,0,0.0296,0
87,55,0,0.0955,0
87,56,0,0.1512,0
87,57,0,0.0065,0
87,58,0,0.041,0
87,59,0,0.0861,0
88,0,1,0.1292,0
88,1,0,0.0599,0
88,2,0,0.0296,0
88,3,0,0.0168,0
88,4,0,0.0097,0
88,5,0,0.0757,0
88,6,0,0.0126,0
88,7,0,0.0052,0
88,8,0,0.0783,0
88,9,0,0.0205,0
88,10,0,0.1416,0
88,11,0,0.0636,0
88,12,0,0.0727,0
88,13,1,0.2038,1
88,14,0,0.0057,0
88,15,0,0.0839,0
88,16,0,0.0148,0
88,17,0,0.0615,0
88,18,0,0.0055,0
88,19,0,0.0414,0
88,20,1,0.0759,0
88,21,0,0.0705,0
88,22,0,0.0869,0
88,23,0,0.1004,0
88,24,3,0.6451,1
88,25,0,0.0176,0
88,26,0,0.0748,0
88,27,0,0.0299,0
88,28,0,0.0831,0
88,29,0,0.0059,0
88,30,0,0.037,0
88,31,0,0.0964,0
88,32,0,0.0618,0
88,33,0,0.0239,0
88,34,0,0.0822,0
88,35,1,0.1442,0
88,36,0,0.0263,0
88,37,0,0.0988,0
88,38,1,0.02,0
88,39,1,0.2862,0
88,40,0,0.0177,0
88,41,0,0.0241,0
88,42,2,0.4365,1
88,43,1,0.0876,0
88,44,0,0.043,0
88,45,0,0.1321,0
88,46,0,0.0422,0
88,47,0,0.0096,0
88,48,1,0.1095,0
88,49,0,0.0663,0
88,50,0,0.0041,0
88,51,0,0.0048,0
88,52,0,0.0258,0
88,53,0,0.0588,0
88,54,2,0.3091,0
88,55,0,0.0955,0
88,56,0,0.1512,0
88,57,0,0.0065,0
88,58,1,0.142,0
88,59,0,0.0861,0
89,0,1,0.1292,1
89,1,0,0.0599,0
89,2,1,0.1166,0
89,3,0,0.0168,0
89,4,0,0.0097,0
89,5,0,0.0757,0
89,6,0,0.0126,0
89,7,2,0.1891,0
89,8,0,0.0783,0
89,9,2,0.2687,0
89,10,0,0.1416,0
89,11,0,0.0636,0
89,12,0,0.0727,0
89,13,0,0.0707,0
89,14,0,0.0057,0
89,15,0,0.0839,0
89,16,2,0.261,0
89,17,0,0.0615,0
89,18,0,0.0055,0
89,19,0,0.0414,0
89,20,0,0.005,0
89,21,0,0.0705,0
89,22,0,0.0869,0
89,23,0,0.1004,1
89,24,0,0.0604,0
89,25,0,0.0176,0
89,26,2,0.4219,0
89,27,0,0.0299,0
89,28,0,0.0831,0
89,29,0,0.0059,0
89,30,0,0.037,0
89,31,0,0.0964,0
89,32,0,0.0618,0
89,33,0,0.0239,0
89,34,0,0.0822,0
89,35,0,0.0435,0
89,36,2,0.328,1
89,37,2,0.4948,1
89,38,0,0.0043,0
89,39,0,0.1195,0
89,40,0,0.0177,0
89,41,0,0.0241,0
89,42,0,0.079,0
89,43,0,0.0078,0
89,44,0,0.043,0
89,45,0,0.1321,1
89,46,0,0.0422,0
89,47,0,0.0096,0
89,48,0,0.0252,0
89,49,0,0.0663,0
89,50,0,0.0041,0
89,51,0,0.0048,0
89,52,0,0.0258,0
89,53,0,0.0588,0
89,54,0,0.0296,0
89,55,0,0.0955,0
89,56,0,0.1512,0
89,57,0,0.0065,0
89,58,2,0.3277,0
89,59,0,0.0861,1
90,0,1,0.1292,0
90,1,1,0.1769,0
90,2,2,0.2835,1
90,3,0,0.0168,0
90,4,0,0.0097,0
90,5,0,0.0757,0
90,6,1,0.0812,0
90,7,1,0.0501,0
90,8,0,0.0783,0
90,9,3,0.5215,0
90,10,0,0.1416,0
90,11,0,0.0636,0
90,12,0,0.0727,0
90,13,0,0.0707,0
90,14,1,0.0098,0
90,15,0,0.0839,0
90,16,1,0.0974,0
90,17,0,0.0615,0
90,18,0,0.0055,0
90,19,0,0.0414,0
90,20,0,0.005,0
90,21,0,0.0705,0
90,22,3,0.7003,1
90,23,0,0.1004,0
90,24,0,0.0604,0
90,25,0,0.0176,0
90,26,1,0.2031,0
90,27,3,0.5566,0
90,28,0,0.0831,1
90,29,0,0.0059,0
90,30,0,0.037,0
90,31,0,0.0964,0
90,32,2,0.3983,1
90,33,0,0.0239,0
90,34,1,0.2162,0
90,35,0,0.0435,0
90,36,1,0.1321,0
90,37,1,0.2482,0
90,38,0,0.0043,0
90,39,1,0.2862,0
90,40,0,0.0177,0
90,41,0,0.0241,0
90,42,0,0.079,0
90,43,0,0.0078,0
90,44,0,0.043,0
90,45,0,0.1321,0
90,46,0,0.0422,0
90,47,0,0.0096,0
90,48,0,0.0252,0
90,49,0,0.0663,0
90,50,0,0.0041,0
90,51,0,0.0048,0
90,52,2,0.2962,0
90,53,0,0.0588,1
90,54,0,0.0296,0
90,55,0,0.0955,0
90,56,0,0.1512,0
90,57,0,0.0065,0
90,58,1,0.142,0
90,59,0,0.0861,0
91,0,1,0.1292,0
91,1,0,0.0599,0
91,2,0,0.0296,0
91,3,0,0.0168,0
91,4,0,0.0097,0
91,5,0,0.0757,0
91,6,0,0.0126,0
91,7,0,0.0052,0
91,8,0,0.0783,1
91,9,0,0.0205,0
91,10,0,0.1416,0
91,11,0,0.0636,0
91,12,0,0.0727,1
91,13,1,0.2038,0
91,14,0,0.0057,0
91,15,0,0.0839,0
91,16,0,0.0148,0
91,17,0,0.0615,0
91,18,0,0.0055,0
91,19,0,0.0414,0
91,20,1,0.0759,0
91,21,0,0.0705,0
91,22,0,0.0869,0
91,23,0,0.1004,0
91,24,2,0.3959,1
91,25,0,0.0176,0
91,26,0,0.0748,0
91,27,0,0.0299,0
91,28,0,0.0831,0
91,29,0,0.0059,0
91,30,0,0.037,0
91,31,0,0.0964,0
91,32,0,0.0618,0
91,33,0,0.0239,0
91,34,0,0.0822,1
91,35,1,0.1442,1
91,36,0,0.0263,0
91,37,0,0.0988,0
91,38,1,0.02,0
91,39,1,0.2862,0
91,40,0,0.0177,0
91,41,0,0.0241,0
91,42,3,0.7311,1
91,43,1,0.0876,0
91,44,0,0.043,0
91,45,0,0.1321,0
91,46,0,0.0422,0
91,47,0,0.0096,0
91,48,1,0.1095,0
91,49,0,0.0663,0
91,50,0,0.0041,0
91,51,0,0.0048,0
91,52,0,0.0258,0
91,53,0,0.0588,0
91,54,3,0.5437,1
91,55,0,0.0955,0
91,56,0,0.1512,0
91,57,0,0.0065,0
91,58,2,0.3277,0
91,59,0,0.0861,0
92,0,2,0.3177,0
92,1,0,0.0599,0
92,2,1,0.1166,0
92,3,0,0.0168,0
92,4,0,0.0097,0
92,5,0,0.0757,0
92,6,0,0.0126,0
92,7,3,0.3962,1
92,8,0,0.0783,0
92,9,3,0.5215,0
92,10,0,0.1416,0
92,11,0,0.0636,0
92,12,0,0.0727,0
92,13,0,0.0707,0
92,14,0,0.0057,0
92,15,0,0.0839,0
92,16,3,0.4976,1
92,17,0,0.0615,0
92,18,0,0.0055,0
92,19,0,0.0414,0
92,20,0,0.005,0
92,21,0,0.0705,1
92,22,0,0.0869,0
92,23,0,0.1004,0
92,24,0,0.0604,0
92,25,0,0.0176,0
92,26,3,0.7544,1
92,27,0,0.0299,0
92,28,0,0.0831,0
92,29,0,0.0059,0
92,30,0,0.037,0
92,31,0,0.0964,0
92,32,0,0.0618,0
92,33,0,0.0239,0
92,34,0,0.0822,0
92,35,0,0.0435,0
92,36,3,0.516,0
92,37,3,0.8201,1
92,38,0,0.0043,0
92,39,0,0.1195,1
92,40,0,0.0177,0
92,41,0,0.0241,0
92,42,0,0.079,0
92,43,0,0.0078,0
92,44,0,0.043,0
92,45,0,0.1321,0
92,46,0,0.0422,0
92,47,0,0.0096,0
92,48,0,0.0252,0
92,49,0,0.0663,0
92,50,0,0.0041,0
92,51,0,0.0048,0
92,52,0,0.0258,0
92,53,0,0.0588,0
92,54,0,0.0296,0
92,55,0,0.0955,0
92,56,0,0.1512,0
92,57,0,0.0065,0
92,58,3,0.6038,0
92,59,0,0.0861,1
93,0,2,0.3177,1
93,1,0,0.0599,0
93,2,0,0.0296,0
93,3,0,0.0168,0
93,4,1,0.0783,0
93,5,0,0.0757,0
93,6,0,0.0126,0
93,7,1,0.0501,0
93,8,0,0.0783,0
93,9,0,0.0205,0
93,10,0,0.1416,0
93,11,0,0.0636,0
93,12,0,0.0727,0
93,13,0,0.0707,0
93,14,0,0.0057,0
93,15,0,0.0839,0
93,16,0,0.0148,0
93,17,0,0.0615,0
93,18,0,0.0055,0
93,19,1,0.1403,0
93,20,0,0.005,0
93,21,0,0.0705,0
93,22,0,0.0869,0
93,23,0,0.1004,0
93,24,0,0.0604,0
93,25,0,0.0176,0
93,26,0,0.0748,0
93,27,0,0.0299,0
93,28,0,0.0831,0
93,29,1,0.0101,0
93,30,0,0.037,0
93,31,0,0.0964,0
93,32,0,0.0618,0
93,33,0,0.0239,0
93,34,0,0.0822,0
93,35,0,0.0435,0
93,36,0,0.0263,0
93,37,0,0.0988,0
93,38,0,0.0043,0
93,39,0,0.1195,0
93,40,2,0.2912,0
93,41,0,0.0241,0
93,42,2,0.4365,0
93,43,0,0.0078,0
93,44,0,0.043,0
93,45,0,0.1321,0
93,46,0,0.0422,0
93,47,0,0.0096,0
93,48,0,0.0252,0
93,49,0,0.0663,0
93,50,0,0.0041,0
93,51,0,0.0048,0
93,52,1,0.1189,0
93,53,1,0.1721,1
93,54,0,0.0296,0
93,55,2,0.485,0
93,56,0,0.1512,0
93,57,1,0.0651,0
93,58,0,0.041,0
93,59,0,0.0861,0
94,0,2,0.3177,0
94,1,0,0.0599,0
94,2,0,0.0296,0
94,3,0,0.0168,0
94,4,0,0.0097,0
94,5,0,0.0757,0
94,6,0,0.0126,0
94,7,0,0.0052,0
94,8,0,0.0783,0
94,9,0,0.0205,0
94,10,0,0.1416,0
94,11,0,0.0636,0
94,12,0,0.0727,0
94,13,1,0.2038,0
94,14,0,0.0057,0
94,15,0,0.0839,0
94,16,0,0.0148,0
94,17,0,0.0615,0
94,18,0,0.0055,0
94,19,0,0.0414,0
94,20,1,0.0759,0
94,21,0,0.0705,0
94,22,0,0.0869,0
94,23,2,0.5058,1
94,24,3,0.6451,0
94,25,0,0.0176,0
94,26,0,0.0748,0
94,27,1,0.1176,0
94,28,0,0.0831,0
94,29,0,0.0059,0
94,30,2,0.3055,0
94,31,0,0.0964,0
94,32,2,0.3983,1
94,33,0,0.0239,1
94,34,2,0.4427,0
94,35,1,0.1442,0
94,36,0,0.0263,0
94,37,3,0.8201,1
94,38,1,0.02,0
94,39,1,0.2862,1
94,40,1,0.1115,0
94,41,0,0.0241,0
94,42,2,0.4365,0
94,43,1,0.0876,0
94,44,1,0.1528,0
94,45,3,0.8017,1
94,46,0,0.0422,0
94,47,0,0.0096,0
94,48,1,0.1095,0
94,49,1,0.1956,0
94,50,0,0.0041,0
94,51,0,0.0048,0
94,52,0,0.0258,0
94,53,0,0.0588,0
94,54,2,0.3091,0
94,55,0,0.0955,0
94,56,3,0.8386,1
94,57,1,0.0651,0
94,58,1,0.142,1
94,59,3,0.7372,1
95,0,2,0.3177,1
95,1,0,0.0599,0
95,2,0,0.0296,0
95,3,0,0.0168,0
95,4,0,0.0097,0
95,5,0,0.0757,0
95,6,0,0.0126,0
95,7,0,0.0052,0
95,8,0,0.0783,1
95,9,0,0.0205,0
95,10,0,0.1416,0
95,11,0,0.0636,0
95,12,0,0.0727,1
95,13,0,0.0707,0
95,14,0,0.0057,0
95,15,0,0.0839,0
95,16,0,0.0148,0
95,17,0,0.0615,0
95,18,3,0.4331,1
95,19,1,0.1403,0
95,20,0,0.005,0
95,21,0,0.0705,0
95,22,0,0.0869,0
95,23,0,0.1004,1
95,24,0,0.0604,0
95,25,2,0.2569,0
95,26,0,0.0748,0
95,27,0,0.0299,0
95,28,0,0.0831,1
95,29,0,0.0059,0
95,30,1,0.1305,1
95,31,0,0.0964,0
95,32,1,0.1843,0
95,33,3,0.516,0
95,34,0,0.0822,0
95,35,0,0.0435,0
95,36,0,0.0263,0
95,37,0,0.0988,0
95,38,0,0.0043,0
95,39,0,0.1195,0
95,40,0,0.0177,0
95,41,0,0.0241,0
95,42,0,0.079,0
95,43,0,0.0078,0
95,44,0,0.043,0
95,45,0,0.1321,0
95,46,2,0.3546,1
95,47,1,0.1023,0
95,48,0,0.0252,0
95,49,2,0.419,0
95,50,0,0.0041,0
95,51,0,0.0048,0
95,52,0,0.0258,0
95,53,0,0.0588,1
95,54,0,0.0296,0
95,55,0,0.0955,1
95,56,0,0.1512,0
95,57,0,0.0065,0
95,58,0,0.041,0
95,59,0,0.0861,0
96,0,0,0.0276,0
96,1,2,0.3827,1
96,2,0,0.0296,0
96,3,0,0.0168,0
96,4,0,0.0097,0
96,5,0,0.0757,1
96,6,2,0.2238,0
96,7,0,0.0052,0
96,8,0,0.0783,0
96,9,1,0.1044,0
96,10,0,0.1416,0
96,11,0,0.0636,0
96,12,0,0.0727,0
96,13,0,0.0707,0
96,14,3,0.3041,0
96,15,0,0.0839,0
96,16,0,0.0148,0
96,17,0,0.0615,0
96,18,0,0.0055,0
96,19,0,0.0414,0
96,20,0,0.005,0
96,21,0,0.0705,0
96,22,1,0.2317,0
96,23,0,0.1004,0
96,24,0,0.0604,1
96,25,0,0.0176,0
96,26,0,0.0748,0
96,27,1,0.1176,0
96,28,0,0.0831,0
96,29,0,0.0059,0
96,30,0,0.037,0
96,31,0,0.0964,0
96,32,1,0.1843,0
96,33,0,0.0239,0
96,34,2,0.4427,0
96,35,0,0.0435,0
96,36,0,0.0263,0
96,37,0,0.0988,0
96,38,0,0.0043,0
96,39,3,0.7833,1
96,40,0,0.0177,0
96,41,0,0.0241,0
96,42,0,0.079,1
96,43,0,0.0078,0
96,44,0,0.043,0
96,45,0,0.1321,0
96,46,0,0.0422,1
96,47,0,0.0096,0
96,48,0,0.0252,0
96,49,0,0.0663,0
96,50,0,0.0041,0
96,51,0,0.0048,0
96,52,1,0.1189,0
96,53,0,0.0588,0
96,54,0,0.0296,0
96,55,0,0.0955,0
96,56,0,0.1512,0
96,57,0,0.0065,0
96,58,0,0.041,0
96,59,0,0.0861,0
97,0,1,0.1292,0
97,1,0,0.0599,0
97,2,0,0.0296,0
97,3,0,0.0168,0
97,4,0,0.0097,0
97,5,0,0.0757,0
97,6,0,0.0126,0
97,7,0,0.0052,0
97,8,0,0.0783,0
97,9,0,0.0205,0
97,10,0,0.1416,0
97,11,0,0.0636,0
97,12,0,0.0727,1
97,13,3,0.6543,1
97,14,0,0.0057,0
97,15,0,0.0839,0
97,16,0,0.0148,0
97,17,0,0.0615,0
97,18,0,0.0055,0
97,19,0,0.0414,0
97,20,2,0.2282,1
97,21,0,0.0705,0
97,22,0,0.0869,0
97,23,0,0.1004,0
97,24,1,0.1824,0
97,25,0,0.0176,0
97,26,0,0.0748,0
97,27,0,0.0299,0
97,28,0,0.0831,0
97,29,0,0.0059,0
97,30,0,0.037,0
97,31,0,0.0964,0
97,32,0,0.0618,0
97,33,0,0.0239,0
97,34,0,0.0822,0
97,35,2,0.3288,0
97,36,0,0.0263,0
97,37,0,0.0988,0
97,38,1,0.02,0
97,39,2,0.5554,1
97,40,0,0.0177,0
97,41,0,0.0241,0
97,42,1,0.2114,0
97,43,3,0.47,1
97,44,0,0.043,0
97,45,0,0.1321,0
97,46,0,0.0422,0
97,47,0,0.0096,0
97,48,3,0.5244,0
97,49,0,0.0663,0
97,50,0,0.0041,0
97,51,0,0.0048,0
97,52,0,0.0258,0
97,53,0,0.0588,1
97,54,1,0.1269,0
97,55,0,0.0955,0
97,56,0,0.1512,0
97,57,0,0.0065,0
97,58,1,0.142,1
97,59,0,0.0861,0
98,0,1,0.1292,0
98,1,0,0.0599,0
98,2,0,0.0296,0
98,3,0,0.0168,0
98,4,3,0.4628,0
98,5,0,0.0757,0
98,6,0,0.0126,0
98,7,2,0.1891,1
98,8,0,0.0783,0
98,9,0,0.0205,0
98,10,0,0.1416,0
98,11,0,0.0636,0
98,12,0,0.0727,0
98,13,0,0.0707,0
98,14,0,0.0057,0
98,15,0,0.0839,0
98,16,0,0.0148,0
98,17,0,0.0615,0
98,18,2,0.2273,0
98,19,2,0.3226,0
98,20,0,0.005,0
98,21,0,0.0705,0
98,22,0,0.0869,0
98,23,0,0.1004,0
98,24,0,0.0604,0
98,25,1,0.0977,0
98,26,0,0.0748,0
98,27,0,0.0299,0
98,28,0,0.0831,0
98,29,2,0.1303,0
98,30,1,0.1305,0
98,31,0,0.0964,0
98,32,2,0.3983,0
98,33,2,0.3084,0
98,34,0,0.0822,0
98,35,0,0.0435,0
98,36,0,0.0263,0
98,37,0,0.0988,0
98,38,0,0.0043,0
98,39,0,0.1195,0
98,40,1,0.1115,0
98,41,0,0.0241,0
98,42,1,0.2114,0
98,43,0,0.0078,0
98,44,0,0.043,0
98,45,0,0.1321,0
98,46,3,0.5713,0
98,47,1,0.1023,0
98,48,0,0.0252,0
98,49,3,0.645,1
98,50,0,0.0041,0
98,51,0,0.0048,0
98,52,3,0.5345,1
98,53,3,0.6817,1
98,54,0,0.0296,1
98,55,1,0.242,0
98,56,0,0.1512,0
98,57,3,0.4055,0
98,58,0,0.041,0
98,59,0,0.0861,0
99,0,2,0.3177,1
99,1,0,0.0599,0
99,2,0,0.0296,0
99,3,0,0.0168,0
99,4,1,0.0783,0
99,5,0,0.0757,0
99,6,0,0.0126,0
99,7,1,0.0501,0
99,8,0,0.0783,0
99,9,0,0.0205,0
99,10,0,0.1416,0
99,11,0,0.0636,1
99,12,0,0.0727,0
99,13,1,0.2038,0
99,14,0,0.0057,0
99,15,0,0.0839,0
99,16,0,0.0148,0
99,17,0,0.0615,0
99,18,0,0.0055,0
99,19,1,0.1403,0
99,20,1,0.0759,0
99,21,0,0.0705,0
99,22,0,0.0869,0
99,23,0,0.1004,0
99,24,2,0.3959,1
99,25,0,0.0176,0
99,26,0,0.0748,0
99,27,0,0.0299,0
99,28,0,0.0831,0
99,29,1,0.0101,0
99,30,0,0.037,0
99,31,0,0.0964,0
99,32,0,0.0618,0
99,33,0,0.0239,0
99,34,0,0.0822,0
99,35,1,0.1442,0
99,36,0,0.0263,0
99,37,0,0.0988,1
99,38,1,0.02,0
99,39,1,0.2862,1
99,40,3,0.4976,0
99,41,0,0.0241,0
99,42,3,0.7311,1
99,43,1,0.0876,0
99,44,0,0.043,0
99,45,0,0.1321,0
99,46,0,0.0422,0
99,47,0,0.0096,0
99,48,1,0.1095,0
99,49,0,0.0663,0
99,50,0,0.0041,0
99,51,0,0.0048,0
99,52,1,0.1189,0
99,53,1,0.1721,0
99,54,3,0.5437,1
99,55,3,0.8193,1
99,56,0,0.1512,0
99,57,1,0.0651,0
99,58,2,0.3277,0
99,59,0,0.0861,0
100,0,2,0.3177,0
100,1,0,0.0599,0
100,2,0,0.0296,0
100,3,2,0.2499,0
100,4,0,0.0097,0
100,5,1,0.2096,0
100,6,0,0.0126,0
100,7,0,0.0052,0
100,8,1,0.2161,0
100,9,0,0.0205,0
100,10,0,0.1416,0
100,11,0,0.0636,0
100,12,0,0.0727,0
100,13,0,0.0707,0
100,14,0,0.0057,0
100,15,0,0.0839,0
100,16,0,0.0148,0
100,17,3,0.685,1
100,18,2,0.2273,1
100,19,0,0.0414,0
100,20,0,0.005,0
100,21,1,0.1931,0
100,22,0,0.0869,1
100,23,0,0.1004,0
100,24,0,0.0604,0
100,25,2,0.2569,0
100,26,0,0.0748,0
100,27,0,0.0299,0
100,28,0,0.0831,0
100,29,0,0.0059,0
100,30,0,0.037,0
100,31,2,0.5032,1
100,32,0,0.0618,0
100,33,0,0.0239,0
100,34,0,0.0822,0
100,35,0,0.0435,0
100,36,0,0.0263,0
100,37,0,0.0988,0
100,38,2,0.133,0
100,39,0,0.1195,0
100,40,0,0.0177,0
100,41,0,0.0241,0
100,42,0,0.079,1
100,43,1,0.0876,0
100,44,1,0.1528,0
100,45,0,0.1321,0
100,46,0,0.0422,0
100,47,0,0.0096,0
100,48,0,0.0252,0
100,49,0,0.0663,0
100,50,1,0.0077,0
100,51,1,0.0784,0
100,52,0,0.0258,0
100,53,1,0.1721,0
100,54,0,0.0296,0
100,55,0,0.0955,0
100,56,0,0.1512,0
100,57,0,0.0065,0
100,58,0,0.041,0
100,59,0,0.0861,0
101,0,2,0.3177,0
101,1,0,0.0599,0
101,2,0,0.0296,0
101,3,0,0.0168,0
101,4,0,0.0097,0
101,5,0,0.0757,0
101,6,0,0.0126,0
101,7,0,0.0052,0
101,8,0,0.0783,0
101,9,0,0.0205,0
101,10,0,0.1416,0
101,11,0,0.0636,1
101,12,0,0.0727,0
101,13,0,0.0707,0
101,14,0,0.0057,0
101,15,0,0.0839,0
101,16,0,0.0148,0
101,17,0,0.0615,0
101,18,1,0.072,0
101,19,2,0.3226,0
101,20,0,0.005,0
101,21,0,0.0705,0
101,22,0,0.0869,0
101,23,0,0.1004,0
101,24,0,0.0604,0
101,25,1,0.0977,0
101,26,0,0.0748,0
101,27,0,0.0299,0
101,28,0,0.0831,0
101,29,0,0.0059,0
101,30,2,0.3055,1
101,31,0,0.0964,0
101,32,1,0.1843,0
101,33,1,0.1226,0
101,34,0,0.0822,0
101,35,0,0.0435,0
101,36,0,0.0263,0
101,37,0,0.0988,0
101,38,0,0.0043,0
101,39,0,0.1195,0
101,40,0,0.0177,0
101,41,0,0.0241,0
101,42,0,0.079,0
101,43,0,0.0078,0
101,44,0,0.043,0
101,45,0,0.1321,1
101,46,1,0.1537,0
101,47,3,0.47,0
101,48,0,0.0252,0
101,49,1,0.1956,1
101,50,0,0.0041,0
101,51,0,0.0048,0
101,52,0,0.0258,0
101,53,0,0.0588,0
101,54,0,0.0296,0
101,55,0,0.0955,0
101,56,0,0.1512,0
101,57,0,0.0065,0
101,58,0,0.041,0
101,59,0,0.0861,0
102,0,1,0.1292,0
102,1,0,0.0599,0
102,2,0,0.0296,0
102,3,0,0.0168,0
102,4,0,0.0097,0
102,5,0,0.0757,0
102,6,0,0.0126,0
102,7,0,0.0052,0
102,8,0,0.0783,0
102,9,0,0.0205,0
102,10,0,0.1416,0
102,11,0,0.0636,0
102,12,0,0.0727,0
102,13,1,0.2038,0
102,14,0,0.0057,0
102,15,0,0.0839,0
102,16,0,0.0148,0
102,17,0,0.0615,0
102,18,0,0.0055,0
102,19,0,0.0414,0
102,20,1,0.0759,0
102,21,0,0.0705,0
102,22,0,0.0869,0
102,23,0,0.1004,0
102,24,3,0.6451,0
102,25,0,0.0176,0
102,26,0,0.0748,0
102,27,0,0.0299,0
102,28,0,0.0831,0
102,29,0,0.0059,0
102,30,0,0.037,0
102,31,0,0.0964,0
102,32,0,0.0618,0
102,33,0,0.0239,0
102,34,0,0.0822,0
102,35,1,0.1442,0
102,36,0,0.0263,0
102,37,0,0.0988,0
102,38,1,0.02,0
102,39,1,0.2862,0
102,40,0,0.0177,0
102,41,0,0.0241,0
102,42,2,0.4365,0
102,43,1,0.0876,0
102,44,0,0.043,0
102,45,0,0.1321,0
102,46,0,0.0422,0
102,47,0,0.0096,0
102,48,1,0.1095,0
102,49,0,0.0663,0
102,50,0,0.0041,0
102,51,0,0.0048,0
102,52,0,0.0258,0
102,53,0,0.0588,0
102,54,2,0.3091,0
102,55,0,0.0955,0
102,56,0,0.1512,0
102,57,0,0.0065,0
102,58,1,0.142,1
102,59,0,0.0861,0
103,0,2,0.3177,0
103,1,0,0.0599,0
103,2,0,0.0296,0
103,3,0,0.0168,0
103,4,0,0.0097,0
103,5,0,0.0757,0
103,6,0,0.0126,0
103,7,0,0.0052,0
103,8,0,0.0783,0
103,9,0,0.0205,0
103,10,0,0.1416,0
103,11,0,0.0636,1
103,12,0,0.0727,0
103,13,0,0.0707,0
103,14,0,0.0057,0
103,15,0,0.0839,0
103,16,0,0.0148,0
103,17,0,0.0615,0
103,18,0,0.0055,0
103,19,0,0.0414,0
103,20,0,0.005,0
103,21,0,0.0705,0
103,22,0,0.0869,0
103,23,2,0.5058,1
103,24,1,0.1824,0
103,25,0,0.0176,0
103,26,0,0.0748,0
103,27,1,0.1176,0
103,28,0,0.0831,0
103,29,0,0.0059,0
103,30,2,0.3055,0
103,31,0,0.0964,0
103,32,2,0.3983,0
103,33,0,0.0239,0
103,34,2,0.4427,0
103,35,0,0.0435,0
103,36,0,0.0263,0
103,37,3,0.8201,1
103,38,0,0.0043,0
103,39,0,0.1195,0
103,40,1,0.1115,0
103,41,0,0.0241,0
103,42,1,0.2114,0
103,43,0,0.0078,0
103,44,1,0.1528,0
103,45,3,0.8017,1
103,46,0,0.0422,0
103,47,0,0.0096,0
103,48,0,0.0252,0
103,49,1,0.1956,0
103,50,0,0.0041,0
103,51,0,0.0048,0
103,52,0,0.0258,0
103,53,0,0.0588,0
103,54,0,0.0296,0
103,55,0,0.0955,0
103,56,3,0.8386,1
103,57,1,0.0651,0
103,58,0,0.041,0
103,59,3,0.7372,0
104,0,1,0.1292,0
104,1,0,0.0599,0
104,2,0,0.0296,0
104,3,0,0.0168,0
104,4,0,0.0097,0
104,5,0,0.0757,0
104,6,0,0.0126,0
104,7,0,0.0052,0
104,8,0,0.0783,0
104,9,0,0.0205,0
104,10,0,0.1416,0
104,11,0,0.0636,0
104,12,0,0.0727,0
104,13,3,0.6543,0
104,14,0,0.0057,0
104,15,0,0.0839,0
104,16,0,0.0148,0
104,17,0,0.0615,0
104,18,0,0.0055,0
104,19,0,0.0414,0
104,20,2,0.2282,1
104,21,0,0.0705,0
104,22,0,0.0869,0
104,23,0,0.1004,0
104,24,1,0.1824,0
104,25,0,0.0176,0
104,26,0,0.0748,0
104,27,0,0.0299,0
104,28,0,0.0831,0
104,29,0,0.0059,0
104,30,0,0.037,0
104,31,0,0.0964,0
104,32,0,0.0618,0
104,33,0,0.0239,0
104,34,0,0.0822,0
104,35,2,0.3288,0
104,36,0,0.0263,0
104,37,0,0.0988,0
104,38,1,0.02,0
104,39,2,0.5554,0
104,40,0,0.0177,0
104,41,0,0.0241,0
104,42,1,0.2114,0
104,43,3,0.47,1
104,44,0,0.043,0
104,45,0,0.1321,0
104,46,0,0.0422,0
104,47,0,0.0096,0
104,48,3,0.5244,1
104,49,0,0.0663,0
104,50,0,0.0041,0
104,51,0,0.0048,0
104,52,0,0.0258,0
104,53,0,0.0588,0
104,54,1,0.1269,0
104,55,0,0.0955,0
104,56,0,0.1512,0
104,57,0,0.0065,0
104,58,1,0.142,0
104,59,0,0.0861,0
105,0,1,0.1292,0
105,1,0,0.0599,0
105,2,2,0.2835,1
105,3,0,0.0168,0
105,4,0,0.0097,0
105,5,0,0.0757,0
105,6,0,0.0126,0
105,7,1,0.0501,0
105,8,0,0.0783,0
105,9,1,0.1044,0
105,10,0,0.1416,0
105,11,0,0.0636,0
105,12,0,0.0727,0
105,13,0,0.0707,0
105,14,0,0.0057,0
105,15,0,0.0839,0
105,16,1,0.0974,0
105,17,0,0.0615,0
105,18,0,0.0055,0
105,19,0,0.0414,1
105,20,0,0.005,0
105,21,0,0.0705,0
105,22,0,0.0869,0
105,23,0,0.1004,0
105,24,0,0.0604,0
105,25,0,0.0176,0
105,26,1,0.2031,1
105,27,0,0.0299,0
105,28,0,0.0831,0
105,29,0,0.0059,0
105,30,0,0.037,0
105,31,0,0.0964,0
105,32,0,0.0618,0
105,33,0,0.0239,0
105,34,0,0.0822,0
105,35,0,0.0435,0
105,36,1,0.1321,0
105,37,1,0.2482,0
105,38,0,0.0043,0
105,39,0,0.1195,1
105,40,0,0.0177,0
105,41,0,0.0241,0
105,42,0,0.079,0
105,43,0,0.0078,0
105,44,0,0.043,0
105,45,0,0.1321,0
105,46,0,0.0422,0
105,47,0,0.0096,0
105,48,0,0.0252,0
105,49,0,0.0663,0
105,50,0,0.0041,0
105,51,0,0.0048,0
105,52,0,0.0258,0
105,53,0,0.0588,0
105,54,0,0.0296,0
105,55,0,0.0955,0
105,56,0,0.1512,0
105,57,0,0.0065,0
105,58,1,0.142,0
105,59,0,0.0861,0
106,0,2,0.3177,0
106,1,0,0.0599,0
106,2,0,0.0296,0
106,3,0,0.0168,0
106,4,0,0.0097,0
106,5,0,0.0757,0
106,6,0,0.0126,0
106,7,0,0.0052,0
106,8,0,0.0783,1
106,9,0,0.0205,0
106,10,1,0.3249,1
106,11,1,0.1841,0
106,12,1,0.1984,0
106,13,1,0.2038,1
106,14,0,0.0057,0
106,15,1,0.2208,0
106,16,0,0.0148,0
106,17,1,0.1755,1
106,18,0,0.0055,0
106,19,0,0.0414,0
106,20,0,0.005,0
106,21,0,0.0705,0
106,22,0,0.0869,0
106,23,2,0.5058,0
106,24,1,0.1824,0
106,25,3,0.5075,1
106,26,0,0.0748,0
106,27,1,0.1176,0
106,28,2,0.4587,1
106,29,0,0.0059,0
106,30,2,0.3055,1
106,31,1,0.2496,0
106,32,2,0.3983,0
106,33,1,0.1226,0
106,34,2,0.4427,1
106,35,0,0.0435,1
106,36,0,0.0263,0
106,37,3,0.8201,1
106,38,0,0.0043,0
106,39,0,0.1195,0
106,40,1,0.1115,0
106,41,2,0.2827,1
106,42,1,0.2114,0
106,43,0,0.0078,0
106,44,1,0.1528,1
106,45,3,0.8017,1
106,46,1,0.1537,0
106,47,0,0.0096,0
106,48,0,0.0252,0
106,49,1,0.1956,0
106,50,0,0.0041,0
106,51,0,0.0048,0
106,52,0,0.0258,0
106,53,0,0.0588,1
106,54,0,0.0296,0
106,55,0,0.0955,0
106,56,3,0.8386,1
106,57,1,0.0651,0
106,58,0,0.041,0
106,59,3,0.7372,1
107,0,2,0.3177,1
107,1,0,0.0599,0
107,2,1,0.1166,0
107,3,0,0.0168,0
107,4,0,0.0097,0
107,5,0,0.0757,1
107,6,0,0.0126,0
107,7,3,0.3962,0
107,8,0,0.0783,0
107,9,3,0.5215,0
107,10,0,0.1416,0
107,11,0,0.0636,0
107,12,0,0.0727,0
107,13,0,0.0707,0
107,14,0,0.0057,0
107,15,0,0.0839,0
107,16,3,0.4976,1
107,17,0,0.0615,0
107,18,0,0.0055,0
107,19,0,0.0414,0
107,20,0,0.005,0
107,21,0,0.0705,0
107,22,0,0.0869,0
107,23,0,0.1004,0
107,24,0,0.0604,0
107,25,0,0.0176,0
107,26,3,0.7544,0
107,27,0,0.0299,0
107,28,0,0.0831,0
107,29,0,0.0059,0
107,30,0,0.037,0
107,31,0,0.0964,0
107,32,0,0.0618,0
107,33,0,0.0239,0
107,34,0,0.0822,0
107,35,0,0.0435,0
107,36,3,0.516,0
107,37,3,0.8201,1
107,38,0,0.0043,0
107,39,0,0.1195,0
107,40,0,0.0177,0
107,41,0,0.0241,0
107,42,0,0.079,0
107,43,0,0.0078,0
107,44,0,0.043,0
107,45,0,0.1321,0
107,46,0,0.0422,0
107,47,0,0.0096,0
107,48,0,0.0252,0
107,49,0,0.0663,1
107,50,0,0.0041,0
107,51,0,0.0048,0
107,52,0,0.0258,0
107,53,0,0.0588,0
107,54,0,0.0296,0
107,55,0,0.0955,0
107,56,0,0.1512,1
107,57,0,0.0065,0
107,58,3,0.6038,0
107,59,0,0.0861,0
108,0,2,0.3177,0
108,1,0,0.0599,0
108,2,0,0.0296,0
108,3,0,0.0168,0
108,4,1,0.0783,0
108,5,0,0.0757,1
108,6,0,0.0126,0
108,7,1,0.0501,0
108,8,0,0.0783,0
108,9,0,0.0205,0
108,10,0,0.1416,0
108,11,0,0.0636,0
108,12,0,0.0727,0
108,13,0,0.0707,0
108,14,0,0.0057,0
108,15,0,0.0839,0
108,16,0,0.0148,0
108,17,0,0.0615,0
108,18,0,0.0055,0
108,19,1,0.1403,0
108,20,0,0.005,0
108,21,0,0.0705,0
108,22,0,0.0869,0
108,23,0,0.1004,0
108,24,0,0.0604,0
108,25,0,0.0176,0
108,26,0,0.0748,0
108,27,0,0.0299,0
108,28,0,0.0831,0
108,29,1,0.0101,0
108,30,0,0.037,0
108,31,0,0.0964,1
108,32,0,0.0618,0
108,33,0,0.0239,0
108,34,0,0.0822,0
108,35,0,0.0435,0
108,36,0,0.0263,0
108,37,0,0.0988,0
108,38,0,0.0043,0
108,39,0,0.1195,0
108,40,2,0.2912,0
108,41,0,0.0241,0
108,42,2,0.4365,1
108,43,0,0.0078,0
108,44,0,0.043,0
108,45,0,0.1321,0
108,46,0,0.0422,0
108,47,0,0.0096,0
108,48,0,0.0252,1
108,49,0,0.0663,0
108,50,0,0.0041,0
108,51,0,0.0048,0
108,52,1,0.1189,0
108,53,1,0.1721,0
108,54,0,0.0296,0
108,55,2,0.485,0
108,56,0,0.1512,0
108,57,1,0.0651,0
108,58,0,0.041,0
108,59,0,0.0861,0
109,0,2,0.3177,0
109,1,0,0.0599,0
109,2,1,0.1166,0
109,3,0,0.0168,0
109,4,0,0.0097,0
109,5,0,0.0757,0
109,6,0,0.0126,0
109,7,2,0.1891,0
109,8,0,0.0783,0
109,9,2,0.2687,0
109,10,0,0.1416,0
109,11,0,0.0636,0
109,12,0,0.0727,0
109,13,0,0.0707,0
109,14,0,0.0057,0
109,15,0,0.0839,0
109,16,2,0.261,1
109,17,0,0.0615,0
109,18,1,0.072,1
109,19,2,0.3226,0
109,20,0,0.005,0
109,21,0,0.0705,0
109,22,0,0.0869,0
109,23,0,0.1004,0
109,24,0,0.0604,0
109,25,1,0.0977,0
109,26,2,0.4219,1
109,27,0,0.0299,0
109,28,0,0.0831,0
109,29,0,0.0059,0
109,30,2,0.3055,1
109,31,0,0.0964,0
109,32,1,0.1843,0
109,33,1,0.1226,0
109,34,0,0.0822,1
109,35,0,0.0435,0
109,36,2,0.328,0
109,37,2,0.4948,1
109,38,0,0.0043,0
109,39,0,0.1195,0
109,40,0,0.0177,0
109,41,0,0.0241,0
109,42,0,0.079,0
109,43,0,0.0078,0
109,44,0,0.043,0
109,45,0,0.1321,0
109,46,1,0.1537,0
109,47,3,0.47,0
109,48,0,0.0252,0
109,49,1,0.1956,0
109,50,0,0.0041,0
109,51,0,0.0048,0
109,52,0,0.0258,0
109,53,0,0.0588,0
109,54,0,0.0296,0
109,55,0,0.0955,0
109,56,0,0.1512,0
109,57,0,0.0065,0
109,58,2,0.3277,1
109,59,0,0.0861,0
110,0,2,0.3177,0
110,1,0,0.0599,0
110,2,0,0.0296,0
110,3,2,0.2499,0
110,4,0,0.0097,0
110,5,1,0.2096,1
110,6,0,0.0126,0
110,7,0,0.0052,0
110,8,1,0.2161,0
110,9,0,0.0205,0
110,10,0,0.1416,0
110,11,0,0.0636,0
110,12,0,0.0727,0
110,13,0,0.0707,0
110,14,0,0.0057,0
110,15,0,0.0839,0
110,16,0,0.0148,0
110,17,3,0.685,0
110,18,2,0.2273,1
110,19,0,0.0414,0
110,20,0,0.005,0
110,21,1,0.1931,0
110,22,0,0.0869,0
110,23,0,0.1004,0
110,24,0,0.0604,0
110,25,2,0.2569,0
110,26,0,0.0748,0
110,27,0,0.0299,0
110,28,0,0.0831,0
110,29,0,0.0059,0
110,30,0,0.037,0
110,31,2,0.5032,0
110,32,0,0.0618,0
110,33,0,0.0239,0
110,34,0,0.0822,0
110,35,0,0.0435,0
110,36,0,0.0263,0
110,37,0,0.0988,0
110,38,2,0.133,0
110,39,0,0.1195,1
110,40,0,0.0177,0
110,41,0,0.0241,0
110,42,0,0.079,0
110,43,1,0.0876,0
110,44,1,0.1528,0
110,45,0,0.1321,0
110,46,0,0.0422,0
110,47,0,0.0096,0
110,48,0,0.0252,0
110,49,0,0.0663,1
110,50,1,0.0077,0
110,51,1,0.0784,0
110,52,0,0.0258,0
110,53,1,0.1721,0
110,54,0,0.0296,0
110,55,0,0.0955,0
110,56,0,0.1512,0
110,57,0,0.0065,0
110,58,0,0.041,0
110,59,0,0.0861,0
111,0,0,0.0276,0
111,1,0,0.0599,0
111,2,0,0.0296,0
111,3,0,0.0168,0
111,4,0,0.0097,0
111,5,0,0.0757,0
111,6,0,0.0126,0
111,7,0,0.0052,0
111,8,0,0.0783,0
111,9,0,0.0205,0
111,10,2,0.615,1
111,11,3,0.6911,1
111,12,3,0.7172,0
111,13,3,0.6543,1
111,14,0,0.0057,0
111,15,3,0.7733,1
111,16,0,0.0148,0
111,17,3,0.685,1
111,18,0,0.0055,0
111,19,0,0.0414,0
111,20,0,0.005,0
111,21,0,0.0705,0
111,22,0,0.0869,0
111,23,0,0.1004,0
111,24,0,0.0604,0
111,25,1,0.0977,0
111,26,0,0.0748,0
111,27,0,0.0299,0
111,28,1,0.2228,0
111,29,0,0.0059,0
111,30,0,0.037,0
111,31,3,0.7096,0
111,32,0,0.0618,0
111,33,2,0.3084,1
111,34,0,0.0822,0
111,35,0,0.0435,0
111,36,0,0.0263,0
111,37,0,0.0988,0
111,38,0,0.0043,0
111,39,0,0.1195,0
111,40,0,0.0177,0
111,41,1,0.1126,0
111,42,0,0.079,0
111,43,0,0.0078,0
111,44,0,0.043,0
111,45,0,0.1321,0
111,46,2,0.3546,0
111,47,0,0.0096,0
111,48,0,0.0252,0
111,49,0,0.0663,0
111,50,0,0.0041,0
111,51,0,0.0048,0
111,52,0,0.0258,0
111,53,0,0.0588,0
111,54,0,0.0296,0
111,55,0,0.0955,0
111,56,0,0.1512,0
111,57,0,0.0065,0
111,58,0,0.041,0
111,59,0,0.0861,0
112,0,1,0.1292,0
112,1,0,0.0599,0
112,2,0,0.0296,0
112,3,0,0.0168,0
112,4,0,0.0097,0
112,5,0,0.0757,0
112,6,0,0.0126,0
112,7,0,0.0052,0
112,8,0,0.0783,0
112,9,0,0.0205,0
112,10,0,0.1416,0
112,11,0,0.0636,0
112,12,0,0.0727,1
112,13,3,0.6543,1
112,14,0,0.0057,0
112,15,0,0.0839,0
112,16,0,0.0148,0
112,17,0,0.0615,0
112,18,0,0.0055,0
112,19,0,0.0414,0
112,20,2,0.2282,0
112,21,0,0.0705,0
112,22,0,0.0869,0
112,23,0,0.1004,0
112,24,1,0.1824,0
112,25,0,0.0176,0
112,26,0,0.0748,0
112,27,0,0.0299,0
112,28,0,0.0831,0
112,29,0,0.0059,0
112,30,0,0.037,0
112,31,0,0.0964,0
112,32,0,0.0618,1
112,33,0,0.0239,0
112,34,0,0.0822,1
112,35,2,0.3288,0
112,36,0,0.0263,1
112,37,0,0.0988,0
112,38,1,0.02,0
112,39,2,0.5554,1
112,40,0,0.0177,0
112,41,0,0.0241,0
112,42,1,0.2114,0
112,43,3,0.47,1
112,44,0,0.043,0
112,45,0,0.1321,0
112,46,0,0.0422,0
112,47,0,0.0096,0
112,48,3,0.5244,1
112,49,0,0.0663,0
112,50,0,0.0041,0
112,51,0,0.0048,0
112,52,0,0.0258,0
112,53,0,0.0588,0
112,54,1,0.1269,0
112,55,0,0.0955,0
112,56,0,0.1512,0
112,57,0,0.0065,0
112,58,1,0.142,1
112,59,0,0.0861,0
113,0,0,0.0276,0
113,1,0,0.0599,0
113,2,0,0.0296,0
113,3,0,0.0168,0
113,4,0,0.0097,0
113,5,0,0.0757,0
113,6,0,0.0126,0
113,7,0,0.0052,0
113,8,0,0.0783,0
113,9,0,0.0205,0
113,10,3,0.8386,1
113,11,2,0.3946,0
113,12,2,0.4143,1
113,13,2,0.4321,1
113,14,0,0.0057,0
113,15,2,0.4518,1
113,16,0,0.0148,0
113,17,2,0.3757,0
113,18,0,0.0055,0
113,19,0,0.0414,0
113,20,0,0.005,0
113,21,0,0.0705,0
113,22,0,0.0869,0
113,23,0,0.1004,0
113,24,0,0.0604,0
113,25,1,0.0977,0
113,26,0,0.0748,1
113,27,0,0.0299,0
113,28,1,0.2228,0
113,29,0,0.0059,0
113,30,0,0.037,0
113,31,2,0.5032,0
113,32,0,0.0618,0
113,33,3,0.516,0
113,34,0,0.0822,0
113,35,0,0.0435,0
113,36,0,0.0263,0
113,37,0,0.0988,1
113,38,0,0.0043,0
113,39,0,0.1195,0
113,40,0,0.0177,0
113,41,1,0.1126,1
113,42,0,0.079,1
113,43,0,0.0078,0
113,44,0,0.043,1
113,45,0,0.1321,1
113,46,1,0.1537,0
113,47,0,0.0096,0
113,48,0,0.0252,0
113,49,0,0.0663,0
113,50,0,0.0041,0
113,51,0,0.0048,0
113,52,0,0.0258,0
113,53,0,0.0588,0
113,54,0,0.0296,0
113,55,0,0.0955,1
113,56,0,0.1512,1
113,57,0,0.0065,0
113,58,0,0.041,0
113,59,0,0.0861,0
114,0,1,0.1292,0
114,1,0,0.0599,0
114,2,0,0.0296,0
114,3,1,0.0943,0
114,4,0,0.0097,0
114,5,3,0.6911,1
114,6,0,0.0126,0
114,7,0,0.0052,0
114,8,2,0.45,0
114,9,0,0.0205,0
114,10,0,0.1416,0
114,11,0,0.0636,0
114,12,0,0.0727,0
114,13,0,0.0707,0
114,14,0,0.0057,0
114,15,0,0.0839,0
114,16,0,0.0148,0
114,17,1,0.1755,0
114,18,1,0.072,0
114,19,0,0.0414,0
114,20,0,0.005,0
114,21,3,0.7271,1
114,22,0,0.0869,0
114,23,0,0.1004,0
114,24,0,0.0604,0
114,25,1,0.0977,0
114,26,0,0.0748,0
114,27,0,0.0299,0
114,28,0,0.0831,0
114,29,0,0.0059,0
114,30,0,0.037,0
114,31,1,0.2496,0
114,32,0,0.0618,0
114,33,0,0.0239,0
114,34,0,0.0822,0
114,35,0,0.0435,0
114,36,0,0.0263,0
114,37,0,0.0988,0
114,38,1,0.02,0
114,39,0,0.1195,0
114,40,0,0.0177,0
114,41,0,0.0241,0
114,42,0,0.079,0
114,43,1,0.0876,0
114,44,2,0.3511,0
114,45,0,0.1321,0
114,46,0,0.0422,0
114,47,0,0.0096,0
114,48,0,0.0252,0
114,49,0,0.0663,0
114,50,3,0.2952,0
114,51,2,0.2305,0
114,52,0,0.0258,0
114,53,2,0.372,0
114,54,0,0.0296,0
114,55,0,0.0955,0
114,56,0,0.1512,0
114,57,0,0.0065,0
114,58,0,0.041,0
114,59,0,0.0861,1
115,0,2,0.3177,0
115,1,0,0.0599,0
115,2,0,0.0296,0
115,3,0,0.0168,0
115,4,0,0.0097,0
115,5,0,0.0757,0
115,6,0,0.0126,0
115,7,0,0.0052,0
115,8,0,0.0783,0
115,9,0,0.0205,0
115,10,0,0.1416,0
115,11,0,0.0636,1
115,12,0,0.0727,0
115,13,2,0.4321,0
115,14,0,0.0057,0
115,15,0,0.0839,0
115,16,0,0.0148,0
115,17,0,0.0615,0
115,18,0,0.0055,0
115,19,0,0.0414,0
115,20,3,0.4515,1
115,21,0,0.0705,0
115,22,0,0.0869,0
115,23,0,0.1004,0
115,24,1,0.1824,0
115,25,0,0.0176,0
115,26,0,0.0748,0
115,27,0,0.0299,0
115,28,0,0.0831,0
115,29,0,0.0059,0
115,30,0,0.037,0
115,31,0,0.0964,0
115,32,0,0.0618,0
115,33,0,0.0239,0
115,34,0,0.0822,1
115,35,3,0.6155,1
115,36,0,0.0263,0
115,37,0,0.0988,0
115,38,2,0.133,0
115,39,1,0.2862,1
115,40,0,0.0177,0
115,41,0,0.0241,0
115,42,1,0.2114,1
115,43,2,0.2484,0
115,44,0,0.043,0
115,45,0,0.1321,0
115,46,0,0.0422,0
115,47,0,0.0096,0
115,48,2,0.2728,0
115,49,0,0.0663,0
115,50,0,0.0041,0
115,51,0,0.0048,0
115,52,0,0.0258,0
115,53,0,0.0588,0
115,54,1,0.1269,0
115,55,0,0.0955,0
115,56,0,0.1512,1
115,57,0,0.0065,0
115,58,1,0.142,0
115,59,0,0.0861,0
116,0,1,0.1292,0
116,1,0,0.0599,0
116,2,0,0.0296,0
116,3,0,0.0168,0
116,4,0,0.0097,0
116,5,0,0.0757,0
116,6,0,0.0126,0
116,7,0,0.0052,0
116,8,0,0.0783,1
116,9,0,0.0205,0
116,10,0,0.1416,0
116,11,0,0.0636,0
116,12,0,0.0727,0
116,13,1,0.2038,0
116,14,0,0.0057,0
116,15,0,0.0839,0
116,16,0,0.0148,0
116,17,0,0.0615,0
116,18,0,0.0055,0
116,19,0,0.0414,0
116,20,1,0.0759,0
116,21,0,0.0705,0
116,22,0,0.0869,0
116,23,0,0.1004,0
116,24,3,0.6451,1
116,25,0,0.0176,0
116,26,0,0.0748,1
116,27,0,0.0299,0
116,28,0,0.0831,0
116,29,0,0.0059,0
116,30,0,0.037,0
116,31,0,0.0964,0
116,32,0,0.0618,0
116,33,0,0.0239,0
116,34,0,0.0822,0
116,35,1,0.1442,0
116,36,0,0.0263,0
116,37,0,0.0988,1
116,38,1,0.02,0
116,39,1,0.2862,0
116,40,0,0.0177,0
116,41,0,0.0241,0
116,42,2,0.4365,0
116,43,1,0.0876,0
116,44,0,0.043,0
116,45,0,0.1321,0
116,46,0,0.0422,0
116,47,0,0.0096,0
116,48,1,0.1095,0
116,49,0,0.0663,0
116,50,0,0.0041,0
116,51,0,0.0048,0
116,52,0,0.0258,0
116,53,0,0.0588,0
116,54,2,0.3091,0
116,55,0,0.0955,0
116,56,0,0.1512,0
116,57,0,0.0065,0
116,58,1,0.142,0
116,59,0,0.0861,0
117,0,0,0.0276,0
117,1,0,0.0599,0
117,2,0,0.0296,0
117,3,0,0.0168,0
117,4,0,0.0097,0
117,5,0,0.0757,0
117,6,0,0.0126,0
117,7,0,0.0052,0
117,8,0,0.0783,0
117,9,0,0.0205,0
117,10,2,0.615,0
117,11,3,0.6911,0
117,12,3,0.7172,0
117,13,3,0.6543,1
117,14,0,0.0057,0
117,15,3,0.7733,1
117,16,0,0.0148,0
117,17,3,0.685,0
117,18,0,0.0055,0
117,19,0,0.0414,0
117,20,0,0.005,0
117,21,0,0.0705,0
117,22,0,0.0869,1
117,23,0,0.1004,1
117,24,0,0.0604,1
117,25,1,0.0977,0
117,26,0,0.0748,0
117,27,0,0.0299,0
117,28,1,0.2228,0
117,29,0,0.0059,0
117,30,0,0.037,0
117,31,3,0.7096,1
117,32,0,0.0618,0
117,33,2,0.3084,0
117,34,0,0.0822,0
117,35,0,0.0435,0
117,36,0,0.0263,0
117,37,0,0.0988,0
117,38,0,0.0043,0
117,39,0,0.1195,0
117,40,0,0.0177,0
117,41,1,0.1126,0
117,42,0,0.079,0
117,43,0,0.0078,0
117,44,0,0.043,0
117,45,0,0.1321,0
117,46,2,0.3546,0
117,47,0,0.0096,0
117,48,0,0.0252,0
117,49,0,0.0663,0
117,50,0,0.0041,0
117,51,0,0.0048,0
117,52,0,0.0258,0
117,53,0,0.0588,0
117,54,0,0.0296,0
117,55,0,0.0955,0
117,56,0,0.1512,0
117,57,0,0.0065,0
117,58,0,0.041,0
117,59,0,0.0861,1
118,0,1,0.1292,0
118,1,0,0.0599,0
118,2,1,0.1166,0
118,3,0,0.0168,0
118,4,0,0.0097,0
118,5,0,0.0757,0
118,6,0,0.0126,0
118,7,2,0.1891,0
118,8,0,0.0783,0
118,9,2,0.2687,0
118,10,0,0.1416,0
118,11,0,0.0636,0
118,12,0,0.0727,0
118,13,0,0.0707,0
118,14,0,0.0057,0
118,15,0,0.0839,0
118,16,2,0.261,1
118,17,0,0.0615,0
118,18,0,0.0055,0
118,19,0,0.0414,0
118,20,0,0.005,0
118,21,0,0.0705,0
118,22,0,0.0869,0
118,23,0,0.1004,0
118,24,0,0.0604,0
118,25,0,0.0176,0
118,26,2,0.4219,0
118,27,0,0.0299,0
118,28,0,0.0831,0
118,29,0,0.0059,0
118,30,0,0.037,0
118,31,0,0.0964,0
118,32,0,0.0618,0
118,33,0,0.0239,0
118,34,0,0.0822,1
118,35,0,0.0435,0
118,36,2,0.328,0
118,37,2,0.4948,0
118,38,0,0.0043,0
118,39,0,0.1195,0
118,40,0,0.0177,0
118,41,0,0.0241,0
118,42,0,0.079,0
118,43,0,0.0078,0
118,44,0,0.043,0
118,45,0,0.1321,0
118,46,0,0.0422,0
118,47,0,0.0096,0
118,48,0,0.0252,0
118,49,0,0.0663,0
118,50,0,0.0041,0
118,51,0,0.0048,0
118,52,0,0.0258,0
118,53,0,0.0588,0
118,54,0,0.0296,0
118,55,0,0.0955,0
118,56,0,0.1512,0
118,57,0,0.0065,0
118,58,2,0.3277,0
118,59,0,0.0861,0
119,0,1,0.1292,1
119,1,0,0.0599,0
119,2,0,0.0296,0
119,3,1,0.0943,0
119,4,0,0.0097,0
119,5,2,0.4381,0
119,6,0,0.0126,0
119,7,0,0.0052,0
119,8,3,0.6819,1
119,9,0,0.0205,0
119,10,0,0.1416,0
119,11,0,0.0636,0
119,12,0,0.0727,0
119,13,0,0.0707,0
119,14,0,0.0057,0
119,15,0,0.0839,0
119,16,0,0.0148,0
119,17,1,0.1755,0
119,18,1,0.072,0
119,19,0,0.0414,0
119,20,0,0.005,0
119,21,2,0.4042,1
119,22,0,0.0869,0
119,23,0,0.1004,0
119,24,0,0.0604,0
119,25,1,0.0977,0
119,26,0,0.0748,0
119,27,0,0.0299,0
119,28,0,0.0831,0
119,29,0,0.0059,0
119,30,0,0.037,0
119,31,1,0.2496,0
119,32,0,0.0618,0
119,33,0,0.0239,0
119,34,0,0.0822,0
119,35,0,0.0435,0
119,36,0,0.0263,0
119,37,0,0.0988,1
119,38,1,0.02,0
119,39,0,0.1195,0
119,40,0,0.0177,0
119,41,0,0.0241,0
119,42,0,0.079,0
119,43,1,0.0876,0
119,44,2,0.3511,1
119,45,0,0.1321,0
119,46,0,0.0422,0
119,47,0,0.0096,0
119,48,0,0.0252,0
119,49,0,0.0663,0
119,50,2,0.11,0
119,51,3,0.4607,1
119,52,0,0.0258,0
119,53,3,0.6817,1
119,54,0,0.0296,0
119,55,0,0.0955,0
119,56,0,0.1512,0
119,57,0,0.0065,0
119,58,0,0.041,0
119,59,0,0.0861,0
