manuscript_id,reviewer_id,text_sim,keyword_fit,tag_overlap,load,acceptance_rate,is_busy,is_unavailable,baseline_score,manuscript_tag_count,reviewer_tag_count,relevance,success
183,623,0.16172602405979378,0.5,0.25,1.0986122886681098,0.7142857142857143,0.0,0.0,50,2,8,2,0
183,624,0.0,0.0,0.0,0.0,0.2857142857142857,0.0,0.0,0,2,0,0,0
183,625,0.0005991535706048264,0.0,0.0,0.0,0.25,0.0,0.0,0,2,0,0,0
183,626,0.02140432527970494,0.0,0.0,0.0,0.4,0.0,1.0,0,2,1,0,0
183,627,0.015563160494826256,0.0,0.7071067811865475,0.0,0.3333333333333333,0.0,1.0,50,2,1,0,0
183,628,0.018081703135356755,0.0,0.0,0.0,0.6,0.0,0.0,10,2,1,0,0
183,629,0.0,0.0,0.0,0.0,0.25,0.0,1.0,0,2,1,0,0
183,630,0.02146375493721487,0.0,0.5,0.6931471805599453,0.46153846153846156,0.0,1.0,50,2,2,0,0
183,631,0.015339481708249354,0.0,0.0,0.0,0.3333333333333333,0.0,0.0,0,2,1,0,0
183,632,0.048614204044465134,0.0,0.0,0.0,0.36363636363636365,0.0,1.0,30,2,2,0,0
183,633,0.015380091986682392,0.0,0.0,0.0,0.4,0.0,0.0,10,2,0,0,0
183,634,0.009779347410682544,0.0,0.0,0.0,0.42857142857142855,0.0,0.0,0,2,0,0,0
183,635,0.020948198511153086,0.0,0.0,0.6931471805599453,0.5,0.0,0.0,10,2,1,0,0
183,636,0.015114213243836785,0.0,0.0,0.0,0.5454545454545454,1.0,0.0,10,2,2,0,0
183,637,0.01372884846604623,0.0,0.0,0.0,0.2,0.0,1.0,0,2,1,0,0
183,638,0.010705072827936129,0.0,0.0,0.0,0.5555555555555556,0.0,0.0,0,2,0,0,0
183,639,0.005740814189970752,0.0,0.0,0.0,0.5,1.0,0.0,0,2,1,0,0
183,640,0.02896609532967189,0.0,0.0,0.6931471805599453,0.3333333333333333,0.0,0.0,0,2,2,0,0
183,641,0.07936866160123071,0.0,0.0,0.0,0.2,0.0,1.0,30,2,2,0,0
183,642,0.004166735145530316,0.0,0.5,0.0,0.6,0.0,0.0,50,2,2,0,0
183,643,0.0863447670740733,0.0,0.0,0.0,0.5714285714285714,0.0,1.0,10,2,1,0,0
183,644,0.0033725324366214874,0.0,0.0,0.6931471805599453,0.42857142857142855,0.0,0.0,10,2,1,0,0
183,645,0.050974039262452406,0.0,0.0,0.0,0.42857142857142855,1.0,0.0,10,2,0,0,1
183,646,0.019888456291589966,0.0,0.7071067811865475,0.0,0.625,0.0,0.0,50,2,1,2,1
183,647,0.018430268223672174,0.0,0.0,0.0,0.625,0.0,0.0,10,2,1,1,0
183,648,0.046646604655628955,0.0,0.0,0.0,0.2857142857142857,0.0,1.0,20,2,3,0,0
183,649,0.0031990957049829005,0.0,0.0,0.0,0.5,0.0,0.0,0,2,1,0,0
183,650,0.04661047007267571,0.0,0.0,0.0,0.45454545454545453,1.0,0.0,10,2,2,1,0
183,651,0.0025249562894825136,0.0,0.0,0.0,0.375,1.0,0.0,0,2,1,0,0
183,652,0.01898255442199989,0.0,0.7071067811865475,0.0,0.3333333333333333,0.0,1.0,50,2,1,0,0
183,653,0.012726033134346343,0.0,0.0,0.0,0.2727272727272727,0.0,0.0,10,2,1,2,1
183,654,0.012767019524236799,0.0,0.0,0.0,0.4,0.0,0.0,10,2,2,0,0
183,655,0.03526012037174389,0.0,0.4082482904638631,0.6931471805599453,0.7,0.0,0.0,50,2,3,2,1
183,656,0.06762098782239968,0.0,0.0,0.0,0.16666666666666666,0.0,1.0,10,2,2,0,0
183,657,0.01596102496171213,0.0,0.4082482904638631,1.0986122886681098,0.75,0.0,0.0,50,2,3,2,1
183,658,0.09198635383369622,0.0,0.0,0.0,0.45454545454545453,1.0,0.0,35,2,2,0,0
183,659,0.0,0.0,0.0,0.0,0.2857142857142857,0.0,1.0,0,2,0,0,0
183,660,0.5181326273016144,1.0,0.5,0.0,0.7,0.0,0.0,50,2,2,3,1
183,661,0.030813277819720673,0.0,0.0,0.0,0.25,0.0,1.0,30,2,2,0,0
183,662,0.011520767006068158,0.0,0.0,0.6931471805599453,0.7,0.0,0.0,0,2,2,0,0
183,663,0.0178905307180516,0.0,0.0,0.0,0.4444444444444444,1.0,0.0,0,2,2,1,0
183,664,0.006702115072351491,0.0,0.0,0.6931471805599453,0.6,1.0,0.0,0,2,1,0,0
183,665,0.018474674052120443,0.0,0.0,0.6931471805599453,0.6666666666666666,0.0,0.0,20,2,3,1,0
183,666,0.024320667537593946,0.0,0.0,0.0,0.4444444444444444,0.0,1.0,10,2,2,0,0
183,667,0.015398499437767683,0.0,0.0,0.6931471805599453,0.5833333333333334,0.0,0.0,0,2,2,1,0
183,668,0.58605838507407,1.0,0.5,0.0,0.42857142857142855,0.0,0.0,50,2,2,3,1
183,669,0.048434112418971685,0.0,0.4082482904638631,0.6931471805599453,0.42857142857142855,0.0,0.0,50,2,3,0,0
183,670,0.004295016689716047,0.0,0.0,0.0,0.2857142857142857,0.0,1.0,0,2,1,0,0
183,671,0.015070916487269492,0.0,0.0,0.6931471805599453,0.4444444444444444,0.0,0.0,0,2,1,0,0
183,672,0.03733591956741179,0.0,0.0,0.0,0.5714285714285714,1.0,0.0,20,2,1,1,0
183,673,0.010157435843743503,0.0,0.0,0.6931471805599453,0.2727272727272727,0.0,1.0,0,2,1,0,0
183,674,0.028246918179440555,0.0,0.0,0.0,0.25,0.0,1.0,20,2,1,0,0
183,675,0.032718077520871476,0.0,0.0,0.0,0.4444444444444444,1.0,0.0,10,2,1,0,0
183,676,0.014936593617175252,0.0,0.5,0.0,0.5,0.0,0.0,50,2,2,0,0
183,677,0.03760107611681159,0.0,0.0,0.6931471805599453,0.5,0.0,0.0,10,2,0,0,0
183,678,0.010257959549654892,0.0,0.0,0.0,0.5,0.0,0.0,0,2,0,0,0
183,679,0.707122975957879,1.0,0.7071067811865475,0.0,0.6363636363636364,0.0,0.0,50,2,1,3,1
183,680,0.01472677795269975,0.0,0.5,0.0,0.38461538461538464,0.0,1.0,50,2,2,1,0
183,681,0.03260360552554403,0.0,0.0,0.0,0.5,1.0,0.0,30,2,2,0,0
183,682,0.697385143862884,1.0,0.7071067811865475,0.6931471805599453,0.625,0.0,0.0,50,2,1,3,1
184,623,0.02351866294678607,0.0,0.35355339059327373,1.0986122886681098,0.7692307692307693,0.0,0.0,100,1,8,1,1
184,624,0.001025284024363621,0.0,0.0,0.0,0.2857142857142857,0.0,0.0,0,1,0,0,0
184,625,0.006568823721428316,0.0,0.0,0.0,0.25,0.0,0.0,0,1,0,0,0
184,626,0.03053420426744445,0.0,0.0,0.0,0.4,0.0,1.0,10,1,1,0,0
184,627,0.009819561605704935,0.0,0.0,0.0,0.3333333333333333,0.0,1.0,0,1,1,0,0
184,628,0.013754616875733964,0.0,0.0,0.0,0.6,0.0,0.0,0,1,1,0,0
184,629,0.0011180470915131825,0.0,0.0,0.0,0.25,0.0,1.0,0,1,1,0,0
184,630,0.020509168590656674,0.0,0.0,0.6931471805599453,0.46153846153846156,0.0,1.0,0,1,2,0,0
184,631,0.022747222809504843,0.0,0.0,0.0,0.3333333333333333,0.0,0.0,10,1,1,0,0
184,632,0.015182246884499005,0.0,0.0,0.0,0.36363636363636365,0.0,1.0,0,1,2,0,0
184,633,0.005934008399033045,0.0,0.0,0.0,0.4,0.0,0.0,0,1,0,0,0
184,634,0.0015827622741290011,0.0,0.0,0.0,0.42857142857142855,0.0,0.0,0,1,0,0,0
184,635,0.004994680601606499,0.0,0.0,0.6931471805599453,0.5,0.0,0.0,0,1,1,0,0
184,636,0.01004067311213844,0.0,0.0,0.0,0.5454545454545454,1.0,0.0,0,1,2,0,0
184,637,0.021431475856775923,0.0,0.0,0.0,0.2,0.0,1.0,0,1,1,0,0
184,638,0.0,0.0,0.0,0.0,0.5555555555555556,0.0,0.0,0,1,0,0,0
184,639,0.02258189848321615,0.0,0.0,0.0,0.5,1.0,0.0,0,1,1,0,0
184,640,0.0138479182751619,0.0,0.0,0.6931471805599453,0.3333333333333333,0.0,0.0,0,1,2,0,0
184,641,0.04781911201286845,0.0,0.0,0.0,0.2,0.0,1.0,0,1,2,0,0
184,642,0.008263112307116356,0.0,0.0,0.0,0.6,0.0,0.0,0,1,2,0,0
184,643,0.03864624460443364,0.0,0.0,0.0,0.5714285714285714,0.0,1.0,10,1,1,0,0
184,644,0.0056561187036251286,0.0,0.0,0.6931471805599453,0.42857142857142855,0.0,0.0,0,1,1,0,0
184,645,0.017551081838729596,0.0,0.0,0.0,0.42857142857142855,1.0,0.0,0,1,0,0,0
184,646,0.8037679918353745,1.0,1.0,0.0,0.625,0.0,0.0,100,1,1,3,1
184,647,0.16952159156976399,0.0,0.0,0.0,0.6666666666666666,0.0,0.0,30,1,1,1,1
184,648,0.028684655694887803,0.0,0.0,0.0,0.2857142857142857,0.0,1.0,10,1,3,0,0
184,649,0.010795872211068628,0.0,0.0,0.0,0.5,0.0,0.0,0,1,1,0,0
184,650,0.032798243906890207,0.0,0.0,0.0,0.45454545454545453,1.0,0.0,0,1,2,1,0
184,651,0.0,0.0,0.0,0.0,0.375,1.0,0.0,0,1,1,0,0
184,652,0.0394584529434609,0.0,0.0,0.0,0.3333333333333333,0.0,1.0,10,1,1,0,0
184,653,0.6514045475177287,1.0,0.0,0.0,0.2727272727272727,0.0,0.0,35,1,1,3,0
184,654,0.0,0.0,0.0,0.0,0.45454545454545453,0.0,0.0,0,1,2,0,1
184,655,0.7085960374750347,1.0,0.5773502691896258,0.6931471805599453,0.7,0.0,0.0,100,1,3,3,1
184,656,0.012770384171718442,0.0,0.0,0.0,0.16666666666666666,0.0,1.0,0,1,2,0,0
184,657,0.09547482629095974,0.5,0.5773502691896258,1.0986122886681098,0.75,0.0,0.0,100,1,3,3,1
184,658,0.058254546934698795,0.0,0.0,0.0,0.45454545454545453,1.0,0.0,10,1,2,0,0
184,659,0.0213512672568468,0.0,0.0,0.0,0.2857142857142857,0.0,1.0,0,1,0,0,0
184,660,0.017552087175931253,0.0,0.7071067811865475,0.0,0.6666666666666666,0.0,0.0,100,1,2,2,0
184,661,0.012313303281122703,0.0,0.0,0.0,0.25,0.0,1.0,10,1,2,0,0
184,662,0.008877508214297652,0.0,0.0,0.6931471805599453,0.7,0.0,0.0,0,1,2,0,0
184,663,0.008567866579434546,0.0,0.0,0.0,0.4444444444444444,1.0,0.0,0,1,2,1,0
184,664,0.007776584643624538,0.0,0.0,0.6931471805599453,0.6,1.0,0.0,0,1,1,0,0
184,665,0.024638723166218103,0.0,0.0,0.6931471805599453,0.6666666666666666,0.0,0.0,20,1,3,1,0
184,666,0.01569867552109239,0.0,0.0,0.0,0.4444444444444444,0.0,1.0,10,1,2,0,0
184,667,0.03263182713179982,0.0,0.0,0.6931471805599453,0.5454545454545454,0.0,0.0,10,1,2,1,0
184,668,0.01896084313913716,0.0,0.7071067811865475,0.0,0.42857142857142855,0.0,0.0,100,1,2,2,0
184,669,0.01439235928502627,0.0,0.5773502691896258,0.6931471805599453,0.42857142857142855,0.0,0.0,100,1,3,0,0
184,670,0.006340208176959029,0.0,0.0,0.0,0.2857142857142857,0.0,1.0,0,1,1,0,0
184,671,0.01328669690682613,0.0,0.0,0.6931471805599453,0.4444444444444444,0.0,0.0,0,1,1,0,0
184,672,0.04987912571172905,0.0,0.0,0.0,0.5714285714285714,1.0,0.0,10,1,1,1,1
184,673,0.012297917175084303,0.0,0.0,0.6931471805599453,0.2727272727272727,0.0,1.0,0,1,1,0,0
184,674,0.014033362947775761,0.0,0.0,0.0,0.25,0.0,1.0,0,1,1,0,0
184,675,0.004699201772055736,0.0,0.0,0.0,0.4444444444444444,1.0,0.0,0,1,1,0,0
184,676,0.015158654416470452,0.0,0.0,0.0,0.5,0.0,0.0,0,1,2,0,0
184,677,0.023967229359509283,0.0,0.0,0.6931471805599453,0.5,0.0,0.0,0,1,0,0,0
184,678,0.0043143316033346256,0.0,0.0,0.0,0.5,0.0,0.0,0,1,0,0,0
184,679,0.020883359392091357,0.0,1.0,0.0,0.6363636363636364,0.0,0.0,100,1,1,2,0
184,680,0.03402231414346503,0.0,0.0,0.0,0.38461538461538464,0.0,1.0,10,1,2,1,0
184,681,0.029997889406943274,0.0,0.0,0.0,0.5,1.0,0.0,0,1,2,0,0
184,682,0.02094370775593379,0.0,1.0,0.6931471805599453,0.625,0.0,0.0,100,1,1,2,0
185,623,0.25939371068310124,0.6,0.35355339059327373,1.0986122886681098,0.7142857142857143,0.0,0.0,100,1,8,2,0
185,624,0.0011826878153588813,0.0,0.0,0.0,0.2857142857142857,0.0,0.0,0,1,0,0,0
185,625,0.03637320676365392,0.0,0.0,0.0,0.25,0.0,0.0,10,1,0,1,1
185,626,0.04771070623915632,0.0,0.0,0.0,0.4,0.0,1.0,0,1,1,0,0
185,627,0.0,0.0,0.0,0.0,0.3333333333333333,0.0,1.0,0,1,1,0,0
185,628,0.006370752086651501,0.0,0.0,0.0,0.6,0.0,0.0,0,1,1,0,0
185,629,0.0012896920664991441,0.0,0.0,0.0,0.25,0.0,1.0,0,1,1,0,0
185,630,0.4367187094468231,0.6,0.7071067811865475,0.6931471805599453,0.5,0.0,1.0,100,1,2,3,0
185,631,0.016192303494653112,0.0,0.0,0.0,0.3333333333333333,0.0,0.0,0,1,1,0,0
185,632,0.3228524725670775,0.6,0.7071067811865475,0.0,0.36363636363636365,0.0,1.0,100,1,2,3,0
185,633,0.013800119062846098,0.0,0.0,0.0,0.4,0.0,0.0,0,1,0,0,0
185,634,0.007309851706088269,0.0,0.0,0.0,0.42857142857142855,0.0,0.0,0,1,0,0,0
185,635,0.01144945206242179,0.0,0.0,0.6931471805599453,0.5,0.0,0.0,0,1,1,0,0
185,636,0.008026524308367127,0.0,0.0,0.0,0.5454545454545454,1.0,0.0,0,1,2,0,0
185,637,0.029769407935120878,0.0,0.0,0.0,0.2,0.0,1.0,0,1,1,0,0
185,638,0.005062821879928069,0.0,0.0,0.0,0.5555555555555556,0.0,0.0,0,1,0,0,0
185,639,0.46643263910878335,0.6,1.0,0.0,0.4444444444444444,1.0,0.0,100,1,1,3,1
185,640,0.009638897219473353,0.0,0.0,0.6931471805599453,0.3333333333333333,0.0,0.0,0,1,2,0,0
185,641,0.023224929330847858,0.0,0.0,0.0,0.2,0.0,1.0,0,1,2,0,0
185,642,0.022478253028425307,0.0,0.0,0.0,0.6,0.0,0.0,0,1,2,0,0
185,643,0.004298600990527846,0.0,0.0,0.0,0.5714285714285714,0.0,1.0,0,1,1,0,0
185,644,0.003912122638065156,0.0,0.0,0.6931471805599453,0.42857142857142855,0.0,0.0,0,1,1,0,0
185,645,0.025889680980014238,0.0,0.0,0.0,0.42857142857142855,1.0,0.0,0,1,0,0,0
185,646,0.004519604844195672,0.0,0.0,0.0,0.625,0.0,0.0,0,1,1,0,0
185,647,0.0012492100458729037,0.0,0.0,0.0,0.6666666666666666,0.0,0.0,0,1,1,0,0
185,648,0.016620082756984313,0.0,0.0,0.0,0.2857142857142857,0.0,1.0,0,1,3,0,0
185,649,0.5230624727641591,0.6,1.0,0.0,0.5,0.0,0.0,100,1,1,3,0
185,650,0.016717007148149058,0.0,0.0,0.0,0.45454545454545453,1.0,0.0,0,1,2,0,0
185,651,0.002174661426663665,0.0,0.0,0.0,0.375,1.0,0.0,0,1,1,0,0
185,652,0.0,0.0,0.0,0.0,0.3333333333333333,0.0,1.0,0,1,1,0,0
185,653,0.020317132528067765,0.0,0.0,0.0,0.3333333333333333,0.0,0.0,0,1,1,0,0
185,654,0.010995812089289615,0.0,0.0,0.0,0.45454545454545453,0.0,0.0,0,1,2,0,0
185,655,0.023266272994361722,0.0,0.0,0.6931471805599453,0.7,0.0,0.0,0,1,3,0,0
185,656,0.005793118664703618,0.0,0.0,0.0,0.16666666666666666,0.0,1.0,10,1,2,0,1
185,657,0.00377130336311065,0.0,0.0,1.0986122886681098,0.75,0.0,0.0,0,1,3,0,0
185,658,0.007919770608357066,0.0,0.0,0.0,0.45454545454545453,1.0,0.0,0,1,2,0,0
185,659,0.4728169184860347,0.6,0.0,0.0,0.23076923076923078,0.0,1.0,35,1,0,3,1
185,660,0.2979396390123016,0.6,0.7071067811865475,0.0,0.7,0.0,0.0,100,1,2,3,1
185,661,0.008869188898341747,0.0,0.0,0.0,0.25,0.0,1.0,0,1,2,0,0
185,662,0.008949591585285216,0.0,0.0,0.6931471805599453,0.7,0.0,0.0,0,1,2,0,1
185,663,0.00959807937392355,0.0,0.0,0.0,0.4444444444444444,1.0,0.0,0,1,2,0,0
185,664,0.005772310271514062,0.0,0.0,0.6931471805599453,0.6,1.0,0.0,0,1,1,0,0
185,665,0.0,0.0,0.0,0.6931471805599453,0.6666666666666666,0.0,0.0,0,1,3,0,0
185,666,0.009001058926487686,0.0,0.0,0.0,0.4444444444444444,0.0,1.0,0,1,2,0,0
185,667,0.004861646401803644,0.0,0.0,0.6931471805599453,0.6363636363636364,0.0,0.0,0,1,2,0,0
185,668,0.02264803506671391,0.0,0.7071067811865475,0.0,0.42857142857142855,0.0,0.0,100,1,2,0,1
185,669,0.02188626879815459,0.0,0.0,0.6931471805599453,0.42857142857142855,0.0,0.0,10,1,3,0,0
185,670,0.018833247456540348,0.0,0.0,0.0,0.2857142857142857,0.0,1.0,0,1,1,0,0
185,671,0.0,0.0,0.0,0.6931471805599453,0.4444444444444444,0.0,0.0,0,1,1,0,0
185,672,0.02251579616898059,0.0,0.0,0.0,0.5714285714285714,1.0,0.0,0,1,1,0,0
185,673,0.007120450152666527,0.0,0.0,0.6931471805599453,0.2727272727272727,0.0,1.0,0,1,1,0,0
185,674,0.030395948822921497,0.0,0.0,0.0,0.25,0.0,1.0,0,1,1,0,0
185,675,0.009046088367738365,0.0,0.0,0.0,0.4444444444444444,1.0,0.0,0,1,1,0,0
185,676,0.012646131429457533,0.0,0.0,0.0,0.5,0.0,0.0,0,1,2,0,0
185,677,0.0,0.0,0.0,0.6931471805599453,0.5454545454545454,0.0,0.0,0,1,0,0,0
185,678,0.003338052902629299,0.0,0.0,0.0,0.5,0.0,0.0,0,1,0,0,0
185,679,0.015905481402177048,0.0,0.0,0.0,0.6666666666666666,0.0,0.0,0,1,1,0,0
185,680,0.003571215528696739,0.0,0.0,0.0,0.38461538461538464,0.0,1.0,0,1,2,0,0
185,681,0.24258163399022525,0.6,0.7071067811865475,0.0,0.5,1.0,0.0,100,1,2,3,1
185,682,0.018787455080765722,0.0,0.0,0.6931471805599453,0.625,0.0,0.0,0,1,1,0,0
186,623,0.026078663524969934,0.0,0.0,1.0986122886681098,0.7142857142857143,0.0,0.0,0,1,8,0,0
186,624,0.0037281364785718067,0.0,0.0,0.0,0.2857142857142857,0.0,0.0,0,1,0,1,1
186,625,0.0037972752788679783,0.0,0.0,0.0,0.25,0.0,0.0,0,1,0,0,0
186,626,0.04228481619818951,0.0,0.0,0.0,0.4,0.0,1.0,0,1,1,0,0
186,627,0.024077018870751577,0.0,0.0,0.0,0.3333333333333333,0.0,1.0,0,1,1,0,0
186,628,0.012139549178669013,0.0,0.0,0.0,0.6,0.0,0.0,0,1,1,0,0
186,629,0.002371270259491049,0.0,0.0,0.0,0.2857142857142857,0.0,1.0,0,1,1,1,0
186,630,0.03362695600143539,0.0,0.0,0.6931471805599453,0.46153846153846156,0.0,1.0,0,1,2,0,0
186,631,0.009659742486714015,0.0,0.0,0.0,0.3333333333333333,0.0,0.0,0,1,1,0,1
186,632,0.3955183986851777,1.0,0.7071067811865475,0.0,0.36363636363636365,0.0,1.0,100,1,2,3,1
186,633,0.028724790922243313,0.0,0.0,0.0,0.4,0.0,0.0,10,1,0,0,0
186,634,0.0035121837614539627,0.0,0.0,0.0,0.42857142857142855,0.0,0.0,0,1,0,0,0
186,635,0.00614494106215688,0.0,0.0,0.6931471805599453,0.5,0.0,0.0,0,1,1,0,0
186,636,0.026553389988264738,0.0,0.0,0.0,0.5454545454545454,1.0,0.0,0,1,2,0,0
186,637,0.03552156772615101,0.0,0.0,0.0,0.2,0.0,1.0,0,1,1,1,0
186,638,0.002165451094560695,0.0,0.0,0.0,0.5555555555555556,0.0,0.0,0,1,0,0,0
186,639,0.01236787722912044,0.0,0.0,0.0,0.5,1.0,0.0,0,1,1,0,0
186,640,0.011981660411638442,0.0,0.0,0.6931471805599453,0.3333333333333333,0.0,0.0,0,1,2,0,0
186,641,0.03141956355324282,0.0,0.0,0.0,0.2,0.0,1.0,10,1,2,0,0
186,642,0.025377283677309626,0.0,0.0,0.0,0.6,0.0,0.0,0,1,2,0,0
186,643,0.0320325131842683,0.0,0.0,0.0,0.5714285714285714,0.0,1.0,0,1,1,0,0
186,644,0.006873405521775923,0.0,0.0,0.6931471805599453,0.42857142857142855,0.0,0.0,10,1,1,0,0
186,645,0.7231224927382746,1.0,0.0,0.0,0.3333333333333333,1.0,0.0,35,1,0,3,1
186,646,0.002714986527397712,0.0,0.0,0.0,0.625,0.0,0.0,0,1,1,0,0
186,647,0.01169989187649621,0.0,0.0,0.0,0.6666666666666666,0.0,0.0,0,1,1,0,0
186,648,0.014657433929676283,0.0,0.0,0.0,0.2857142857142857,0.0,1.0,10,1,3,0,0
186,649,0.008005487802676209,0.0,0.0,0.0,0.6,0.0,0.0,0,1,1,0,0
186,650,0.5156405429172146,1.0,0.7071067811865475,0.0,0.45454545454545453,1.0,0.0,100,1,2,3,0
186,651,0.0014883821623146076,0.0,0.0,0.0,0.375,1.0,0.0,0,1,1,0,0
186,652,0.022733591783855426,0.0,0.0,0.0,0.3333333333333333,0.0,1.0,0,1,1,0,0
186,653,0.02312157684203779,0.0,0.0,0.0,0.3333333333333333,0.0,0.0,10,1,1,0,0
186,654,0.03336128231796662,0.0,0.0,0.0,0.45454545454545453,0.0,0.0,10,1,2,0,0
186,655,0.04583878147335768,0.0,0.5773502691896258,0.6931471805599453,0.7,0.0,0.0,100,1,3,2,0
186,656,0.005224859587406127,0.0,0.0,0.0,0.16666666666666666,0.0,1.0,0,1,2,0,0
186,657,0.0039624923304781845,0.0,0.0,1.0986122886681098,0.75,0.0,0.0,0,1,3,1,0
186,658,0.0523366621588805,0.0,0.0,0.0,0.45454545454545453,1.0,0.0,0,1,2,0,0
186,659,0.0017067403434056347,0.0,0.0,0.0,0.2857142857142857,0.0,1.0,0,1,0,0,0
186,660,0.05673574890580837,0.0,0.0,0.0,0.7,0.0,0.0,10,1,2,0,1
186,661,0.03838437805747181,0.0,0.0,0.0,0.25,0.0,1.0,10,1,2,0,0
186,662,0.020100880940164746,0.0,0.0,0.6931471805599453,0.6666666666666666,0.0,0.0,0,1,2,1,0
186,663,0.009583097216915741,0.0,0.0,0.0,0.4444444444444444,1.0,0.0,0,1,2,0,0
186,664,0.012610178070317937,0.0,0.0,0.6931471805599453,0.6,1.0,0.0,0,1,1,0,0
186,665,0.008913226457763754,0.0,0.0,0.6931471805599453,0.6666666666666666,0.0,0.0,0,1,3,0,0
186,666,0.040828640087246126,0.0,0.0,0.0,0.4444444444444444,0.0,1.0,10,1,2,0,0
186,667,0.01240367124476969,0.0,0.0,0.6931471805599453,0.5833333333333334,0.0,0.0,0,1,2,0,0
186,668,0.05325776306787388,0.0,0.0,0.0,0.42857142857142855,0.0,0.0,10,1,2,0,0
186,669,0.0129079323176352,0.0,0.0,0.6931471805599453,0.42857142857142855,0.0,0.0,0,1,3,0,0
186,670,0.017661964426272755,0.0,0.0,0.0,0.2857142857142857,0.0,1.0,0,1,1,0,0
186,671,0.015019843328504916,0.0,0.0,0.6931471805599453,0.4444444444444444,0.0,0.0,0,1,1,0,0
186,672,0.012663704665611382,0.0,0.0,0.0,0.5714285714285714,1.0,0.0,0,1,1,0,0
186,673,0.01264045654966087,0.0,0.0,0.6931471805599453,0.2727272727272727,0.0,1.0,0,1,1,0,0
186,674,0.029048558107091314,0.0,0.0,0.0,0.25,0.0,1.0,10,1,1,0,0
186,675,0.045935105343952884,0.0,1.0,0.0,0.4444444444444444,1.0,0.0,100,1,1,2,0
186,676,0.00980966010282648,0.0,0.0,0.0,0.5,0.0,0.0,0,1,2,0,0
186,677,0.00902739841450094,0.0,0.0,0.6931471805599453,0.5,0.0,0.0,0,1,0,0,0
186,678,0.005354686369428156,0.0,0.0,0.0,0.5,0.0,0.0,0,1,0,0,1
186,679,0.03866971435412308,0.0,0.0,0.0,0.6666666666666666,0.0,0.0,10,1,1,0,0
186,680,0.03321351108002975,0.0,0.0,0.0,0.38461538461538464,0.0,1.0,0,1,2,0,0
186,681,0.011069122035780556,0.0,0.0,0.0,0.5,1.0,0.0,10,1,2,0,0
186,682,0.05681760246370397,0.0,0.0,0.6931471805599453,0.625,0.0,0.0,10,1,1,0,0
187,623,0.03235462668886623,0.0,0.0,1.0986122886681098,0.7142857142857143,0.0,0.0,0,0,8,0,0
187,624,0.03388522393219736,0.0,0.0,0.0,0.2857142857142857,0.0,0.0,10,0,0,0,0
187,625,0.0,0.0,0.0,0.0,0.25,0.0,0.0,0,0,0,0,0
187,626,0.03533167766695615,0.0,0.0,0.0,0.4,0.0,1.0,0,0,1,0,0
187,627,0.0,0.0,0.0,0.0,0.3333333333333333,0.0,1.0,0,0,1,0,0
187,628,0.0065610149663083385,0.0,0.0,0.0,0.6,0.0,0.0,0,0,1,0,0
187,629,0.0032651146815478233,0.0,0.0,0.0,0.25,0.0,1.0,10,0,1,0,0
187,630,0.05670559169256235,0.0,0.0,0.6931471805599453,0.46153846153846156,0.0,1.0,0,0,2,0,0
187,631,0.021398152740182162,0.0,0.0,0.0,0.3333333333333333,0.0,0.0,0,0,1,0,0
187,632,0.09664279533408898,0.0,0.0,0.0,0.36363636363636365,0.0,1.0,10,0,2,0,0
187,633,0.4920018492744776,1.0,0.0,0.0,0.4,0.0,0.0,35,0,0,3,1
187,634,0.07743388866935816,0.0,0.0,0.0,0.42857142857142855,0.0,0.0,0,0,0,2,0
187,635,0.04965653496127508,0.0,0.0,0.6931471805599453,0.5,0.0,0.0,0,0,1,2,0
187,636,0.06872279782709058,0.0,0.0,0.0,0.5454545454545454,1.0,0.0,10,0,2,2,0
187,637,0.03045433493484169,0.0,0.0,0.0,0.2,0.0,1.0,10,0,1,0,0
187,638,0.06466778490132645,0.0,0.0,0.0,0.5555555555555556,0.0,0.0,0,0,0,2,0
187,639,0.03967081754754203,0.0,0.0,0.0,0.5,1.0,0.0,10,0,1,0,0
187,640,0.04767244989070872,0.0,0.0,0.6931471805599453,0.3333333333333333,0.0,0.0,0,0,2,2,0
187,641,0.05113442203181886,0.0,0.0,0.0,0.2,0.0,1.0,10,0,2,0,0
187,642,0.009085442709344091,0.0,0.0,0.0,0.6,0.0,0.0,0,0,2,0,0
187,643,0.01855867890419701,0.0,0.0,0.0,0.5714285714285714,0.0,1.0,0,0,1,0,0
187,644,0.00402915195373793,0.0,0.0,0.6931471805599453,0.42857142857142855,0.0,0.0,0,0,1,0,0
187,645,0.0455379981564085,0.0,0.0,0.0,0.42857142857142855,1.0,0.0,10,0,0,0,0
187,646,0.0,0.0,0.0,0.0,0.625,0.0,0.0,0,0,1,0,0
187,647,0.040032589526287965,0.0,0.0,0.0,0.6666666666666666,0.0,0.0,10,0,1,0,0
187,648,0.044870747991177226,0.0,0.0,0.0,0.2857142857142857,0.0,1.0,10,0,3,1,0
187,649,0.04045056765112201,0.0,0.0,0.0,0.5,0.0,0.0,10,0,1,0,0
187,650,0.03480675608523403,0.0,0.0,0.0,0.45454545454545453,1.0,0.0,10,0,2,0,0
187,651,0.0,0.0,0.0,0.0,0.375,1.0,0.0,0,0,1,1,0
187,652,0.018235284402145314,0.0,0.0,0.0,0.3333333333333333,0.0,1.0,0,0,1,0,0
187,653,0.005536263662064866,0.0,0.0,0.0,0.3333333333333333,0.0,0.0,10,0,1,0,0
187,654,0.046835136187742585,0.0,0.0,0.0,0.45454545454545453,0.0,0.0,20,0,2,2,1
187,655,0.026089428370704486,0.0,0.0,0.6931471805599453,0.7,0.0,0.0,0,0,3,0,0
187,656,0.21819774780848272,0.75,0.0,0.0,0.16666666666666666,0.0,1.0,35,0,2,3,0
187,657,0.021825068692817903,0.0,0.0,1.0986122886681098,0.75,0.0,0.0,0,0,3,0,0
187,658,0.03422821162395624,0.0,0.0,0.0,0.45454545454545453,1.0,0.0,0,0,2,0,0
187,659,0.020222780480853166,0.0,0.0,0.0,0.2857142857142857,0.0,1.0,0,0,0,0,0
187,660,0.05243538730410663,0.0,0.0,0.0,0.7,0.0,0.0,10,0,2,0,0
187,661,0.05475937894041535,0.0,0.0,0.0,0.25,0.0,1.0,10,0,2,0,0
187,662,0.011694101798494077,0.0,0.0,0.6931471805599453,0.7,0.0,0.0,10,0,2,0,0
187,663,0.002332399554167984,0.0,0.0,0.0,0.4444444444444444,1.0,0.0,0,0,2,0,0
187,664,0.0,0.0,0.0,0.6931471805599453,0.6,1.0,0.0,0,0,1,1,1
187,665,0.0026204244662378696,0.0,0.0,0.6931471805599453,0.6666666666666666,0.0,0.0,0,0,3,0,1
187,666,0.023468958681949155,0.0,0.0,0.0,0.4444444444444444,0.0,1.0,20,0,2,0,0
187,667,0.007755401908856112,0.0,0.0,0.6931471805599453,0.5833333333333334,0.0,0.0,0,0,2,0,0
187,668,0.026859827844508837,0.0,0.0,0.0,0.42857142857142855,0.0,0.0,10,0,2,0,1
187,669,0.0387751251904311,0.0,0.0,0.6931471805599453,0.42857142857142855,0.0,0.0,10,0,3,1,0
187,670,0.005365821548674259,0.0,0.0,0.0,0.2857142857142857,0.0,1.0,0,0,1,0,0
187,671,0.0,0.0,0.0,0.6931471805599453,0.4444444444444444,0.0,0.0,0,0,1,0,0
187,672,0.010385899434843096,0.0,0.0,0.0,0.5714285714285714,1.0,0.0,0,0,1,0,0
187,673,0.007332961890440159,0.0,0.0,0.6931471805599453,0.2727272727272727,0.0,1.0,0,0,1,0,0
187,674,0.03006638607590225,0.0,0.0,0.0,0.25,0.0,1.0,10,0,1,0,0
187,675,0.02443131609382919,0.0,0.0,0.0,0.4444444444444444,1.0,0.0,10,0,1,0,0
187,676,0.024118186589273127,0.0,0.0,0.0,0.5,0.0,0.0,0,0,2,0,0
187,677,0.0,0.0,0.0,0.6931471805599453,0.5,0.0,0.0,0,0,0,0,0
187,678,0.0,0.0,0.0,0.0,0.5,0.0,0.0,0,0,0,0,0
187,679,0.02118879232112827,0.0,0.0,0.0,0.6666666666666666,0.0,0.0,10,0,1,0,0
187,680,0.021288067574438973,0.0,0.0,0.0,0.38461538461538464,0.0,1.0,0,0,2,0,0
187,681,0.021005791287335283,0.0,0.0,0.0,0.5,1.0,0.0,20,0,2,0,0
187,682,0.03516383261019797,0.0,0.0,0.6931471805599453,0.625,0.0,0.0,10,0,1,0,0
188,623,0.018124725132321894,0.0,0.0,1.0986122886681098,0.7142857142857143,0.0,0.0,0,2,8,1,0
188,624,0.0052345797351541455,0.0,0.0,0.0,0.2857142857142857,0.0,0.0,20,2,0,0,0
188,625,0.028055826289666547,0.0,0.0,0.0,0.25,0.0,0.0,0,2,0,0,0
188,626,0.015070706725217292,0.0,0.0,0.0,0.4,0.0,1.0,10,2,1,0,0
188,627,0.22890966387389422,0.6,0.7071067811865475,0.0,0.3333333333333333,0.0,1.0,50,2,1,3,0
188,628,0.0013213330637498358,0.0,0.0,0.0,0.6,0.0,0.0,0,2,1,0,0
188,629,0.004392378204420527,0.0,0.0,0.0,0.25,0.0,1.0,20,2,1,0,0
188,630,0.01866678070951416,0.0,0.5,0.6931471805599453,0.46153846153846156,0.0,1.0,50,2,2,2,0
188,631,0.02240154962378371,0.0,0.0,0.0,0.3333333333333333,0.0,0.0,0,2,1,0,0
188,632,0.021927420484257228,0.0,0.0,0.0,0.36363636363636365,0.0,1.0,0,2,2,0,0
188,633,0.005825511584646065,0.0,0.0,0.0,0.4,0.0,0.0,0,2,0,1,1
188,634,0.011785081963144484,0.0,0.0,0.0,0.42857142857142855,0.0,0.0,0,2,0,1,0
188,635,0.02084205229130186,0.0,0.0,0.6931471805599453,0.5,0.0,0.0,0,2,1,1,0
188,636,0.009891772663579485,0.0,0.0,0.0,0.5454545454545454,1.0,0.0,0,2,2,1,1
188,637,0.13616543275363338,0.0,0.0,0.0,0.2,0.0,1.0,0,2,1,0,0
188,638,0.015952148138217704,0.0,0.0,0.0,0.5555555555555556,0.0,0.0,0,2,0,1,1
188,639,0.0015509127939228424,0.0,0.0,0.0,0.5,1.0,0.0,0,2,1,0,0
188,640,0.02866480019185751,0.0,0.0,0.6931471805599453,0.3333333333333333,0.0,0.0,10,2,2,1,0
188,641,0.021818610585791293,0.0,0.0,0.0,0.2,0.0,1.0,10,2,2,0,0
188,642,0.016221108137541834,0.4,0.5,0.0,0.6,0.0,0.0,50,2,2,2,1
188,643,0.06043790190677753,0.0,0.0,0.0,0.5714285714285714,0.0,1.0,0,2,1,0,0
188,644,0.001298329956509024,0.0,0.0,0.6931471805599453,0.42857142857142855,0.0,0.0,0,2,1,0,0
188,645,0.025802176860850443,0.0,0.0,0.0,0.42857142857142855,1.0,0.0,0,2,0,0,0
188,646,0.005418678664161365,0.0,0.0,0.0,0.625,0.0,0.0,0,2,1,0,0
188,647,0.03725948608623051,0.0,0.0,0.0,0.6666666666666666,0.0,0.0,0,2,1,0,0
188,648,0.010033437103043216,0.0,0.4082482904638631,0.0,0.23076923076923078,0.0,1.0,50,2,3,2,0
188,649,0.0017286329924361685,0.0,0.0,0.0,0.5,0.0,0.0,0,2,1,0,0
188,650,0.025834701599420633,0.0,0.0,0.0,0.45454545454545453,1.0,0.0,10,2,2,0,0
188,651,0.23631210166730898,0.4,0.7071067811865475,0.0,0.375,1.0,0.0,50,2,1,3,0
188,652,0.044794218504772505,0.0,0.7071067811865475,0.0,0.3333333333333333,0.0,1.0,50,2,1,2,0
188,653,0.010002698914309802,0.0,0.0,0.0,0.3333333333333333,0.0,0.0,10,2,1,0,0
188,654,0.06878556814544803,0.0,0.0,0.0,0.4,0.0,0.0,0,2,2,1,1
188,655,0.021271006483908145,0.0,0.0,0.6931471805599453,0.7,0.0,0.0,0,2,3,0,0
188,656,0.015345643005461426,0.0,0.0,0.0,0.16666666666666666,0.0,1.0,0,2,2,1,0
188,657,0.010540233988835725,0.0,0.0,1.0986122886681098,0.75,0.0,0.0,10,2,3,0,0
188,658,0.09874401535466013,0.0,0.0,0.0,0.45454545454545453,1.0,0.0,0,2,2,0,0
188,659,0.001325290715273769,0.0,0.0,0.0,0.3076923076923077,0.0,1.0,0,2,0,0,0
188,660,0.050335946783151744,0.0,0.0,0.0,0.7,0.0,0.0,0,2,2,0,0
188,661,0.06633793906390174,0.0,0.0,0.0,0.25,0.0,1.0,0,2,2,0,0
188,662,0.1033569468054208,0.0,0.0,0.6931471805599453,0.7,0.0,0.0,10,2,2,0,0
188,663,0.02213827418315727,0.0,0.0,0.0,0.4444444444444444,1.0,0.0,0,2,2,1,0
188,664,0.45491595612755964,0.4,0.7071067811865475,0.6931471805599453,0.6,1.0,0.0,50,2,1,3,0
188,665,0.03805160808398646,0.0,0.0,0.6931471805599453,0.6666666666666666,0.0,0.0,0,2,3,1,1
188,666,0.03268672372381717,0.0,0.0,0.0,0.4444444444444444,0.0,1.0,0,2,2,0,0
188,667,0.012907973522401207,0.0,0.0,0.6931471805599453,0.5833333333333334,0.0,0.0,0,2,2,0,0
188,668,0.05882597101544455,0.0,0.0,0.0,0.42857142857142855,0.0,0.0,0,2,2,0,0
188,669,0.008592923412902959,0.0,0.0,0.6931471805599453,0.42857142857142855,0.0,0.0,0,2,3,1,0
188,670,0.009962221206321143,0.0,0.0,0.0,0.2857142857142857,0.0,1.0,0,2,1,0,0
188,671,0.004501063529806647,0.0,0.0,0.6931471805599453,0.4444444444444444,0.0,0.0,0,2,1,0,0
188,672,0.0043899317559810466,0.0,0.0,0.0,0.5714285714285714,1.0,0.0,0,2,1,0,0
188,673,0.001378334165685178,0.0,0.0,0.6931471805599453,0.2727272727272727,0.0,1.0,0,2,1,0,0
188,674,0.02292151930177127,0.0,0.0,0.0,0.25,0.0,1.0,0,2,1,0,0
188,675,0.26227651309769645,0.6,0.0,0.0,0.4444444444444444,1.0,0.0,35,2,1,3,0
188,676,0.028739778833914174,0.2,0.5,0.0,0.5,0.0,0.0,50,2,2,3,1
188,677,0.05292460480329414,0.0,0.0,0.6931471805599453,0.5,0.0,0.0,10,2,0,0,0
188,678,0.0056805034456357826,0.0,0.0,0.0,0.5,0.0,0.0,0,2,0,1,0
188,679,0.07072639490027208,0.0,0.0,0.0,0.6363636363636364,0.0,0.0,0,2,1,0,0
188,680,0.22226742632142757,0.6,0.5,0.0,0.38461538461538464,0.0,1.0,50,2,2,3,0
188,681,0.033965170095589935,0.0,0.0,0.0,0.5,1.0,0.0,0,2,2,0,0
188,682,0.03393807744826902,0.0,0.0,0.6931471805599453,0.625,0.0,0.0,0,2,1,0,0
189,623,0.006080001089813954,0.0,0.0,1.0986122886681098,0.7142857142857143,0.0,0.0,0,0,8,0,0
189,624,0.005535003189701777,0.0,0.0,0.0,0.2857142857142857,0.0,0.0,10,0,0,0,0
189,625,0.03320623970819169,0.0,0.0,0.0,0.25,0.0,0.0,0,0,0,0,0
189,626,0.0268568160947987,0.0,0.0,0.0,0.4,0.0,1.0,10,0,1,0,0
189,627,0.04446542082091402,0.0,0.0,0.0,0.3333333333333333,0.0,1.0,0,0,1,0,0
189,628,0.0,0.0,0.0,0.0,0.6,0.0,0.0,0,0,1,0,0
189,629,0.009350729652685423,0.0,0.0,0.0,0.25,0.0,1.0,10,0,1,0,0
189,630,0.009866415961955066,0.0,0.0,0.6931471805599453,0.46153846153846156,0.0,1.0,10,0,2,0,0
189,631,0.028877422777522914,0.0,0.0,0.0,0.3333333333333333,0.0,0.0,0,0,1,0,0
189,632,0.006713923188594476,0.0,0.0,0.0,0.36363636363636365,0.0,1.0,0,0,2,0,0
189,633,0.01000909007494493,0.0,0.0,0.0,0.3333333333333333,0.0,0.0,0,0,0,1,0
189,634,0.007820138472011861,0.0,0.0,0.0,0.42857142857142855,0.0,0.0,0,0,0,1,1
189,635,0.014808684357977333,0.0,0.0,0.6931471805599453,0.5,0.0,0.0,0,0,1,1,0
189,636,0.004549559864448426,0.0,0.0,0.0,0.5454545454545454,1.0,0.0,0,0,2,1,1
189,637,0.08135811894893424,0.0,0.0,0.0,0.2,0.0,1.0,0,0,1,0,0
189,638,0.011254969597228083,0.0,0.0,0.0,0.5555555555555556,0.0,0.0,0,0,0,1,0
189,639,0.0,0.0,0.0,0.0,0.5,1.0,0.0,0,0,1,0,0
189,640,0.03654154747782773,0.0,0.0,0.6931471805599453,0.3333333333333333,0.0,0.0,10,0,2,1,0
189,641,0.025231720652832558,0.0,0.0,0.0,0.2,0.0,1.0,10,0,2,0,1
189,642,0.0,0.0,0.0,0.0,0.6,0.0,0.0,0,0,2,0,0
189,643,0.0,0.0,0.0,0.0,0.5714285714285714,0.0,1.0,0,0,1,0,0
189,644,0.0,0.0,0.0,0.6931471805599453,0.42857142857142855,0.0,0.0,0,0,1,0,0
189,645,0.005845099710995334,0.0,0.0,0.0,0.42857142857142855,1.0,0.0,0,0,0,0,0
189,646,0.01724403637795723,0.0,0.0,0.0,0.625,0.0,0.0,0,0,1,0,0
189,647,0.012408467355683152,0.0,0.0,0.0,0.6666666666666666,0.0,0.0,0,0,1,0,0
189,648,0.03464058898576194,0.0,0.0,0.0,0.2857142857142857,0.0,1.0,20,0,3,2,0
189,649,0.0,0.0,0.0,0.0,0.5,0.0,0.0,0,0,1,0,0
189,650,0.0,0.0,0.0,0.0,0.45454545454545453,1.0,0.0,0,0,2,0,0
189,651,0.5021418836445645,1.0,0.0,0.0,0.375,1.0,0.0,35,0,1,3,1
189,652,0.027849609378025733,0.0,0.0,0.0,0.3333333333333333,0.0,1.0,10,0,1,0,0
189,653,0.012183209388760264,0.0,0.0,0.0,0.3333333333333333,0.0,0.0,10,0,1,0,0
189,654,0.041649333240251565,0.0,0.0,0.0,0.5,0.0,0.0,0,0,2,1,1
189,655,0.013154787288234986,0.0,0.0,0.6931471805599453,0.7,0.0,0.0,0,0,3,0,1
189,656,0.014965189989459633,0.0,0.0,0.0,0.16666666666666666,0.0,1.0,0,0,2,1,0
189,657,0.02250363537663406,0.0,0.0,1.0986122886681098,0.75,0.0,0.0,0,0,3,0,0
189,658,0.0,0.0,0.0,0.0,0.45454545454545453,1.0,0.0,0,0,2,0,0
189,659,0.0,0.0,0.0,0.0,0.2857142857142857,0.0,1.0,0,0,0,0,0
189,660,0.00537615630262238,0.0,0.0,0.0,0.7,0.0,0.0,0,0,2,0,0
189,661,0.032828020690550415,0.0,0.0,0.0,0.25,0.0,1.0,0,0,2,0,0
189,662,0.0734507783092643,0.0,0.0,0.6931471805599453,0.7,0.0,0.0,0,0,2,0,0
189,663,0.013259158790029014,0.0,0.0,0.0,0.4444444444444444,1.0,0.0,0,0,2,0,0
189,664,0.7369586286650979,1.0,0.0,0.6931471805599453,0.6666666666666666,1.0,0.0,35,0,1,3,1
189,665,0.003360195748371205,0.0,0.0,0.6931471805599453,0.6666666666666666,0.0,0.0,0,0,3,0,0
189,666,0.012448396673780802,0.0,0.0,0.0,0.4444444444444444,0.0,1.0,0,0,2,0,0
189,667,0.006629607811421205,0.0,0.0,0.6931471805599453,0.5833333333333334,0.0,0.0,0,0,2,0,1
189,668,0.0029336737123468524,0.0,0.0,0.0,0.42857142857142855,0.0,0.0,0,0,2,0,0
189,669,0.008149010074506002,0.0,0.0,0.6931471805599453,0.42857142857142855,0.0,0.0,0,0,3,1,0
189,670,0.004985373449528347,0.0,0.0,0.0,0.2857142857142857,0.0,1.0,0,0,1,0,0
189,671,0.0,0.0,0.0,0.6931471805599453,0.4444444444444444,0.0,0.0,0,0,1,0,0
189,672,0.004569856892857813,0.0,0.0,0.0,0.5714285714285714,1.0,0.0,0,0,1,0,0
189,673,0.0,0.0,0.0,0.6931471805599453,0.2727272727272727,0.0,1.0,0,0,1,0,0
189,674,0.01925715633307267,0.0,0.0,0.0,0.25,0.0,1.0,0,0,1,0,0
189,675,0.04067904067658949,0.0,0.0,0.0,0.4444444444444444,1.0,0.0,0,0,1,0,0
189,676,0.028866651514418896,0.0,0.0,0.0,0.5,0.0,0.0,0,0,2,0,1
189,677,0.0,0.0,0.0,0.6931471805599453,0.5,0.0,0.0,0,0,0,0,0
189,678,0.0030448124311539134,0.0,0.0,0.0,0.5,0.0,0.0,0,0,0,0,0
189,679,0.010623709329736792,0.0,0.0,0.0,0.6666666666666666,0.0,0.0,0,0,1,0,0
189,680,0.024089337194587758,0.0,0.0,0.0,0.38461538461538464,0.0,1.0,0,0,2,0,0
189,681,0.0,0.0,0.0,0.0,0.5,1.0,0.0,0,0,2,0,0
189,682,0.0,0.0,0.0,0.6931471805599453,0.625,0.0,0.0,0,0,1,0,0
190,623,0.005645342054918751,0.0,0.0,1.0986122886681098,0.7142857142857143,0.0,0.0,0,2,8,0,0
190,624,0.0035432592703597693,0.0,0.0,0.0,0.2857142857142857,0.0,0.0,0,2,0,1,0
190,625,0.020317706252500293,0.0,0.0,0.0,0.25,0.0,0.0,10,2,0,0,0
190,626,0.0019621655753189245,0.0,0.0,0.0,0.4,0.0,1.0,0,2,1,0,0
190,627,0.004074435567505506,0.0,0.7071067811865475,0.0,0.3333333333333333,0.0,1.0,50,2,1,0,0
190,628,0.001617259574660824,0.0,0.0,0.0,0.6,0.0,0.0,0,2,1,0,0
190,629,0.0022536796541012803,0.0,0.0,0.0,0.25,0.0,1.0,0,2,1,1,0
190,630,0.007373593353288258,0.0,0.5,0.6931471805599453,0.5,0.0,1.0,50,2,2,0,0
190,631,0.0018096452167031475,0.0,0.0,0.0,0.3333333333333333,0.0,0.0,0,2,1,0,0
190,632,0.04916690935257307,0.0,0.0,0.0,0.4,0.0,1.0,0,2,2,2,0
190,633,0.030386211446538254,0.0,0.0,0.0,0.4,0.0,0.0,0,2,0,0,1
190,634,0.005588651347266846,0.0,0.0,0.0,0.42857142857142855,0.0,0.0,0,2,0,0,0
190,635,0.0066931258174527325,0.0,0.7071067811865475,0.6931471805599453,0.5,0.0,0.0,50,2,1,0,0
190,636,0.038237532223078706,0.0,0.5,0.0,0.5454545454545454,1.0,0.0,50,2,2,0,0
190,637,0.07642469695667117,0.0,0.0,0.0,0.2222222222222222,0.0,1.0,0,2,1,1,0
190,638,0.0020580670019495124,0.0,0.0,0.0,0.5555555555555556,0.0,0.0,0,2,0,0,1
190,639,0.003723495401707813,0.0,0.0,0.0,0.5,1.0,0.0,0,2,1,0,0
190,640,0.004571038644569073,0.0,0.5,0.6931471805599453,0.3333333333333333,0.0,0.0,50,2,2,0,0
190,641,0.022792834256865423,0.0,0.0,0.0,0.2,0.0,1.0,0,2,2,0,0
190,642,0.003515273258423058,0.0,0.5,0.0,0.6,0.0,0.0,50,2,2,0,0
190,643,0.001650346282772316,0.0,0.0,0.0,0.5714285714285714,0.0,1.0,0,2,1,0,0
190,644,0.001589104678327135,0.0,0.0,0.6931471805599453,0.42857142857142855,0.0,0.0,10,2,1,0,0
190,645,0.06459714449098347,0.0,0.0,0.0,0.42857142857142855,1.0,0.0,0,2,0,2,0
190,646,0.0011605106295736237,0.0,0.0,0.0,0.625,0.0,0.0,0,2,1,0,1
190,647,0.06272511156519968,0.0,0.0,0.0,0.6666666666666666,0.0,0.0,0,2,1,0,0
190,648,0.0017795673086415929,0.0,0.0,0.0,0.2857142857142857,0.0,1.0,0,2,3,0,0
190,649,0.005167501934247537,0.0,0.0,0.0,0.5,0.0,0.0,0,2,1,0,0
190,650,0.08988697656892988,0.0,0.0,0.0,0.4,1.0,0.0,10,2,2,2,0
190,651,0.014829106135231637,0.0,0.0,0.0,0.375,1.0,0.0,10,2,1,0,0
190,652,0.00822687936609595,0.0,0.7071067811865475,0.0,0.3333333333333333,0.0,1.0,50,2,1,0,0
190,653,0.017902411753154143,0.0,0.0,0.0,0.3333333333333333,0.0,0.0,0,2,1,0,0
190,654,0.0014560679494387972,0.0,0.5,0.0,0.45454545454545453,0.0,0.0,50,2,2,0,0
190,655,0.32300585700308293,1.0,0.0,0.6931471805599453,0.7,0.0,0.0,35,2,3,3,1
190,656,0.007286580323995041,0.0,0.5,0.0,0.16666666666666666,0.0,1.0,50,2,2,0,0
190,657,0.0037659934834453485,0.0,0.0,1.0986122886681098,0.75,0.0,0.0,0,2,3,1,0
190,658,0.0015200509793472615,0.0,0.0,0.0,0.45454545454545453,1.0,0.0,0,2,2,0,0
190,659,0.004741641109403854,0.0,0.0,0.0,0.2857142857142857,0.0,1.0,0,2,0,0,0
190,660,0.0038723674857647607,0.0,0.0,0.0,0.7,0.0,0.0,0,2,2,0,0
190,661,0.0020902855787573726,0.0,0.0,0.0,0.25,0.0,1.0,0,2,2,0,0
190,662,0.07668920350068757,0.0,0.0,0.6931471805599453,0.7,0.0,0.0,10,2,2,1,0
190,663,0.013306265504406754,0.0,0.0,0.0,0.4444444444444444,1.0,0.0,0,2,2,0,0
190,664,0.01726069803767302,0.0,0.0,0.6931471805599453,0.6,1.0,0.0,0,2,1,0,0
190,665,0.053242078186984995,0.0,0.0,0.6931471805599453,0.6666666666666666,0.0,0.0,10,2,3,0,0
190,666,0.01616084013576798,0.0,0.0,0.0,0.4444444444444444,0.0,1.0,10,2,2,0,0
190,667,0.054723717404173276,0.0,0.0,0.6931471805599453,0.5833333333333334,0.0,0.0,10,2,2,0,0
190,668,0.001716872478020626,0.0,0.0,0.0,0.42857142857142855,0.0,0.0,0,2,2,0,0
190,669,0.026991024956924327,0.0,0.4082482904638631,0.6931471805599453,0.42857142857142855,0.0,0.0,50,2,3,0,0
190,670,0.017351125409960616,0.0,0.0,0.0,0.2857142857142857,0.0,1.0,0,2,1,0,0
190,671,0.003711599146269195,0.0,0.0,0.6931471805599453,0.4444444444444444,0.0,0.0,0,2,1,0,0
190,672,0.09620285092697087,0.0,0.0,0.0,0.5714285714285714,1.0,0.0,10,2,1,0,0
190,673,0.0016870266760830306,0.0,0.0,0.6931471805599453,0.2727272727272727,0.0,1.0,0,2,1,0,0
190,674,0.001792335375988277,0.0,0.0,0.0,0.25,0.0,1.0,0,2,1,0,0
190,675,0.28333445154505577,0.75,0.0,0.0,0.4444444444444444,1.0,0.0,35,2,1,3,1
190,676,0.001955644162817718,0.0,0.5,0.0,0.4444444444444444,0.0,0.0,50,2,2,0,0
190,677,0.03176162506299837,0.0,0.0,0.6931471805599453,0.5,0.0,0.0,0,2,0,0,0
190,678,0.02057211805697145,0.0,0.0,0.0,0.5,0.0,0.0,0,2,0,0,0
190,679,0.0018649460171968012,0.0,0.0,0.0,0.6666666666666666,0.0,0.0,0,2,1,0,0
190,680,0.05690336714416925,0.0,0.5,0.0,0.38461538461538464,0.0,1.0,50,2,2,0,0
190,681,0.03395592074846898,0.0,0.0,0.0,0.5,1.0,0.0,0,2,2,0,0
190,682,0.0017679020697338292,0.0,0.0,0.6931471805599453,0.625,0.0,0.0,0,2,1,0,0
191,623,0.007876131581542128,0.0,0.0,1.0986122886681098,0.7142857142857143,0.0,0.0,0,0,8,0,0
191,624,0.021101830575323645,0.0,0.0,0.0,0.2857142857142857,0.0,0.0,0,0,0,1,1
191,625,0.021768284743277945,0.0,0.0,0.0,0.25,0.0,0.0,10,0,0,0,0
191,626,0.006531717230242887,0.0,0.0,0.0,0.4,0.0,1.0,0,0,1,0,0
191,627,0.008155931206704414,0.0,0.0,0.0,0.3333333333333333,0.0,1.0,0,0,1,0,0
191,628,0.007816442038123277,0.0,0.0,0.0,0.6,0.0,0.0,0,0,1,0,0
191,629,0.023618621657573564,0.0,0.0,0.0,0.25,0.0,1.0,0,0,1,1,0
191,630,0.01166790354837504,0.0,0.0,0.6931471805599453,0.46153846153846156,0.0,1.0,0,0,2,0,0
191,631,0.008960081971851747,0.0,0.0,0.0,0.3333333333333333,0.0,0.0,0,0,1,0,0
191,632,0.05661218393946807,0.0,0.0,0.0,0.36363636363636365,0.0,1.0,0,0,2,2,0
191,633,0.008605911536834505,0.0,0.0,0.0,0.4,0.0,0.0,0,0,0,0,0
191,634,0.01193351572910111,0.0,0.0,0.0,0.42857142857142855,0.0,0.0,0,0,0,0,0
191,635,0.01689908954014772,0.0,0.0,0.6931471805599453,0.5,0.0,0.0,0,0,1,0,0
191,636,0.03682346404077542,0.0,0.0,0.0,0.5454545454545454,1.0,0.0,0,0,2,0,0
191,637,0.0637871613530649,0.0,0.0,0.0,0.2,0.0,1.0,0,0,1,1,0
191,638,0.00994756949964238,0.0,0.0,0.0,0.5555555555555556,0.0,0.0,0,0,0,0,0
191,639,0.00562665244569825,0.0,0.0,0.0,0.5,1.0,0.0,0,0,1,0,0
191,640,0.013671393126830843,0.0,0.0,0.6931471805599453,0.3333333333333333,0.0,0.0,0,0,2,0,0
191,641,0.03067655310534499,0.0,0.0,0.0,0.2,0.0,1.0,0,0,2,0,0
191,642,0.011133511177086903,0.0,0.0,0.0,0.6,0.0,0.0,0,0,2,0,0
191,643,0.007684258122442665,0.0,0.0,0.0,0.5714285714285714,0.0,1.0,0,0,1,0,0
191,644,0.007399056584701421,0.0,0.0,0.6931471805599453,0.42857142857142855,0.0,0.0,10,0,1,0,0
191,645,0.10686030302123158,0.0,0.0,0.0,0.42857142857142855,1.0,0.0,0,0,0,2,0
191,646,0.040107518795925896,0.0,0.0,0.0,0.625,0.0,0.0,0,0,1,0,0
191,647,0.07455582263610441,0.0,0.0,0.0,0.6666666666666666,0.0,0.0,0,0,1,0,0
191,648,0.004611781397499926,0.0,0.0,0.0,0.2857142857142857,0.0,1.0,0,0,3,0,0
191,649,0.007289685170366773,0.0,0.0,0.0,0.5,0.0,0.0,0,0,1,0,0
191,650,0.11953538385842026,0.0,0.0,0.0,0.5,1.0,0.0,10,0,2,2,0
191,651,0.01876188897253632,0.0,0.0,0.0,0.42857142857142855,1.0,0.0,10,0,1,0,1
191,652,0.010324646551430427,0.0,0.0,0.0,0.3333333333333333,0.0,1.0,0,0,1,0,0
191,653,0.049509940385311015,0.0,0.0,0.0,0.3333333333333333,0.0,0.0,0,0,1,0,0
191,654,0.006350021013821247,0.0,0.0,0.0,0.45454545454545453,0.0,0.0,0,0,2,0,0
191,655,0.3365760082577656,1.0,0.0,0.6931471805599453,0.7,0.0,0.0,35,0,3,3,1
191,656,0.0136955229910376,0.0,0.0,0.0,0.16666666666666666,0.0,1.0,10,0,2,0,0
191,657,0.050408403183912764,0.0,0.0,1.0986122886681098,0.75,0.0,0.0,0,0,3,1,0
191,658,0.011114683406985086,0.0,0.0,0.0,0.45454545454545453,1.0,0.0,0,0,2,0,0
191,659,0.006369333839791096,0.0,0.0,0.0,0.2857142857142857,0.0,1.0,0,0,0,0,0
191,660,0.013197766862174214,0.0,0.0,0.0,0.7,0.0,0.0,0,0,2,0,0
191,661,0.006033481865438619,0.0,0.0,0.0,0.25,0.0,1.0,0,0,2,0,0
191,662,0.07943960863786761,0.0,0.0,0.6931471805599453,0.7,0.0,0.0,10,0,2,1,0
191,663,0.017417834316232117,0.0,0.0,0.0,0.4444444444444444,1.0,0.0,0,0,2,0,0
191,664,0.015263488920748292,0.0,0.0,0.6931471805599453,0.6,1.0,0.0,0,0,1,0,0
191,665,0.054029677618101,0.0,0.0,0.6931471805599453,0.6666666666666666,0.0,0.0,10,0,3,0,0
191,666,0.025535347253062265,0.0,0.0,0.0,0.4444444444444444,0.0,1.0,10,0,2,0,0
191,667,0.06804112773176475,0.0,0.0,0.6931471805599453,0.5833333333333334,0.0,0.0,10,0,2,0,0
191,668,0.010273079336822857,0.0,0.0,0.0,0.42857142857142855,0.0,0.0,0,0,2,0,1
191,669,0.031213445186384307,0.0,0.0,0.6931471805599453,0.42857142857142855,0.0,0.0,10,0,3,0,0
191,670,0.024407860299205116,0.0,0.0,0.0,0.2857142857142857,0.0,1.0,0,0,1,0,0
191,671,0.013020444878146402,0.0,0.0,0.6931471805599453,0.4444444444444444,0.0,0.0,0,0,1,0,0
191,672,0.09930443066644493,0.0,0.0,0.0,0.5714285714285714,1.0,0.0,10,0,1,0,1
191,673,0.011055627258040723,0.0,0.0,0.6931471805599453,0.2727272727272727,0.0,1.0,0,0,1,0,0
191,674,0.011746192948929245,0.0,0.0,0.0,0.25,0.0,1.0,0,0,1,0,0
191,675,0.2681845052814649,0.75,0.0,0.0,0.4444444444444444,1.0,0.0,35,0,1,3,0
191,676,0.0073752657729111454,0.0,0.0,0.0,0.5,0.0,0.0,0,0,2,0,0
191,677,0.03824219366439075,0.0,0.0,0.6931471805599453,0.5,0.0,0.0,0,0,0,0,0
191,678,0.02440065551544685,0.0,0.0,0.0,0.5,0.0,0.0,0,0,0,0,0
191,679,0.011434364408543805,0.0,0.0,0.0,0.6666666666666666,0.0,0.0,0,0,1,0,0
191,680,0.05645679265870533,0.0,0.0,0.0,0.38461538461538464,0.0,1.0,10,0,2,0,0
191,681,0.037043437151822164,0.0,0.0,0.0,0.5,1.0,0.0,0,0,2,0,0
191,682,0.005885009484487066,0.0,0.0,0.6931471805599453,0.625,0.0,0.0,0,0,1,0,1
192,623,0.02083517288211031,0.0,0.0,1.0986122886681098,0.7142857142857143,0.0,0.0,10,0,8,1,0
192,624,0.0,0.0,0.0,0.0,0.2857142857142857,0.0,0.0,0,0,0,0,1
192,625,0.0,0.0,0.0,0.0,0.25,0.0,0.0,0,0,0,0,1
192,626,0.0,0.0,0.0,0.0,0.4,0.0,1.0,0,0,1,0,0
192,627,0.042272570367064194,0.0,0.0,0.0,0.3333333333333333,0.0,1.0,10,0,1,0,0
192,628,0.004182114046259236,0.0,0.0,0.0,0.6,0.0,0.0,0,0,1,0,0
192,629,0.0,0.0,0.0,0.0,0.25,0.0,1.0,0,0,1,0,0
192,630,0.009660376506371108,0.0,0.0,0.6931471805599453,0.46153846153846156,0.0,1.0,0,0,2,0,0
192,631,0.0,0.0,0.0,0.0,0.3333333333333333,0.0,0.0,0,0,1,0,0
192,632,0.017851739542069475,0.0,0.0,0.0,0.36363636363636365,0.0,1.0,10,0,2,0,0
192,633,0.0,0.0,0.0,0.0,0.4,0.0,0.0,0,0,0,0,1
192,634,0.0,0.0,0.0,0.0,0.42857142857142855,0.0,0.0,0,0,0,0,0
192,635,0.0,0.0,0.0,0.6931471805599453,0.5,0.0,0.0,0,0,1,0,0
192,636,0.03317789729702744,0.0,0.0,0.0,0.5454545454545454,1.0,0.0,0,0,2,1,0
192,637,0.015719948058727437,0.0,0.0,0.0,0.2,0.0,1.0,0,0,1,0,0
192,638,0.0,0.0,0.0,0.0,0.5555555555555556,0.0,0.0,0,0,0,0,1
192,639,0.0,0.0,0.0,0.0,0.5,1.0,0.0,0,0,1,0,0
192,640,0.0,0.0,0.0,0.6931471805599453,0.3333333333333333,0.0,0.0,0,0,2,0,0
192,641,0.0,0.0,0.0,0.0,0.2,0.0,1.0,0,0,2,0,0
192,642,0.02185263934117048,0.0,0.0,0.0,0.6,0.0,0.0,0,0,2,0,0
192,643,0.07002360008353095,0.0,0.0,0.0,0.5714285714285714,0.0,1.0,10,0,1,1,0
192,644,0.0038524195101286482,0.0,0.0,0.6931471805599453,0.42857142857142855,0.0,0.0,0,0,1,0,0
192,645,0.023362642313403383,0.0,0.0,0.0,0.42857142857142855,1.0,0.0,0,0,0,0,0
192,646,0.027127180757157737,0.0,0.0,0.0,0.625,0.0,0.0,0,0,1,0,0
192,647,0.04357573753670346,0.0,0.0,0.0,0.6666666666666666,0.0,0.0,0,0,1,2,1
192,648,0.021046503073607708,0.0,0.0,0.0,0.2857142857142857,0.0,1.0,10,0,3,0,0
192,649,0.0,0.0,0.0,0.0,0.5,0.0,0.0,0,0,1,0,0
192,650,0.040498396458568606,0.0,0.0,0.0,0.45454545454545453,1.0,0.0,10,0,2,0,0
192,651,0.0,0.0,0.0,0.0,0.375,1.0,0.0,0,0,1,0,0
192,652,0.018840107079250525,0.0,0.0,0.0,0.3333333333333333,0.0,1.0,0,0,1,0,0
192,653,0.032669866947395286,0.0,0.0,0.0,0.3333333333333333,0.0,0.0,10,0,1,0,0
192,654,0.04088905170773138,0.0,0.0,0.0,0.45454545454545453,0.0,0.0,0,0,2,0,0
192,655,0.04355889044336113,0.0,0.0,0.6931471805599453,0.7,0.0,0.0,0,0,3,0,0
192,656,0.0,0.0,0.0,0.0,0.16666666666666666,0.0,1.0,0,0,2,0,0
192,657,0.0,0.0,0.0,1.0986122886681098,0.75,0.0,0.0,0,0,3,0,0
192,658,0.11078191278338442,0.0,0.0,0.0,0.45454545454545453,1.0,0.0,10,0,2,1,1
192,659,0.0,0.0,0.0,0.0,0.2857142857142857,0.0,1.0,0,0,0,0,0
192,660,0.0400848280269719,0.0,0.0,0.0,0.7,0.0,0.0,10,0,2,0,0
192,661,0.04937128411473077,0.0,0.0,0.0,0.25,0.0,1.0,10,0,2,1,0
192,662,0.03240361718588728,0.0,0.0,0.6931471805599453,0.7,0.0,0.0,0,0,2,1,1
192,663,0.0,0.0,0.0,0.0,0.4444444444444444,1.0,0.0,0,0,2,0,0
192,664,0.0,0.0,0.0,0.6931471805599453,0.6,1.0,0.0,0,0,1,0,0
192,665,0.5697679612410068,1.0,0.0,0.6931471805599453,0.6666666666666666,0.0,0.0,35,0,3,3,1
192,666,0.0410602506379639,0.0,0.0,0.0,0.4444444444444444,0.0,1.0,20,0,2,1,0
192,667,0.04603274575517226,0.0,0.0,0.6931471805599453,0.5833333333333334,0.0,0.0,0,0,2,0,0
192,668,0.05934933111130907,0.0,0.0,0.0,0.42857142857142855,0.0,0.0,10,0,2,0,0
192,669,0.005167316997734702,0.0,0.0,0.6931471805599453,0.42857142857142855,0.0,0.0,0,0,3,0,0
192,670,0.007688316759616378,0.0,0.0,0.0,0.2857142857142857,0.0,1.0,0,0,1,0,0
192,671,0.010145053708968527,0.0,0.0,0.6931471805599453,0.4444444444444444,0.0,0.0,0,0,1,1,0
192,672,0.025168887718177987,0.0,0.0,0.0,0.5714285714285714,1.0,0.0,0,0,1,0,0
192,673,0.007012508006641671,0.0,0.0,0.6931471805599453,0.2727272727272727,0.0,1.0,0,0,1,0,0
192,674,0.0,0.0,0.0,0.0,0.25,0.0,1.0,0,0,1,0,0
192,675,0.06306636667315636,0.0,0.0,0.0,0.4444444444444444,1.0,0.0,10,0,1,0,0
192,676,0.0037539536864199864,0.0,0.0,0.0,0.5,0.0,0.0,10,0,2,0,0
192,677,0.708846009653822,1.0,0.0,0.6931471805599453,0.5,0.0,0.0,35,0,0,3,1
192,678,0.006242466336497913,0.0,0.0,0.0,0.5,0.0,0.0,0,0,0,0,0
192,679,0.045019307625991725,0.0,0.0,0.0,0.6666666666666666,0.0,0.0,0,0,1,0,0
192,680,0.06625226401848097,0.0,0.0,0.0,0.38461538461538464,0.0,1.0,10,0,2,0,0
192,681,0.5957283269355579,1.0,0.0,0.0,0.5,1.0,0.0,35,0,2,2,1
192,682,0.03270451352897241,0.0,0.0,0.6931471805599453,0.625,0.0,0.0,10,0,1,0,1
193,623,0.014225327445230581,0.0,0.35355339059327373,1.0986122886681098,0.7142857142857143,0.0,0.0,100,1,8,1,0
193,624,0.003357948587585351,0.0,0.0,0.0,0.2857142857142857,0.0,0.0,0,1,0,0,0
193,625,0.00899826351583917,0.0,0.0,0.0,0.25,0.0,0.0,0,1,0,0,0
193,626,0.020409259344949915,0.0,1.0,0.0,0.4,0.0,1.0,100,1,1,2,0
193,627,0.007170341435450862,0.0,0.0,0.0,0.3333333333333333,0.0,1.0,0,1,1,0,0
193,628,0.010593072323898447,0.0,0.0,0.0,0.6,0.0,0.0,0,1,1,1,0
193,629,0.003661784568932801,0.0,0.0,0.0,0.25,0.0,1.0,0,1,1,0,0
193,630,0.018529729512601976,0.0,0.0,0.6931471805599453,0.46153846153846156,0.0,1.0,0,1,2,0,0
193,631,0.004526704302191317,0.0,0.0,0.0,0.36363636363636365,0.0,0.0,0,1,1,1,0
193,632,0.05449245319085487,0.0,0.0,0.0,0.36363636363636365,0.0,1.0,10,1,2,0,0
193,633,0.05872361676834708,0.0,0.0,0.0,0.4,0.0,0.0,10,1,0,0,0
193,634,0.03596792357952789,0.0,0.0,0.0,0.42857142857142855,0.0,0.0,0,1,0,0,0
193,635,0.05065608303678922,0.0,0.0,0.6931471805599453,0.5,0.0,0.0,0,1,1,0,0
193,636,0.10088764866521696,0.0,0.0,0.0,0.5454545454545454,1.0,0.0,0,1,2,0,1
193,637,0.022842071879374502,0.0,0.0,0.0,0.2,0.0,1.0,0,1,1,0,0
193,638,0.04413714654718835,0.0,0.0,0.0,0.5555555555555556,0.0,0.0,0,1,0,0,0
193,639,0.005262543140411926,0.0,0.0,0.0,0.5,1.0,0.0,0,1,1,0,0
193,640,0.02133012778304965,0.0,0.7071067811865475,0.6931471805599453,0.3333333333333333,0.0,0.0,100,1,2,2,0
193,641,0.022327793279580434,0.0,0.7071067811865475,0.0,0.2,0.0,1.0,100,1,2,2,0
193,642,0.07934648527111701,0.0,0.0,0.0,0.6,0.0,0.0,0,1,2,0,0
193,643,0.015723078071407614,0.0,0.0,0.0,0.5714285714285714,0.0,1.0,0,1,1,0,0
193,644,0.005278835658649247,0.0,0.0,0.6931471805599453,0.42857142857142855,0.0,0.0,0,1,1,1,0
193,645,0.052086704999133045,0.0,0.0,0.0,0.42857142857142855,1.0,0.0,10,1,0,0,0
193,646,0.017362120709205512,0.0,0.0,0.0,0.625,0.0,0.0,0,1,1,0,0
193,647,0.0036735148143865414,0.0,0.0,0.0,0.6666666666666666,0.0,0.0,0,1,1,0,0
193,648,0.009685259716319814,0.0,0.5773502691896258,0.0,0.2857142857142857,0.0,1.0,100,1,3,2,1
193,649,0.0029326838292829996,0.0,0.0,0.0,0.5,0.0,0.0,0,1,1,0,0
193,650,0.04167524596085859,0.0,0.0,0.0,0.45454545454545453,1.0,0.0,20,1,2,0,0
193,651,0.003111907187259802,0.0,0.0,0.0,0.375,1.0,0.0,0,1,1,0,0
193,652,0.03722510055906716,0.0,0.0,0.0,0.3333333333333333,0.0,1.0,0,1,1,0,0
193,653,0.02356928889299207,0.0,0.0,0.0,0.3333333333333333,0.0,0.0,10,1,1,0,0
193,654,0.6532301653341333,1.0,0.7071067811865475,0.0,0.45454545454545453,0.0,0.0,100,1,2,3,1
193,655,0.031246800950889254,0.0,0.0,0.6931471805599453,0.7,0.0,0.0,0,1,3,0,0
193,656,0.029819879289250447,0.0,0.0,0.0,0.16666666666666666,0.0,1.0,0,1,2,0,0
193,657,0.0160753761967425,0.0,0.0,1.0986122886681098,0.75,0.0,0.0,0,1,3,0,0
193,658,0.023756009941670778,0.0,0.0,0.0,0.45454545454545453,1.0,0.0,0,1,2,0,0
193,659,0.0,0.0,0.0,0.0,0.2857142857142857,0.0,1.0,0,1,0,0,0
193,660,0.03323003660159486,0.0,0.0,0.0,0.7,0.0,0.0,10,1,2,0,0
193,661,0.493227150140635,1.0,0.7071067811865475,0.0,0.25,0.0,1.0,100,1,2,3,0
193,662,0.057149574663713065,0.0,0.0,0.6931471805599453,0.7,0.0,0.0,0,1,2,0,0
193,663,0.004415813778749252,0.0,0.0,0.0,0.4444444444444444,1.0,0.0,0,1,2,0,0
193,664,0.031220784270028862,0.0,0.0,0.6931471805599453,0.6,1.0,0.0,0,1,1,0,0
193,665,0.04239288357126768,0.0,0.0,0.6931471805599453,0.6666666666666666,0.0,0.0,0,1,3,0,0
193,666,0.28077352733734734,1.0,0.7071067811865475,0.0,0.375,0.0,1.0,100,1,2,2,0
193,667,0.03620486651242382,0.0,0.0,0.6931471805599453,0.5833333333333334,0.0,0.0,10,1,2,1,0
193,668,0.03315763419110827,0.0,0.0,0.0,0.42857142857142855,0.0,0.0,10,1,2,0,0
193,669,0.024641930593475136,0.0,0.0,0.6931471805599453,0.42857142857142855,0.0,0.0,0,1,3,0,0
193,670,0.01622190625958505,0.0,0.0,0.0,0.2857142857142857,0.0,1.0,0,1,1,0,0
193,671,0.0879112437299054,0.0,0.0,0.6931471805599453,0.4444444444444444,0.0,0.0,0,1,1,0,0
193,672,0.018619330882753207,0.0,0.0,0.0,0.5,1.0,0.0,10,1,1,0,1
193,673,0.011026849326818756,0.0,0.0,0.6931471805599453,0.2727272727272727,0.0,1.0,0,1,1,1,0
193,674,0.014787424945124812,0.0,0.0,0.0,0.25,0.0,1.0,10,1,1,1,0
193,675,0.011795270242573909,0.0,0.0,0.0,0.4444444444444444,1.0,0.0,0,1,1,0,0
193,676,0.004253105886111269,0.0,0.0,0.0,0.5,0.0,0.0,0,1,2,1,0
193,677,0.035312087835154736,0.0,0.0,0.6931471805599453,0.5,0.0,0.0,0,1,0,0,0
193,678,0.00670213342250056,0.0,0.0,0.0,0.5,0.0,0.0,0,1,0,0,0
193,679,0.023457979550991364,0.0,0.0,0.0,0.6666666666666666,0.0,0.0,10,1,1,0,0
193,680,0.028143177097362138,0.0,0.0,0.0,0.38461538461538464,0.0,1.0,0,1,2,0,0
193,681,0.034644778201474546,0.0,0.0,0.0,0.5,1.0,0.0,10,1,2,0,0
193,682,0.03369315468484127,0.0,0.0,0.6931471805599453,0.625,0.0,0.0,10,1,1,0,0
194,623,0.010981087504096137,0.0,0.0,1.0986122886681098,0.7142857142857143,0.0,0.0,0,1,8,0,0
194,624,0.0,0.0,0.0,0.0,0.2857142857142857,0.0,0.0,0,1,0,0,0
194,625,0.002665124296078734,0.0,0.0,0.0,0.2857142857142857,0.0,0.0,0,1,0,0,0
194,626,0.025627586759385496,0.0,0.0,0.0,0.4,0.0,1.0,0,1,1,0,0
194,627,0.015935405962826645,0.0,0.0,0.0,0.375,0.0,1.0,0,1,1,0,0
194,628,0.0,0.0,0.0,0.0,0.6,0.0,0.0,0,1,1,0,0
194,629,0.0,0.0,0.0,0.0,0.25,0.0,1.0,0,1,1,0,0
194,630,0.012056226196610021,0.0,0.0,0.6931471805599453,0.46153846153846156,0.0,1.0,0,1,2,0,0
194,631,0.05942709799619764,0.0,0.0,0.0,0.3333333333333333,0.0,0.0,10,1,1,0,0
194,632,0.006401891018624865,0.0,0.0,0.0,0.36363636363636365,0.0,1.0,0,1,2,0,0
194,633,0.03542256874746852,0.0,0.0,0.0,0.4,0.0,0.0,0,1,0,1,0
194,634,0.0069210390176139905,0.0,0.0,0.0,0.42857142857142855,0.0,0.0,0,1,0,1,0
194,635,0.004367470270369083,0.0,0.0,0.6931471805599453,0.5714285714285714,0.0,0.0,0,1,1,1,1
194,636,0.022815225958927616,0.0,0.0,0.0,0.5454545454545454,1.0,0.0,0,1,2,1,1
194,637,0.036450334896308265,0.0,0.0,0.0,0.2,0.0,1.0,0,1,1,0,0
194,638,0.004979764327906729,0.0,0.0,0.0,0.5,0.0,0.0,0,1,0,1,0
194,639,0.011064964578832135,0.0,0.0,0.0,0.5,1.0,0.0,0,1,1,0,0
194,640,0.04468030671800983,0.0,0.0,0.6931471805599453,0.3333333333333333,0.0,0.0,0,1,2,1,0
194,641,0.013363904873625916,0.0,0.0,0.0,0.2,0.0,1.0,0,1,2,0,0
194,642,0.015374472572295367,0.0,0.0,0.0,0.6,0.0,0.0,0,1,2,0,0
194,643,0.03517348194967709,0.0,0.0,0.0,0.6666666666666666,0.0,1.0,10,1,1,0,0
194,644,0.0,0.0,0.0,0.6931471805599453,0.42857142857142855,0.0,0.0,0,1,1,0,0
194,645,0.005573446447280765,0.0,0.0,0.0,0.42857142857142855,1.0,0.0,0,1,0,0,0
194,646,0.041138664665942404,0.0,0.0,0.0,0.625,0.0,0.0,10,1,1,0,0
194,647,0.04668064487013435,0.0,0.0,0.0,0.6666666666666666,0.0,0.0,10,1,1,0,0
194,648,0.4801910352627719,1.0,0.5773502691896258,0.0,0.2857142857142857,0.0,1.0,100,1,3,3,1
194,649,0.006163864305739057,0.0,0.0,0.0,0.5,0.0,0.0,0,1,1,0,0
194,650,0.0,0.0,0.0,0.0,0.45454545454545453,1.0,0.0,0,1,2,0,0
194,651,0.037025120616891706,0.0,1.0,0.0,0.375,1.0,0.0,100,1,1,2,1
194,652,0.026141653508298484,0.0,0.0,0.0,0.3333333333333333,0.0,1.0,10,1,1,0,0
194,653,0.027901036638217025,0.0,0.0,0.0,0.3333333333333333,0.0,0.0,0,1,1,0,0
194,654,0.020612412047939933,0.0,0.0,0.0,0.45454545454545453,0.0,0.0,0,1,2,1,0
194,655,0.03926780418375989,0.0,0.0,0.6931471805599453,0.7,0.0,0.0,10,1,3,0,0
194,656,0.014822738493657138,0.0,0.0,0.0,0.16666666666666666,0.0,1.0,0,1,2,1,0
194,657,0.0,0.0,0.0,1.0986122886681098,0.75,0.0,0.0,0,1,3,0,0
194,658,0.04205628081387379,0.0,0.0,0.0,0.45454545454545453,1.0,0.0,10,1,2,0,0
194,659,0.014188490732939795,0.0,0.0,0.0,0.2857142857142857,0.0,1.0,0,1,0,0,0
194,660,0.0,0.0,0.0,0.0,0.7,0.0,0.0,0,1,2,0,0
194,661,0.02648234723455747,0.0,0.0,0.0,0.25,0.0,1.0,10,1,2,0,0
194,662,0.012839578713393378,0.0,0.0,0.6931471805599453,0.7,0.0,0.0,0,1,2,0,0
194,663,0.006538450613005136,0.0,0.0,0.0,0.4444444444444444,1.0,0.0,0,1,2,0,1
194,664,0.06144230864676505,0.0,1.0,0.6931471805599453,0.6,1.0,0.0,100,1,1,2,1
194,665,0.08021057004511019,0.0,0.0,0.6931471805599453,0.6666666666666666,0.0,0.0,20,1,3,0,0
194,666,0.00868951897708778,0.0,0.0,0.0,0.4444444444444444,0.0,1.0,0,1,2,0,0
194,667,0.019436540083433148,0.0,0.0,0.6931471805599453,0.5833333333333334,0.0,0.0,0,1,2,0,0
194,668,0.0,0.0,0.0,0.0,0.42857142857142855,0.0,0.0,0,1,2,0,0
194,669,0.023404516484474395,0.0,0.0,0.6931471805599453,0.42857142857142855,0.0,0.0,10,1,3,1,0
194,670,0.0,0.0,0.0,0.0,0.2857142857142857,0.0,1.0,0,1,1,0,0
194,671,0.0035784549563573067,0.0,0.0,0.6931471805599453,0.4444444444444444,0.0,0.0,0,1,1,0,0
194,672,0.011651510490865024,0.0,0.0,0.0,0.5714285714285714,1.0,0.0,10,1,1,0,1
194,673,0.0,0.0,0.0,0.6931471805599453,0.2727272727272727,0.0,1.0,0,1,1,0,0
194,674,0.02001412368805764,0.0,0.0,0.0,0.25,0.0,1.0,0,1,1,0,0
194,675,0.016212544472569094,0.0,0.0,0.0,0.4444444444444444,1.0,0.0,0,1,1,0,0
194,676,0.05578215159831423,0.0,0.0,0.0,0.5,0.0,0.0,0,1,2,0,0
194,677,0.029051005112360674,0.0,0.0,0.6931471805599453,0.5,0.0,0.0,0,1,0,0,0
194,678,0.01847478468977342,0.0,0.0,0.0,0.5,0.0,0.0,0,1,0,0,0
194,679,0.0,0.0,0.0,0.0,0.6666666666666666,0.0,0.0,0,1,1,0,1
194,680,0.0,0.0,0.0,0.0,0.38461538461538464,0.0,1.0,0,1,2,0,0
194,681,0.06754209893274367,0.0,0.0,0.0,0.5,1.0,0.0,10,1,2,0,0
194,682,0.0,0.0,0.0,0.6931471805599453,0.625,0.0,0.0,0,1,1,0,0
195,623,0.10663078235356535,0.5,0.5,1.0986122886681098,0.7142857142857143,0.0,0.0,100,2,8,2,0
195,624,0.0,0.0,0.0,0.0,0.2857142857142857,0.0,0.0,0,2,0,0,0
195,625,0.012179536852274877,0.0,0.0,0.0,0.25,0.0,0.0,0,2,0,0,0
195,626,0.07335243106197534,0.0,0.7071067811865475,0.0,0.4,0.0,1.0,50,2,1,0,0
195,627,0.0,0.0,0.0,0.0,0.3333333333333333,0.0,1.0,10,2,1,1,0
195,628,0.005947112374358692,0.0,0.0,0.0,0.6,0.0,0.0,0,2,1,0,0
195,629,0.0,0.0,0.0,0.0,0.25,0.0,1.0,0,2,1,0,0
195,630,0.038636461671250864,0.0,0.0,0.6931471805599453,0.46153846153846156,0.0,1.0,0,2,2,1,1
195,631,0.007167253872957286,0.0,0.0,0.0,0.2727272727272727,0.0,0.0,0,2,1,0,0
195,632,0.022400287269803667,0.0,0.0,0.0,0.36363636363636365,0.0,1.0,0,2,2,0,0
195,633,0.027433255544264165,0.0,0.0,0.0,0.4,0.0,0.0,0,2,0,0,0
195,634,0.010524371926354456,0.0,0.0,0.0,0.42857142857142855,0.0,0.0,0,2,0,0,0
195,635,0.01834371447992355,0.0,0.0,0.6931471805599453,0.5,0.0,0.0,0,2,1,0,0
195,636,0.006541009963252626,0.0,0.0,0.0,0.5454545454545454,1.0,0.0,0,2,2,0,0
195,637,0.019800990563819745,0.0,0.0,0.0,0.2,0.0,1.0,0,2,1,0,0
195,638,0.006479802820325285,0.0,0.0,0.0,0.5555555555555556,0.0,0.0,0,2,0,0,0
195,639,0.01333204104062932,0.0,0.0,0.0,0.5,1.0,0.0,0,2,1,0,0
195,640,0.026540348333508084,0.0,0.5,0.6931471805599453,0.3333333333333333,0.0,0.0,50,2,2,0,0
195,641,0.04434179476948877,0.0,1.0,0.0,0.2,0.0,1.0,100,2,2,0,0
195,642,0.020217066614522734,0.0,0.0,0.0,0.6,0.0,0.0,0,2,2,1,0
195,643,0.009200812714099883,0.0,0.0,0.0,0.5714285714285714,0.0,1.0,0,2,1,0,0
195,644,0.036883038805484936,0.0,0.0,0.6931471805599453,0.46153846153846156,0.0,0.0,0,2,1,0,0
195,645,0.012278626367210006,0.0,0.0,0.0,0.42857142857142855,1.0,0.0,0,2,0,0,0
195,646,0.001580267526811669,0.0,0.0,0.0,0.625,0.0,0.0,0,2,1,0,0
195,647,0.018493123629738886,0.0,0.0,0.0,0.6666666666666666,0.0,0.0,0,2,1,0,0
195,648,0.019325013560178045,0.0,0.8164965809277261,0.0,0.2857142857142857,0.0,1.0,100,2,3,0,0
195,649,0.01684192722449975,0.0,0.0,0.0,0.5,0.0,0.0,0,2,1,0,0
195,650,0.0030890510273946887,0.0,0.0,0.0,0.45454545454545453,1.0,0.0,0,2,2,0,0
195,651,0.0027833049591600542,0.0,0.0,0.0,0.375,1.0,0.0,10,2,1,0,0
195,652,0.046811389507072046,0.0,0.0,0.0,0.3333333333333333,0.0,1.0,0,2,1,1,0
195,653,0.004464009505795903,0.0,0.0,0.0,0.3333333333333333,0.0,0.0,0,2,1,0,1
195,654,0.003820030914642717,0.0,0.5,0.0,0.45454545454545453,0.0,0.0,50,2,2,0,0
195,655,0.013306928389184854,0.0,0.4082482904638631,0.6931471805599453,0.7,0.0,0.0,50,2,3,0,0
195,656,0.012021696430428068,0.0,0.5,0.0,0.16666666666666666,0.0,1.0,50,2,2,0,0
195,657,0.0,0.0,0.4082482904638631,1.0986122886681098,0.75,0.0,0.0,50,2,3,0,0
195,658,0.011514858332531384,0.0,0.5,0.0,0.45454545454545453,1.0,0.0,50,2,2,0,1
195,659,0.0060639794590593744,0.0,0.0,0.0,0.2857142857142857,0.0,1.0,0,2,0,0,0
195,660,0.01843751472640015,0.0,0.0,0.0,0.6666666666666666,0.0,0.0,0,2,2,0,0
195,661,0.0036573863592795266,0.0,0.5,0.0,0.25,0.0,1.0,50,2,2,0,0
195,662,0.005978575151281796,0.0,0.0,0.6931471805599453,0.7,0.0,0.0,10,2,2,0,0
195,663,0.4077296032039425,1.0,0.0,0.0,0.375,1.0,0.0,35,2,2,3,0
195,664,0.01887471166843379,0.0,0.0,0.6931471805599453,0.6,1.0,0.0,0,2,1,0,0
195,665,0.16968161046713817,1.0,0.0,0.6931471805599453,0.6666666666666666,0.0,0.0,35,2,3,3,0
195,666,0.007345206045203617,0.0,0.5,0.0,0.4444444444444444,0.0,1.0,50,2,2,0,0
195,667,0.002549811211152405,0.0,0.0,0.6931471805599453,0.5833333333333334,0.0,0.0,0,2,2,0,0
195,668,0.014104052161022215,0.0,0.0,0.0,0.42857142857142855,0.0,0.0,0,2,2,0,0
195,669,0.009979865333750854,0.0,0.4082482904638631,0.6931471805599453,0.42857142857142855,0.0,0.0,50,2,3,0,0
195,670,0.0,0.0,0.0,0.0,0.2857142857142857,0.0,1.0,0,2,1,0,0
195,671,0.00553764788890678,0.0,0.0,0.6931471805599453,0.4444444444444444,0.0,0.0,0,2,1,0,0
195,672,0.0034142078931135044,0.0,0.7071067811865475,0.0,0.5714285714285714,1.0,0.0,50,2,1,0,0
195,673,0.019337604240917496,0.0,0.0,0.6931471805599453,0.2727272727272727,0.0,1.0,0,2,1,0,0
195,674,0.011163815968685278,0.0,0.0,0.0,0.25,0.0,1.0,0,2,1,0,0
195,675,0.005788952318328018,0.0,0.0,0.0,0.4444444444444444,1.0,0.0,10,2,1,1,0
195,676,0.0045136984679415345,0.0,0.0,0.0,0.5,0.0,0.0,10,2,2,1,0
195,677,0.009308252067243322,0.0,0.0,0.6931471805599453,0.5,0.0,0.0,0,2,0,0,0
195,678,0.6023318769690859,1.0,0.0,0.0,0.42857142857142855,0.0,0.0,35,2,0,3,1
195,679,0.01374061899483774,0.0,0.0,0.0,0.6666666666666666,0.0,0.0,0,2,1,0,0
195,680,0.004131753832871251,0.0,0.0,0.0,0.38461538461538464,0.0,1.0,10,2,2,1,1
195,681,0.005815031924267891,0.0,0.0,0.0,0.5,1.0,0.0,0,2,2,0,0
195,682,0.009483861909051249,0.0,0.0,0.6931471805599453,0.625,0.0,0.0,0,2,1,0,0
196,623,0.06899893781578255,0.5,0.35355339059327373,0.6931471805599453,0.6923076923076923,0.0,0.0,100,1,8,2,0
196,624,0.0,0.0,0.0,0.0,0.2857142857142857,0.0,0.0,0,1,0,0,0
196,625,0.012117269055911668,0.0,0.0,0.0,0.25,0.0,0.0,0,1,0,0,1
196,626,0.0905847269625316,0.0,0.0,0.0,0.4,0.0,1.0,10,1,1,0,0
196,627,0.0,0.0,0.0,0.0,0.3333333333333333,0.0,1.0,10,1,1,1,0
196,628,0.011498791167788739,0.0,0.0,0.0,0.6,0.0,0.0,0,1,1,0,0
196,629,0.0,0.0,0.0,0.0,0.25,0.0,1.0,0,1,1,0,0
196,630,0.021924793912358964,0.0,0.0,0.6931471805599453,0.46153846153846156,0.0,1.0,0,1,2,1,0
196,631,0.0023820661249084984,0.0,0.0,0.0,0.3333333333333333,0.0,0.0,0,1,1,0,0
196,632,0.00886884987399996,0.0,0.0,0.0,0.36363636363636365,0.0,1.0,0,1,2,0,0
196,633,0.006891062917603269,0.0,0.0,0.0,0.4,0.0,0.0,0,1,0,0,0
196,634,0.002260575299595605,0.0,0.0,0.0,0.42857142857142855,0.0,0.0,0,1,0,0,0
196,635,0.007131505785961157,0.0,0.0,0.6931471805599453,0.42857142857142855,0.0,0.0,0,1,1,0,0
196,636,0.0039456031416788065,0.0,0.0,0.0,0.5454545454545454,1.0,0.0,0,1,2,0,0
196,637,0.014321514204686709,0.0,0.0,0.0,0.2,0.0,1.0,0,1,1,0,0
196,638,0.0,0.0,0.0,0.0,0.5555555555555556,0.0,0.0,0,1,0,0,0
196,639,0.0,0.0,0.0,0.0,0.5,1.0,0.0,0,1,1,0,0
196,640,0.021101570256692917,0.0,0.0,0.6931471805599453,0.3333333333333333,0.0,0.0,0,1,2,0,0
196,641,0.06671884711172628,0.0,0.0,0.0,0.2,0.0,1.0,0,1,2,0,0
196,642,0.0,0.0,0.0,0.0,0.6,0.0,0.0,0,1,2,1,0
196,643,0.015488947804970725,0.0,0.0,0.0,0.5714285714285714,0.0,1.0,0,1,1,0,0
196,644,0.0015647241067083832,0.0,0.0,0.6931471805599453,0.42857142857142855,0.0,0.0,0,1,1,0,0
196,645,0.017104159076592997,0.0,0.0,0.0,0.42857142857142855,1.0,0.0,0,1,0,0,0
196,646,0.0030572600256095904,0.0,0.0,0.0,0.625,0.0,0.0,0,1,1,0,0
196,647,0.01506585424645075,0.0,0.0,0.0,0.6666666666666666,0.0,0.0,0,1,1,0,0
196,648,0.04359244198390681,0.0,0.0,0.0,0.2857142857142857,0.0,1.0,20,1,3,0,0
196,649,0.0,0.0,0.0,0.0,0.5,0.0,0.0,0,1,1,0,0
196,650,0.005976127192342064,0.0,0.0,0.0,0.45454545454545453,1.0,0.0,0,1,2,0,0
196,651,0.0,0.0,0.0,0.0,0.375,1.0,0.0,10,1,1,0,0
196,652,0.04562983138459929,0.0,0.0,0.0,0.3333333333333333,0.0,1.0,0,1,1,1,0
196,653,0.005102702317921143,0.0,0.0,0.0,0.3333333333333333,0.0,0.0,0,1,1,0,0
196,654,0.0,0.0,0.0,0.0,0.45454545454545453,0.0,0.0,0,1,2,0,1
196,655,0.0159577812575118,0.0,0.0,0.6931471805599453,0.7,0.0,0.0,0,1,3,0,0
196,656,0.006920863939419277,0.0,0.0,0.0,0.16666666666666666,0.0,1.0,0,1,2,0,0
196,657,0.0,0.0,0.0,1.0986122886681098,0.75,0.0,0.0,0,1,3,0,0
196,658,0.018033537885405085,0.0,0.0,0.0,0.45454545454545453,1.0,0.0,0,1,2,0,0
196,659,0.0,0.0,0.0,0.0,0.2857142857142857,0.0,1.0,0,1,0,0,0
196,660,0.013992355995288976,0.0,0.0,0.0,0.7,0.0,0.0,0,1,2,0,0
196,661,0.003096455176215564,0.0,0.0,0.0,0.25,0.0,1.0,0,1,2,0,0
196,662,0.007912285397339775,0.0,0.0,0.6931471805599453,0.7,0.0,0.0,10,1,2,0,0
196,664,0.0,0.0,0.0,0.6931471805599453,0.6,1.0,0.0,0,1,1,0,0
196,665,0.20332277363885407,1.0,0.5773502691896258,0.6931471805599453,0.6666666666666666,0.0,0.0,100,1,3,3,1
196,666,0.00916309076916837,0.0,0.0,0.0,0.4444444444444444,0.0,1.0,0,1,2,0,0
196,667,0.004929625149624315,0.0,0.0,0.6931471805599453,0.5833333333333334,0.0,0.0,0,1,2,0,0
196,668,0.01690545662957434,0.0,0.0,0.0,0.42857142857142855,0.0,0.0,0,1,2,0,0
196,669,0.008241269761103962,0.0,0.0,0.6931471805599453,0.42857142857142855,0.0,0.0,0,1,3,0,0
196,670,0.0,0.0,0.0,0.0,0.2857142857142857,0.0,1.0,0,1,1,0,0
196,671,0.010708390123361323,0.0,0.0,0.0,0.375,0.0,0.0,0,1,1,0,0
196,672,0.006599844663859438,0.0,0.0,0.0,0.5714285714285714,1.0,0.0,0,1,1,0,0
196,673,0.005707792037727838,0.0,0.0,0.6931471805599453,0.2727272727272727,0.0,1.0,0,1,1,0,0
196,674,0.00404284370663777,0.0,0.0,0.0,0.25,0.0,1.0,0,1,1,0,0
196,675,0.0054810212882571525,0.0,0.0,0.0,0.5,1.0,0.0,10,1,1,1,0
196,676,0.0012868989316189986,0.0,0.0,0.0,0.5,0.0,0.0,10,1,2,1,0
196,677,0.011500196982353083,0.0,0.0,0.6931471805599453,0.5,0.0,0.0,0,1,0,0,0
196,678,0.6575553663204569,1.0,0.0,0.0,0.5,0.0,0.0,35,1,0,3,1
196,679,0.014744607962075124,0.0,0.0,0.0,0.6666666666666666,0.0,0.0,0,1,1,0,0
196,680,0.004114029022931885,0.0,0.0,0.0,0.38461538461538464,0.0,1.0,10,1,2,1,0
196,681,0.002413262042649151,0.0,0.0,0.0,0.5,1.0,0.0,0,1,2,0,0
196,682,0.0183446736200194,0.0,0.0,0.6931471805599453,0.625,0.0,0.0,0,1,1,0,0
197,623,0.00471029099467509,0.0,0.35355339059327373,1.0986122886681098,0.7142857142857143,0.0,0.0,100,1,8,1,0
197,624,0.0,0.0,0.0,0.0,0.2857142857142857,0.0,0.0,0,1,0,0,1
197,625,0.010831721063677614,0.0,0.0,0.0,0.25,0.0,0.0,0,1,0,0,0
197,626,0.0037382335451616147,0.0,0.0,0.0,0.4,0.0,1.0,0,1,1,0,0
197,627,0.05134383644663405,0.0,0.0,0.0,0.3333333333333333,0.0,1.0,0,1,1,0,0
197,628,0.004065657447949553,0.0,0.0,0.0,0.6,0.0,0.0,0,1,1,0,0
197,629,0.03240838878471409,0.0,0.0,0.0,0.25,0.0,1.0,0,1,1,0,0
197,630,0.0025240954093744593,0.0,0.0,0.6931471805599453,0.46153846153846156,0.0,1.0,0,1,2,0,0
197,631,0.024164859700825252,0.0,0.0,0.0,0.3333333333333333,0.0,0.0,0,1,1,0,0
197,632,0.013815439285598995,0.0,0.0,0.0,0.36363636363636365,0.0,1.0,0,1,2,0,0
197,633,0.007337232412330054,0.0,0.0,0.0,0.4,0.0,0.0,0,1,0,0,0
197,634,0.0,0.0,0.0,0.0,0.42857142857142855,0.0,0.0,0,1,0,0,0
197,635,0.0,0.0,0.0,0.6931471805599453,0.5,0.0,0.0,0,1,1,0,0
197,636,0.029387515403188784,0.0,0.7071067811865475,0.0,0.5454545454545454,1.0,0.0,100,1,2,0,0
197,637,0.017689328004980555,0.0,0.0,0.0,0.2,0.0,1.0,0,1,1,0,0
197,638,0.0,0.0,0.0,0.0,0.5555555555555556,0.0,0.0,0,1,0,0,1
197,639,0.0,0.0,0.0,0.0,0.5,1.0,0.0,0,1,1,0,0
197,640,0.0,0.0,0.0,0.6931471805599453,0.3333333333333333,0.0,0.0,0,1,2,0,0
197,641,0.011607184808618371,0.0,0.0,0.0,0.2,0.0,1.0,0,1,2,0,0
197,642,0.0,0.0,0.0,0.0,0.6,0.0,0.0,0,1,2,0,0
197,643,0.0,0.0,1.0,0.0,0.5714285714285714,0.0,1.0,100,1,1,0,0
197,644,0.03499912275357566,0.0,0.0,0.6931471805599453,0.42857142857142855,0.0,0.0,0,1,1,0,0
197,645,0.018048756096717328,0.0,0.0,0.0,0.42857142857142855,1.0,0.0,0,1,0,0,0
197,646,0.07394225659026667,0.0,0.0,0.0,0.7142857142857143,0.0,0.0,10,1,1,1,0
197,647,0.032375725379047905,0.0,0.0,0.0,0.6666666666666666,0.0,0.0,0,1,1,2,0
197,648,0.0031409625038021135,0.0,0.0,0.0,0.2857142857142857,0.0,1.0,0,1,3,0,0
197,649,0.0,0.0,0.0,0.0,0.5,0.0,0.0,0,1,1,0,0
197,650,0.24386458149101256,1.0,0.0,0.0,0.5,1.0,0.0,35,1,2,2,0
197,651,0.0,0.0,0.0,0.0,0.375,1.0,0.0,0,1,1,0,0
197,652,0.006582263797655664,0.0,0.0,0.0,0.3333333333333333,0.0,1.0,0,1,1,0,0
197,653,0.06411009399420849,0.0,0.0,0.0,0.3333333333333333,0.0,0.0,0,1,1,1,0
197,654,0.010372213801007982,0.0,0.0,0.0,0.45454545454545453,0.0,0.0,10,1,2,0,0
197,655,0.1253210463855771,0.0,0.0,0.6931471805599453,0.7,0.0,0.0,30,1,3,1,1
197,656,0.00935591979801242,0.0,0.0,0.0,0.16666666666666666,0.0,1.0,0,1,2,0,0
197,657,0.004538803719158241,0.0,0.0,1.0986122886681098,0.75,0.0,0.0,0,1,3,1,0
197,658,0.0,0.0,0.7071067811865475,0.0,0.45454545454545453,1.0,0.0,100,1,2,0,0
197,659,0.0,0.0,0.0,0.0,0.2857142857142857,0.0,1.0,0,1,0,0,0
197,660,0.0,0.0,0.0,0.0,0.7,0.0,0.0,0,1,2,1,0
197,661,0.0074431949333438234,0.0,0.7071067811865475,0.0,0.25,0.0,1.0,100,1,2,0,0
197,662,0.01501981153424084,0.0,0.7071067811865475,0.6931471805599453,0.7,0.0,0.0,100,1,2,0,0
197,663,0.005183456085800363,0.0,0.0,0.0,0.4444444444444444,1.0,0.0,10,1,2,2,0
197,664,0.010256717545497347,0.0,0.0,0.6931471805599453,0.6,1.0,0.0,0,1,1,0,0
197,665,0.029702914924493284,0.0,0.0,0.6931471805599453,0.6666666666666666,0.0,0.0,20,1,3,1,0
197,666,0.0315384765421489,0.0,0.7071067811865475,0.0,0.4444444444444444,0.0,1.0,100,1,2,0,0
197,667,0.34073324428865415,1.0,0.0,0.6931471805599453,0.5454545454545454,0.0,0.0,35,1,2,3,0
197,668,0.0,0.0,0.0,0.0,0.42857142857142855,0.0,0.0,0,1,2,1,1
197,669,0.016259527650858748,0.0,0.0,0.6931471805599453,0.42857142857142855,0.0,0.0,20,1,3,0,0
197,670,0.009542277731478721,0.0,1.0,0.0,0.2857142857142857,0.0,1.0,100,1,1,0,0
197,671,0.02386192747214572,0.0,1.0,0.6931471805599453,0.4444444444444444,0.0,0.0,100,1,1,0,0
197,672,0.37933822902212494,1.0,0.0,0.0,0.5714285714285714,1.0,0.0,35,1,1,2,0
197,673,0.02121472387454007,0.0,0.0,0.6931471805599453,0.2727272727272727,0.0,1.0,0,1,1,0,0
197,674,0.0349644375676422,0.0,0.0,0.0,0.25,0.0,1.0,0,1,1,0,0
197,675,0.08990767893862957,0.0,0.0,0.0,0.4444444444444444,1.0,0.0,10,1,1,0,0
197,676,0.043343523551124044,0.0,0.0,0.0,0.5,0.0,0.0,10,1,2,0,0
197,677,0.027453930642476462,0.0,0.0,0.6931471805599453,0.5,0.0,0.0,0,1,0,0,0
197,678,0.0,0.0,0.0,0.0,0.5,0.0,0.0,0,1,0,0,0
197,679,0.0,0.0,0.0,0.0,0.6666666666666666,0.0,0.0,0,1,1,1,0
197,680,0.46918793988982127,1.0,0.0,0.0,0.38461538461538464,0.0,1.0,35,1,2,3,0
197,681,0.02304667046112395,0.0,0.0,0.0,0.5,1.0,0.0,0,1,2,0,0
197,682,0.0,0.0,0.0,0.6931471805599453,0.625,0.0,0.0,0,1,1,1,0
198,623,0.0033543174985788534,0.0,0.0,1.0986122886681098,0.7692307692307693,0.0,0.0,0,1,8,0,0
198,624,0.006107287738816691,0.0,0.0,0.0,0.2857142857142857,0.0,0.0,10,1,0,0,0
198,625,0.011194393169701973,0.0,0.0,0.0,0.25,0.0,0.0,0,1,0,0,0
198,626,0.01760429135225361,0.0,0.0,0.0,0.4,0.0,1.0,10,1,1,0,0
198,627,0.03156846693743362,0.0,0.0,0.0,0.3333333333333333,0.0,1.0,0,1,1,0,0
198,628,0.004879173284646584,0.0,0.0,0.0,0.6,0.0,0.0,0,1,1,0,0
198,629,0.010317536340916233,0.0,0.0,0.0,0.25,0.0,1.0,10,1,1,0,0
198,630,0.011444683074416529,0.0,0.0,0.6931471805599453,0.46153846153846156,0.0,1.0,10,1,2,0,0
198,631,0.01593158341678335,0.0,0.0,0.0,0.3333333333333333,0.0,0.0,0,1,1,0,0
198,632,0.010348644163004149,0.0,0.0,0.0,0.36363636363636365,0.0,1.0,0,1,2,0,0
198,633,0.007386162111284106,0.0,0.0,0.0,0.4444444444444444,0.0,0.0,0,1,0,1,0
198,634,0.0043143458250238164,0.0,0.0,0.0,0.42857142857142855,0.0,0.0,0,1,0,1,0
198,635,0.008169904633095106,0.0,0.0,0.6931471805599453,0.5,0.0,0.0,0,1,1,1,0
198,636,0.02740428645153439,0.0,0.0,0.0,0.5454545454545454,1.0,0.0,0,1,2,1,0
198,637,0.12913109452185917,0.0,0.0,0.0,0.2,0.0,1.0,0,1,1,0,0
198,638,0.006209331364957103,0.0,0.0,0.0,0.5555555555555556,0.0,0.0,0,1,0,1,0
198,639,0.0,0.0,0.0,0.0,0.5,1.0,0.0,0,1,1,0,0
198,640,0.020159856934133902,0.0,0.0,0.6931471805599453,0.3333333333333333,0.0,0.0,10,1,2,1,1
198,641,0.024991845410524294,0.0,0.0,0.0,0.2,0.0,1.0,10,1,2,0,0
198,642,0.005994577785287961,0.0,0.0,0.0,0.6,0.0,0.0,0,1,2,0,0
198,643,0.009395673726001787,0.0,0.0,0.0,0.5714285714285714,0.0,1.0,0,1,1,0,0
198,644,0.004494526487598765,0.0,0.0,0.6931471805599453,0.42857142857142855,0.0,0.0,0,1,1,0,0
198,645,0.009009382461564,0.0,0.0,0.0,0.42857142857142855,1.0,0.0,0,1,0,0,0
198,646,0.013190141256167215,0.0,0.0,0.0,0.625,0.0,0.0,0,1,1,0,0
198,647,0.007853635309240919,0.0,0.0,0.0,0.6666666666666666,0.0,0.0,0,1,1,0,0
198,648,0.03913278124876179,0.0,0.5773502691896258,0.0,0.23076923076923078,0.0,1.0,100,1,3,2,0
198,649,0.0,0.0,0.0,0.0,0.5,0.0,0.0,0,1,1,0,0
198,650,0.0014256591355338317,0.0,0.0,0.0,0.45454545454545453,1.0,0.0,0,1,2,0,0
198,651,0.6526833891263881,1.0,1.0,0.0,0.2857142857142857,1.0,0.0,100,1,1,3,1
198,652,0.020729734858952093,0.0,0.0,0.0,0.3333333333333333,0.0,1.0,10,1,1,0,0
198,653,0.01342650887071601,0.0,0.0,0.0,0.3333333333333333,0.0,0.0,10,1,1,0,0
198,654,0.042275510431285905,0.0,0.0,0.0,0.45454545454545453,0.0,0.0,0,1,2,1,0
198,655,0.038472387621402655,0.0,0.0,0.6931471805599453,0.7,0.0,0.0,0,1,3,0,0
198,656,0.011208651929893579,0.0,0.0,0.0,0.16666666666666666,0.0,1.0,0,1,2,1,0
198,657,0.02483036986685526,0.0,0.0,1.0986122886681098,0.75,0.0,0.0,0,1,3,0,1
198,658,0.008600489873744264,0.0,0.0,0.0,0.45454545454545453,1.0,0.0,0,1,2,0,0
198,659,0.0,0.0,0.0,0.0,0.2857142857142857,0.0,1.0,0,1,0,0,0
198,660,0.007415665159576857,0.0,0.0,0.0,0.7,0.0,0.0,0,1,2,0,0
198,661,0.03424439130758679,0.0,0.0,0.0,0.25,0.0,1.0,0,1,2,0,0
198,662,0.10180404265263969,0.0,0.0,0.6931471805599453,0.7,0.0,0.0,0,1,2,0,0
198,663,0.008965306992114782,0.0,0.0,0.0,0.4444444444444444,1.0,0.0,0,1,2,0,0
198,664,0.6684061510242766,1.0,1.0,0.6931471805599453,0.6,1.0,0.0,100,1,1,3,0
198,665,0.0037076188740475025,0.0,0.0,0.6931471805599453,0.6666666666666666,0.0,0.0,0,1,3,0,0
198,666,0.028625914957103038,0.0,0.0,0.0,0.4444444444444444,0.0,1.0,0,1,2,0,0
198,667,0.010494130859109723,0.0,0.0,0.6931471805599453,0.5833333333333334,0.0,0.0,0,1,2,0,0
198,668,0.007284268831110722,0.0,0.0,0.0,0.42857142857142855,0.0,0.0,0,1,2,0,0
198,669,0.004495783254842685,0.0,0.0,0.6931471805599453,0.42857142857142855,0.0,0.0,0,1,3,1,0
198,670,0.005500829737257518,0.0,0.0,0.0,0.2857142857142857,0.0,1.0,0,1,1,0,0
198,671,0.017476624974323358,0.0,0.0,0.6931471805599453,0.4444444444444444,0.0,0.0,0,1,1,0,0
198,672,0.002521175689819359,0.0,0.0,0.0,0.5714285714285714,1.0,0.0,0,1,1,0,0
198,673,0.008181326799296812,0.0,0.0,0.6931471805599453,0.2727272727272727,0.0,1.0,0,1,1,0,0
198,674,0.010624112645162508,0.0,0.0,0.0,0.25,0.0,1.0,0,1,1,0,0
198,675,0.031125946540498967,0.0,0.0,0.0,0.4444444444444444,1.0,0.0,0,1,1,0,0
198,676,0.014757174035382552,0.0,0.0,0.0,0.5,0.0,0.0,0,1,2,0,0
198,677,0.004388989655669121,0.0,0.0,0.6931471805599453,0.5,0.0,0.0,0,1,0,0,0
198,678,0.0016798134518134626,0.0,0.0,0.0,0.5,0.0,0.0,0,1,0,0,0
198,679,0.008205691694596517,0.0,0.0,0.0,0.6666666666666666,0.0,0.0,0,1,1,0,0
198,680,0.018117245344383855,0.0,0.0,0.0,0.38461538461538464,0.0,1.0,0,1,2,0,0
198,681,0.00466602961494939,0.0,0.0,0.0,0.5,1.0,0.0,0,1,2,0,0
198,682,0.002499940321148009,0.0,0.0,0.6931471805599453,0.625,0.0,0.0,0,1,1,0,1
199,623,0.061483038031019184,0.0,0.25,1.0986122886681098,0.7142857142857143,0.0,0.0,50,2,8,1,0
199,624,0.4257679032605914,0.6,0.0,0.0,0.2857142857142857,0.0,0.0,35,2,0,3,1
199,625,0.020062384306862368,0.0,0.0,0.0,0.25,0.0,0.0,0,2,0,2,1
199,626,0.003390219397678719,0.0,0.0,0.0,0.4,0.0,1.0,0,2,1,0,0
199,627,0.0,0.0,0.0,0.0,0.3333333333333333,0.0,1.0,0,2,1,0,0
199,628,0.001343651641180894,0.0,0.0,0.0,0.6,0.0,0.0,0,2,1,0,1
199,629,0.19845644072241744,0.6,0.7071067811865475,0.0,0.25,0.0,1.0,50,2,1,3,1
199,630,0.009797999763067911,0.0,0.0,0.6931471805599453,0.46153846153846156,0.0,1.0,0,2,2,1,0
199,631,0.004442758158452532,0.0,0.0,0.0,0.3333333333333333,0.0,0.0,0,2,1,0,0
199,632,0.012080630032381974,0.0,0.0,0.0,0.36363636363636365,0.0,1.0,0,2,2,1,0
199,633,0.02728223358726528,0.0,0.0,0.0,0.4,0.0,0.0,0,2,0,0,0
199,634,0.017895907129324578,0.0,0.0,0.0,0.42857142857142855,0.0,0.0,0,2,0,0,0
199,635,0.011435313531731842,0.0,0.0,0.6931471805599453,0.5,0.0,0.0,0,2,1,0,0
199,636,0.023446272145482745,0.0,0.0,0.0,0.5454545454545454,1.0,0.0,0,2,2,0,1
199,637,0.019461916857367416,0.0,0.7071067811865475,0.0,0.2222222222222222,0.0,1.0,50,2,1,2,0
199,638,0.018154050261196434,0.0,0.0,0.0,0.5555555555555556,0.0,0.0,0,2,0,0,1
199,639,0.005897222820475435,0.0,0.0,0.0,0.5,1.0,0.0,0,2,1,1,0
199,640,0.03931141337173043,0.0,0.0,0.6931471805599453,0.3333333333333333,0.0,0.0,0,2,2,0,0
199,641,0.00920656489150702,0.0,0.0,0.0,0.2,0.0,1.0,0,2,2,0,0
199,642,0.010421494181962525,0.0,0.0,0.0,0.6,0.0,0.0,0,2,2,0,0
199,643,0.0012854404755126912,0.0,0.0,0.0,0.5714285714285714,0.0,1.0,0,2,1,0,0
199,644,0.0008251533911517936,0.0,0.0,0.6931471805599453,0.42857142857142855,0.0,0.0,0,2,1,0,0
199,645,0.008655336490479382,0.0,0.0,0.0,0.42857142857142855,1.0,0.0,0,2,0,1,0
199,646,0.0,0.0,0.0,0.0,0.625,0.0,0.0,0,2,1,0,0
199,647,0.002128553510347621,0.0,0.0,0.0,0.6666666666666666,0.0,0.0,0,2,1,0,0
199,648,0.0007504557852224913,0.0,0.0,0.0,0.2857142857142857,0.0,1.0,0,2,3,0,0
199,649,0.013928526577478196,0.0,0.0,0.0,0.5,0.0,0.0,0,2,1,1,0
199,650,0.0,0.0,0.0,0.0,0.45454545454545453,1.0,0.0,0,2,2,1,0
199,651,0.0017896799391415954,0.0,0.0,0.0,0.375,1.0,0.0,0,2,1,0,0
199,652,0.0,0.0,0.0,0.0,0.3333333333333333,0.0,1.0,0,2,1,0,0
199,653,0.021626267917454516,0.0,0.0,0.0,0.3333333333333333,0.0,0.0,0,2,1,0,0
199,654,0.002456300259997363,0.0,0.0,0.0,0.45454545454545453,0.0,0.0,0,2,2,0,0
199,655,0.012738136483300385,0.0,0.0,0.6931471805599453,0.7,0.0,0.0,0,2,3,1,0
199,656,0.010543130602087539,0.0,0.0,0.0,0.16666666666666666,0.0,1.0,10,2,2,0,0
199,657,0.3913014953671643,0.6,0.4082482904638631,1.0986122886681098,0.75,0.0,0.0,50,2,3,3,1
199,658,0.0,0.0,0.0,0.0,0.45454545454545453,1.0,0.0,0,2,2,0,0
199,659,0.0,0.0,0.0,0.0,0.2857142857142857,0.0,1.0,0,2,0,1,0
199,660,0.020263439719371838,0.0,0.0,0.0,0.7,0.0,0.0,0,2,2,1,0
199,661,0.007765688836071151,0.0,0.0,0.0,0.25,0.0,1.0,0,2,2,0,0
199,662,0.004751681815297908,0.0,0.5,0.6931471805599453,0.7,0.0,0.0,50,2,2,2,1
199,663,0.07699124153687215,0.0,0.5,0.0,0.4444444444444444,1.0,0.0,50,2,2,0,0
199,664,0.004750435064863745,0.0,0.0,0.6931471805599453,0.6,1.0,0.0,0,2,1,0,0
199,665,0.09411594394035445,0.0,0.4082482904638631,0.6931471805599453,0.6666666666666666,0.0,0.0,50,2,3,0,0
199,666,0.005535276041341642,0.0,0.0,0.0,0.4444444444444444,0.0,1.0,0,2,2,0,0
199,667,0.08014968032022765,0.0,0.0,0.6931471805599453,0.5833333333333334,0.0,0.0,10,2,2,0,0
199,668,0.009412691639764622,0.0,0.0,0.0,0.42857142857142855,0.0,0.0,0,2,2,0,0
199,669,0.0033656832162657717,0.0,0.0,0.6931471805599453,0.42857142857142855,0.0,0.0,0,2,3,0,0
199,670,0.045354753783522175,0.0,0.0,0.0,0.2857142857142857,0.0,1.0,0,2,1,0,0
199,671,0.0,0.0,0.0,0.6931471805599453,0.4444444444444444,0.0,0.0,0,2,1,0,0
199,672,0.02632491489018045,0.0,0.0,0.0,0.5714285714285714,1.0,0.0,0,2,1,0,0
199,673,0.0015017337212819824,0.0,0.0,0.6931471805599453,0.2727272727272727,0.0,1.0,0,2,1,0,0
199,674,0.007960998832117702,0.0,0.0,0.0,0.25,0.0,1.0,0,2,1,0,0
199,675,0.0074446544556047755,0.0,0.0,0.0,0.375,1.0,0.0,0,2,1,1,0
199,676,0.0031512654754107168,0.0,0.0,0.0,0.5,0.0,0.0,0,2,2,0,0
199,677,0.0,0.0,0.0,0.6931471805599453,0.5,0.0,0.0,0,2,0,0,0
199,678,0.05065829225384229,0.0,0.0,0.0,0.5,0.0,0.0,0,2,0,0,0
199,679,0.025477934932609584,0.0,0.0,0.0,0.6666666666666666,0.0,0.0,0,2,1,0,1
199,680,0.0,0.0,0.0,0.0,0.38461538461538464,0.0,1.0,0,2,2,0,0
199,681,0.008484313752572921,0.0,0.0,0.0,0.5384615384615384,1.0,0.0,0,2,2,1,0
199,682,0.028798115083565036,0.0,0.0,0.6931471805599453,0.625,0.0,0.0,0,2,1,0,0
200,623,0.07861797929412666,0.5,0.35355339059327373,1.0986122886681098,0.7142857142857143,0.0,0.0,100,1,8,2,1
200,624,0.0,0.0,0.0,0.0,0.2857142857142857,0.0,0.0,0,1,0,0,0
200,625,0.7177910202487943,1.0,0.0,0.0,0.25,0.0,0.0,35,1,0,3,1
200,626,0.041245452288814904,0.0,0.0,0.0,0.4,0.0,1.0,0,1,1,0,0
200,627,0.0,0.0,0.0,0.0,0.3333333333333333,0.0,1.0,0,1,1,0,0
200,628,0.024243919272538626,0.0,0.0,0.0,0.6,0.0,0.0,0,1,1,0,0
200,629,0.0,0.0,0.0,0.0,0.25,0.0,1.0,0,1,1,0,0
200,630,0.020068071929559797,0.0,0.0,0.6931471805599453,0.46153846153846156,0.0,1.0,0,1,2,1,0
200,631,0.01833796280165245,0.0,0.0,0.0,0.3333333333333333,0.0,0.0,0,1,1,0,0
200,632,0.01144927497997758,0.0,0.0,0.0,0.36363636363636365,0.0,1.0,0,1,2,1,1
200,633,0.000627818426957157,0.0,0.0,0.0,0.4,0.0,0.0,0,1,0,0,0
200,634,0.009863651629305813,0.0,0.0,0.0,0.42857142857142855,0.0,0.0,0,1,0,0,0
200,635,0.01471706468524331,0.0,0.0,0.6931471805599453,0.5,0.0,0.0,0,1,1,0,0
200,636,0.03002494809575579,0.0,0.0,0.0,0.5454545454545454,1.0,0.0,0,1,2,0,0
200,637,0.015243082790080773,0.0,0.0,0.0,0.2,0.0,1.0,0,1,1,0,0
200,638,0.01721332577314435,0.0,0.0,0.0,0.5555555555555556,0.0,0.0,0,1,0,0,0
200,639,0.0034664268991843094,0.0,0.0,0.0,0.5,1.0,0.0,0,1,1,1,0
200,640,0.03598769081584531,0.0,0.0,0.6931471805599453,0.3333333333333333,0.0,0.0,0,1,2,0,0
200,641,0.03690793292975463,0.0,0.0,0.0,0.2,0.0,1.0,0,1,2,0,0
200,642,0.010790005750860308,0.0,0.0,0.0,0.6,0.0,0.0,0,1,2,0,0
200,643,0.007428714800672276,0.0,0.0,0.0,0.5714285714285714,0.0,1.0,0,1,1,0,0
200,644,0.007280053406086248,0.0,0.0,0.6931471805599453,0.42857142857142855,0.0,0.0,0,1,1,0,0
200,645,0.007488008951100356,0.0,0.0,0.0,0.42857142857142855,1.0,0.0,0,1,0,0,0
200,646,0.0,0.0,0.0,0.0,0.625,0.0,0.0,0,1,1,0,0
200,647,0.0033856658773968426,0.0,0.0,0.0,0.6666666666666666,0.0,0.0,0,1,1,0,1
200,648,0.0028123110747843502,0.0,0.0,0.0,0.2857142857142857,0.0,1.0,0,1,3,0,0
200,649,0.0038636612236447533,0.0,0.0,0.0,0.5,0.0,0.0,0,1,1,1,0
200,650,0.0029777519150326016,0.0,0.0,0.0,0.45454545454545453,1.0,0.0,0,1,2,0,0
200,651,0.00816278112237295,0.0,0.0,0.0,0.375,1.0,0.0,0,1,1,0,0
200,652,0.03975280792045083,0.0,0.0,0.0,0.3333333333333333,0.0,1.0,0,1,1,0,0
200,653,0.010484563016241906,0.0,0.0,0.0,0.3333333333333333,0.0,0.0,0,1,1,0,0
200,654,0.0030424346252199697,0.0,0.0,0.0,0.45454545454545453,0.0,0.0,0,1,2,0,0
200,655,0.027251971783175975,0.0,0.0,0.6931471805599453,0.7,0.0,0.0,0,1,3,0,0
200,656,0.009951148310930432,0.0,0.0,0.0,0.16666666666666666,0.0,1.0,10,1,2,0,0
200,657,0.0,0.0,0.0,1.0986122886681098,0.75,0.0,0.0,0,1,3,0,0
200,658,0.010753997638998468,0.0,0.0,0.0,0.45454545454545453,1.0,0.0,0,1,2,0,1
200,659,0.0,0.0,0.0,0.0,0.2857142857142857,0.0,1.0,0,1,0,1,0
200,660,0.007175343200428046,0.0,0.0,0.0,0.7,0.0,0.0,0,1,2,1,0
200,661,0.002982157766616478,0.0,0.0,0.0,0.25,0.0,1.0,0,1,2,0,0
200,662,0.00945584778500986,0.0,0.0,0.6931471805599453,0.7,0.0,0.0,0,1,2,0,0
200,663,0.006488919606150433,0.0,0.0,0.0,0.4444444444444444,1.0,0.0,0,1,2,0,0
200,664,0.008221850370751942,0.0,0.0,0.6931471805599453,0.6,1.0,0.0,0,1,1,0,0
200,665,0.0,0.0,0.0,0.6931471805599453,0.6666666666666666,0.0,0.0,0,1,3,0,0
200,666,0.016583711201962552,0.0,0.0,0.0,0.4444444444444444,0.0,1.0,0,1,2,0,0
200,667,0.002141079777660658,0.0,0.0,0.6931471805599453,0.5833333333333334,0.0,0.0,0,1,2,0,0
200,668,0.008263263064688064,0.0,0.0,0.0,0.42857142857142855,0.0,0.0,0,1,2,0,1
200,669,0.006995918762855694,0.0,0.0,0.6931471805599453,0.42857142857142855,0.0,0.0,0,1,3,0,0
200,670,0.004578218009533373,0.0,0.0,0.0,0.2857142857142857,0.0,1.0,0,1,1,0,0
200,671,0.006798357224121709,0.0,0.0,0.6931471805599453,0.4444444444444444,0.0,0.0,0,1,1,0,0
200,672,0.004030583371206098,0.0,0.0,0.0,0.5714285714285714,1.0,0.0,0,1,1,0,0
200,673,0.017850361594826638,0.0,0.0,0.6931471805599453,0.2727272727272727,0.0,1.0,0,1,1,0,0
200,674,0.03170077366108426,0.0,0.0,0.0,0.25,0.0,1.0,0,1,1,0,0
200,675,0.015347391386407852,0.0,0.0,0.0,0.4444444444444444,1.0,0.0,0,1,1,0,0
200,676,0.023958198648491556,0.0,0.0,0.0,0.5,0.0,0.0,0,1,2,0,0
200,677,0.009168565567059278,0.0,0.0,0.6931471805599453,0.5,0.0,0.0,0,1,0,0,0
200,678,0.01090723016864603,0.0,0.0,0.0,0.5,0.0,0.0,0,1,0,0,0
200,679,0.010019833620381034,0.0,0.0,0.0,0.6666666666666666,0.0,0.0,0,1,1,0,1
200,680,0.004936128255360955,0.0,0.0,0.0,0.38461538461538464,0.0,1.0,0,1,2,0,0
200,681,0.0,0.0,0.0,0.0,0.5,1.0,0.0,0,1,2,1,1
200,682,0.0043520769803058156,0.0,0.0,0.6931471805599453,0.625,0.0,0.0,0,1,1,0,0
201,623,0.029331812859504848,0.0,0.35355339059327373,1.0986122886681098,0.7142857142857143,0.0,0.0,100,1,8,1,0
201,624,0.03751190066951497,0.0,0.0,0.0,0.2857142857142857,0.0,0.0,10,1,0,0,0
201,625,0.004158945056399738,0.0,0.0,0.0,0.25,0.0,0.0,0,1,0,0,0
201,626,0.012163837642571364,0.0,0.0,0.0,0.4,0.0,1.0,0,1,1,0,0
201,627,0.5484637573874076,1.0,0.0,0.0,0.3333333333333333,0.0,1.0,35,1,1,3,1
201,628,0.007069631921273293,0.0,0.0,0.0,0.6,0.0,0.0,0,1,1,0,0
201,629,0.10320233201430673,0.0,0.0,0.0,0.25,0.0,1.0,10,1,1,0,0
201,630,0.02308903781084576,0.0,0.0,0.6931471805599453,0.46153846153846156,0.0,1.0,10,1,2,2,0
201,631,0.012764058621264363,0.0,0.0,0.0,0.3333333333333333,0.0,0.0,0,1,1,0,0
201,632,0.022212746381777948,0.0,0.0,0.0,0.36363636363636365,0.0,1.0,10,1,2,0,0
201,633,0.008767837134913869,0.0,0.0,0.0,0.4,0.0,0.0,0,1,0,0,0
201,634,0.004417707986770236,0.0,0.0,0.0,0.42857142857142855,0.0,0.0,0,1,0,0,0
201,635,0.004878999414571459,0.0,0.0,0.6931471805599453,0.5,0.0,0.0,0,1,1,0,0
201,636,0.005140625913195636,0.0,0.0,0.0,0.5454545454545454,1.0,0.0,0,1,2,0,0
201,637,0.022674785949641143,0.0,0.0,0.0,0.2,0.0,1.0,0,1,1,0,0
201,638,0.003973408408032644,0.0,0.0,0.0,0.5555555555555556,0.0,0.0,0,1,0,0,0
201,639,0.0036648694101982632,0.0,0.0,0.0,0.5,1.0,0.0,0,1,1,0,0
201,640,0.01527147511393147,0.0,0.0,0.6931471805599453,0.3333333333333333,0.0,0.0,0,1,2,0,0
201,641,0.0429159048234555,0.0,0.0,0.0,0.2,0.0,1.0,0,1,2,0,0
201,642,0.03267603496656008,0.5,0.0,0.0,0.6,0.0,0.0,35,1,2,2,0
201,643,0.06352757118852419,0.0,0.0,0.0,0.5714285714285714,0.0,1.0,10,1,1,0,0
201,644,0.03705138762133171,0.0,0.0,0.6931471805599453,0.42857142857142855,0.0,0.0,10,1,1,0,0
201,645,0.02694114473093373,0.0,0.0,0.0,0.42857142857142855,1.0,0.0,0,1,0,0,0
201,646,0.007522715611101262,0.0,0.0,0.0,0.625,0.0,0.0,0,1,1,0,0
201,647,0.021135508712292125,0.0,0.0,0.0,0.6666666666666666,0.0,0.0,0,1,1,0,0
201,648,0.02287762108349349,0.0,0.0,0.0,0.2857142857142857,0.0,1.0,0,1,3,0,0
201,649,0.004084829398701818,0.0,0.0,0.0,0.5,0.0,0.0,0,1,1,0,0
201,650,0.033445435644843924,0.0,0.0,0.0,0.45454545454545453,1.0,0.0,10,1,2,0,0
201,651,0.009853416489983079,0.0,0.0,0.0,0.375,1.0,0.0,10,1,1,0,0
201,652,0.04784520151809518,0.0,0.0,0.0,0.3333333333333333,0.0,1.0,20,1,1,2,0
201,653,0.01720831490846166,0.0,0.0,0.0,0.3333333333333333,0.0,0.0,0,1,1,0,0
201,654,0.010745329808349443,0.0,0.0,0.0,0.45454545454545453,0.0,0.0,0,1,2,0,0
201,655,0.02924535918282019,0.0,0.0,0.6931471805599453,0.7,0.0,0.0,0,1,3,0,0
201,656,0.05191312741430644,0.0,0.0,0.0,0.16666666666666666,0.0,1.0,0,1,2,0,0
201,657,0.025594167133518624,0.0,0.0,1.0986122886681098,0.75,0.0,0.0,10,1,3,0,0
201,658,0.10051265390398906,0.0,0.0,0.0,0.45454545454545453,1.0,0.0,10,1,2,0,0
201,659,0.0031317153492179187,0.0,0.0,0.0,0.2857142857142857,0.0,1.0,0,1,0,0,0
201,660,0.05096475861350298,0.0,0.0,0.0,0.7,0.0,0.0,10,1,2,0,0
201,661,0.019265499888221644,0.0,0.0,0.0,0.25,0.0,1.0,10,1,2,0,0
201,662,0.019355552554737046,0.0,0.0,0.6931471805599453,0.7,0.0,0.0,10,1,2,0,1
201,663,0.003624862819428641,0.0,0.0,0.0,0.4444444444444444,1.0,0.0,0,1,2,1,0
201,664,0.020806057830445184,0.0,0.0,0.6931471805599453,0.6,1.0,0.0,0,1,1,0,0
201,665,0.05639865984921758,0.0,0.0,0.6931471805599453,0.6666666666666666,0.0,0.0,10,1,3,1,0
201,666,0.02065549768880501,0.0,0.0,0.0,0.4444444444444444,0.0,1.0,0,1,2,0,0
201,667,0.019255901009237963,0.0,0.0,0.6931471805599453,0.5833333333333334,0.0,0.0,10,1,2,0,0
201,668,0.06527360256198868,0.0,0.0,0.0,0.42857142857142855,0.0,0.0,10,1,2,0,0
201,669,0.010934680912819471,0.0,0.0,0.6931471805599453,0.42857142857142855,0.0,0.0,0,1,3,0,0
201,670,0.007034582893789501,0.0,0.0,0.0,0.2857142857142857,0.0,1.0,0,1,1,0,0
201,671,0.022997716147891083,0.0,0.0,0.6931471805599453,0.4444444444444444,0.0,0.0,10,1,1,0,0
201,672,0.01720333849999684,0.0,0.0,0.0,0.5714285714285714,1.0,0.0,0,1,1,0,1
201,673,0.023855334054778268,0.0,0.0,0.6931471805599453,0.2727272727272727,0.0,1.0,10,1,1,0,0
201,674,0.005208226654158133,0.0,0.0,0.0,0.25,0.0,1.0,0,1,1,0,0
201,675,0.5489867578764636,1.0,0.0,0.0,0.4444444444444444,1.0,0.0,35,1,1,3,1
201,676,0.0447051964163539,0.5,0.0,0.0,0.5,0.0,0.0,35,1,2,3,1
201,677,0.06478304024032246,0.0,0.0,0.6931471805599453,0.5,0.0,0.0,20,1,0,0,0
201,678,0.008881466581313157,0.0,0.0,0.0,0.5,0.0,0.0,0,1,0,1,0
201,679,0.06509284185092117,0.0,0.0,0.0,0.6666666666666666,0.0,0.0,0,1,1,0,0
201,680,0.34322715401165105,1.0,0.0,0.0,0.38461538461538464,0.0,1.0,35,1,2,3,0
201,681,0.04308155267328871,0.0,0.0,0.0,0.5,1.0,0.0,10,1,2,0,0
201,682,0.035685469395993714,0.0,0.0,0.6931471805599453,0.625,0.0,0.0,10,1,1,0,0
202,623,0.038547874019613675,0.0,0.35355339059327373,1.0986122886681098,0.7142857142857143,0.0,0.0,100,1,8,1,0
202,624,0.0,0.0,0.0,0.0,0.2857142857142857,0.0,0.0,0,1,0,0,0
202,625,0.0036418669472788284,0.0,0.0,0.0,0.25,0.0,0.0,0,1,0,0,0
202,626,0.07134215276590812,0.0,0.0,0.0,0.4,0.0,1.0,10,1,1,0,0
202,627,0.0217755803558116,0.0,0.0,0.0,0.3333333333333333,0.0,1.0,0,1,1,0,0
202,628,0.004486482115381704,0.0,0.0,0.0,0.6,0.0,0.0,0,1,1,0,0
202,629,0.0,0.0,0.0,0.0,0.25,0.0,1.0,0,1,1,0,0
202,630,0.021280211491694866,0.0,0.0,0.6931471805599453,0.46153846153846156,0.0,1.0,0,1,2,0,0
202,631,0.051304800725595893,0.0,0.0,0.0,0.3333333333333333,0.0,0.0,10,1,1,0,0
202,632,0.010976301632720169,0.0,0.0,0.0,0.36363636363636365,0.0,1.0,0,1,2,0,0
202,633,0.013041667173057627,0.0,0.0,0.0,0.4,0.0,0.0,0,1,0,0,0
202,634,0.0008814152591609646,0.0,0.0,0.0,0.42857142857142855,0.0,0.0,0,1,0,0,0
202,635,0.0027814585733122064,0.0,0.0,0.6931471805599453,0.5,0.0,0.0,0,1,1,0,0
202,636,0.004240506334639587,0.0,0.0,0.0,0.5454545454545454,1.0,0.0,0,1,2,0,0
202,637,0.011416706505910928,0.0,0.0,0.0,0.2,0.0,1.0,0,1,1,0,0
202,638,0.0,0.0,0.0,0.0,0.5555555555555556,0.0,0.0,0,1,0,0,0
202,639,0.021468018300757334,0.0,0.0,0.0,0.5,1.0,0.0,0,1,1,0,0
202,640,0.05446060931315709,0.0,0.0,0.6931471805599453,0.3333333333333333,0.0,0.0,0,1,2,0,0
202,641,0.04488606164708958,0.0,0.0,0.0,0.2,0.0,1.0,0,1,2,0,0
202,642,0.008965322213428302,0.0,0.0,0.0,0.6,0.0,0.0,0,1,2,0,0
202,643,0.01675794449725613,0.0,0.0,0.0,0.5714285714285714,0.0,1.0,10,1,1,0,0
202,644,0.0006121436828868779,0.0,0.0,0.6931471805599453,0.42857142857142855,0.0,0.0,0,1,1,0,0
202,645,0.013346558554805713,0.0,0.0,0.0,0.42857142857142855,1.0,0.0,0,1,0,0,0
202,646,0.7534172043606479,1.0,1.0,0.0,0.625,0.0,0.0,100,1,1,3,1
202,647,0.09295162155631968,0.0,0.0,0.0,0.6666666666666666,0.0,0.0,30,1,1,1,1
202,648,0.029265859267568882,0.0,0.0,0.0,0.2857142857142857,0.0,1.0,10,1,3,0,0
202,649,0.008953210503306686,0.0,0.0,0.0,0.5,0.0,0.0,0,1,1,0,0
202,650,0.03307269300783947,0.0,0.0,0.0,0.45454545454545453,1.0,0.0,0,1,2,1,0
202,651,0.017891217523661077,0.0,0.0,0.0,0.375,1.0,0.0,0,1,1,0,0
202,652,0.04563938434316844,0.0,0.0,0.0,0.3333333333333333,0.0,1.0,10,1,1,0,0
202,653,0.6189125601568576,1.0,0.0,0.0,0.3333333333333333,0.0,0.0,35,1,1,3,0
202,654,0.0,0.0,0.0,0.0,0.45454545454545453,0.0,0.0,0,1,2,0,0
202,655,0.5817492803898975,1.0,0.5773502691896258,0.6931471805599453,0.7,0.0,0.0,100,1,3,3,0
202,656,0.010498436395599935,0.0,0.0,0.0,0.16666666666666666,0.0,1.0,0,1,2,0,0
202,657,0.0981307497867677,0.5,0.5773502691896258,1.0986122886681098,0.75,0.0,0.0,100,1,3,3,1
202,658,0.022147572286447294,0.0,0.0,0.0,0.45454545454545453,1.0,0.0,10,1,2,0,0
202,659,0.020634119431305865,0.0,0.0,0.0,0.2857142857142857,0.0,1.0,0,1,0,0,0
202,660,0.01811017128393358,0.0,0.7071067811865475,0.0,0.7,0.0,0.0,100,1,2,2,0
202,661,0.008263545772162498,0.0,0.0,0.0,0.25,0.0,1.0,10,1,2,0,0
202,662,0.004510217531341618,0.0,0.0,0.6931471805599453,0.7,0.0,0.0,0,1,2,0,0
202,663,0.0034719980252963887,0.0,0.0,0.0,0.4444444444444444,1.0,0.0,0,1,2,1,0
202,664,0.03292935639892302,0.0,0.0,0.6931471805599453,0.6,1.0,0.0,0,1,1,0,0
202,665,0.020438527927035023,0.0,0.0,0.6931471805599453,0.6666666666666666,0.0,0.0,20,1,3,1,1
202,666,0.009972725498535921,0.0,0.0,0.0,0.4444444444444444,0.0,1.0,10,1,2,0,0
202,667,0.024279086835989547,0.0,0.0,0.6931471805599453,0.5833333333333334,0.0,0.0,10,1,2,1,0
202,668,0.013877485821808151,0.0,0.7071067811865475,0.0,0.42857142857142855,0.0,0.0,100,1,2,2,1
202,669,0.027721759444951408,0.0,0.5773502691896258,0.6931471805599453,0.42857142857142855,0.0,0.0,100,1,3,0,0
202,670,0.02689314243172826,0.0,0.0,0.0,0.2857142857142857,0.0,1.0,0,1,1,0,0
202,671,0.004177583447385361,0.0,0.0,0.6931471805599453,0.4444444444444444,0.0,0.0,0,1,1,0,0
202,672,0.06757544752887769,0.0,0.0,0.0,0.5714285714285714,1.0,0.0,10,1,1,1,0
202,673,0.002228208775580614,0.0,0.0,0.6931471805599453,0.2727272727272727,0.0,1.0,0,1,1,0,0
202,674,0.039539845571537655,0.0,0.0,0.0,0.25,0.0,1.0,0,1,1,0,0
202,675,0.01997028622919904,0.0,0.0,0.0,0.4444444444444444,1.0,0.0,0,1,1,0,0
202,676,0.05322346414347628,0.0,0.0,0.0,0.5,0.0,0.0,0,1,2,0,0
202,677,0.021435748679027904,0.0,0.0,0.6931471805599453,0.5,0.0,0.0,0,1,0,0,0
202,678,0.002402582984454931,0.0,0.0,0.0,0.5,0.0,0.0,0,1,0,0,0
202,679,0.01844206644142274,0.0,1.0,0.0,0.6666666666666666,0.0,0.0,100,1,1,2,1
202,680,0.040156814325538914,0.0,0.0,0.0,0.38461538461538464,0.0,1.0,10,1,2,1,0
202,681,0.03009893437128233,0.0,0.0,0.0,0.5,1.0,0.0,0,1,2,0,0
202,682,0.0260890754255328,0.0,1.0,0.6931471805599453,0.625,0.0,0.0,100,1,1,2,1
203,623,0.17454310406696158,0.5,0.35355339059327373,1.0986122886681098,0.7142857142857143,0.0,0.0,100,1,8,2,1
203,624,0.0,0.0,0.0,0.0,0.2857142857142857,0.0,0.0,0,1,0,0,0
203,625,0.0,0.0,0.0,0.0,0.25,0.0,0.0,0,1,0,0,0
203,626,0.02471112826589278,0.0,0.0,0.0,0.4,0.0,1.0,0,1,1,0,0
203,627,0.049422143622373155,0.0,0.0,0.0,0.3333333333333333,0.0,1.0,10,1,1,0,0
203,628,0.008125704705858574,0.0,0.0,0.0,0.6,0.0,0.0,10,1,1,0,1
203,629,0.0,0.0,0.0,0.0,0.25,0.0,1.0,0,1,1,0,0
203,630,0.028566082497226593,0.0,0.0,0.6931471805599453,0.46153846153846156,0.0,1.0,10,1,2,0,0
203,631,0.018838187578833362,0.0,0.0,0.0,0.3333333333333333,0.0,0.0,0,1,1,0,0
203,632,0.08654352998777672,0.0,0.0,0.0,0.36363636363636365,0.0,1.0,30,1,2,0,0
203,633,0.02350582930259592,0.0,0.0,0.0,0.4,0.0,0.0,10,1,0,0,0
203,634,0.005377729510950715,0.0,0.0,0.0,0.42857142857142855,0.0,0.0,0,1,0,0,0
203,635,0.011534465567171862,0.0,0.0,0.6931471805599453,0.5,0.0,0.0,10,1,1,0,0
203,636,0.020984355505246865,0.0,0.0,0.0,0.5454545454545454,1.0,0.0,10,1,2,0,1
203,637,0.017643083141879217,0.0,0.0,0.0,0.2,0.0,1.0,0,1,1,0,1
203,638,0.006148320770687237,0.0,0.0,0.0,0.5555555555555556,0.0,0.0,0,1,0,0,1
203,639,0.012062121480756773,0.0,0.0,0.0,0.5,1.0,0.0,0,1,1,0,0
203,640,0.02907332800020455,0.0,0.0,0.6931471805599453,0.3333333333333333,0.0,0.0,0,1,2,0,0
203,641,0.0777424715610241,0.0,0.0,0.0,0.2,0.0,1.0,30,1,2,0,0
203,642,0.008635513771262374,0.0,0.0,0.0,0.6,0.0,0.0,0,1,2,0,0
203,643,0.1332942358169776,0.0,0.0,0.0,0.5714285714285714,0.0,1.0,10,1,1,0,0
203,644,0.0070075981547272365,0.0,0.0,0.6931471805599453,0.42857142857142855,0.0,0.0,10,1,1,0,0
203,645,0.06696120752170442,0.0,0.0,0.0,0.42857142857142855,1.0,0.0,10,1,0,0,0
203,646,0.015943898033640398,0.0,1.0,0.0,0.625,0.0,0.0,100,1,1,2,0
203,647,0.05257314138885504,0.0,0.0,0.0,0.6666666666666666,0.0,0.0,10,1,1,1,1
203,648,0.04557624188754964,0.0,0.0,0.0,0.2857142857142857,0.0,1.0,20,1,3,0,0
203,649,0.006720886361084024,0.0,0.0,0.0,0.5,0.0,0.0,0,1,1,0,0
203,650,0.06458128745216683,0.0,0.0,0.0,0.45454545454545453,1.0,0.0,10,1,2,1,0
203,651,0.002659412111050196,0.0,0.0,0.0,0.375,1.0,0.0,0,1,1,0,0
203,652,0.010538023460512521,0.0,0.0,0.0,0.3333333333333333,0.0,1.0,10,1,1,0,0
203,653,0.007787468610234762,0.0,0.0,0.0,0.3333333333333333,0.0,0.0,10,1,1,2,0
203,654,0.02187151131438459,0.0,0.0,0.0,0.45454545454545453,0.0,0.0,10,1,2,0,1
203,655,0.028903966407056704,0.0,0.5773502691896258,0.6931471805599453,0.7,0.0,0.0,100,1,3,2,1
203,656,0.061396440781481605,0.0,0.0,0.0,0.18181818181818182,0.0,1.0,10,1,2,0,0
203,657,0.012957968109151848,0.0,0.5773502691896258,1.0986122886681098,0.7272727272727273,0.0,0.0,100,1,3,2,1
203,658,0.17038105736367304,0.0,0.0,0.0,0.45454545454545453,1.0,0.0,35,1,2,0,0
203,659,0.0,0.0,0.0,0.0,0.2857142857142857,0.0,1.0,0,1,0,0,0
203,660,0.5371184152649069,1.0,0.7071067811865475,0.0,0.7,0.0,0.0,100,1,2,3,1
203,662,0.01967500317699079,0.0,0.0,0.6931471805599453,0.7,0.0,0.0,0,1,2,0,0
203,663,0.022370383810148144,0.0,0.0,0.0,0.4444444444444444,1.0,0.0,0,1,2,1,0
203,664,0.007054785734572997,0.0,0.0,0.6931471805599453,0.6,1.0,0.0,0,1,1,0,0
203,665,0.048661770098485,0.0,0.0,0.6931471805599453,0.6666666666666666,0.0,0.0,20,1,3,1,0
203,666,0.04289105943360263,0.0,0.0,0.0,0.4444444444444444,0.0,1.0,10,1,2,0,0
203,667,0.00850536149034537,0.0,0.0,0.6931471805599453,0.5833333333333334,0.0,0.0,0,1,2,1,0
203,668,0.6933944307860371,1.0,0.7071067811865475,0.0,0.42857142857142855,0.0,0.0,100,1,2,3,0
203,669,0.040428544261939474,0.0,0.5773502691896258,0.6931471805599453,0.42857142857142855,0.0,0.0,100,1,3,0,0
203,670,0.00514482464609679,0.0,0.0,0.0,0.2857142857142857,0.0,1.0,0,1,1,0,0
203,671,0.011852444401731891,0.0,0.0,0.6931471805599453,0.4444444444444444,0.0,0.0,0,1,1,0,0
203,672,0.03896096523286168,0.0,0.0,0.0,0.5714285714285714,1.0,0.0,20,1,1,1,0
203,673,0.012251000687019478,0.0,0.0,0.6931471805599453,0.2727272727272727,0.0,1.0,0,1,1,0,0
203,674,0.03435005867939053,0.0,0.0,0.0,0.25,0.0,1.0,20,1,1,0,0
203,675,0.06536758877788033,0.0,0.0,0.0,0.4444444444444444,1.0,0.0,10,1,1,0,0
203,676,0.024024714109156714,0.0,0.0,0.0,0.5,0.0,0.0,30,1,2,0,0
203,677,0.06877777302935031,0.0,0.0,0.6931471805599453,0.5,0.0,0.0,10,1,0,0,0
203,678,0.009578062653727595,0.0,0.0,0.0,0.5,0.0,0.0,0,1,0,0,0
203,679,0.5497029673871016,1.0,1.0,0.0,0.6666666666666666,0.0,0.0,100,1,1,3,1
203,680,0.04673975549549889,0.0,0.0,0.0,0.4166666666666667,0.0,1.0,10,1,2,1,0
203,681,0.049998352163679365,0.0,0.0,0.0,0.5,1.0,0.0,30,1,2,0,0
203,682,0.6654533550425847,1.0,1.0,0.6931471805599453,0.625,0.0,0.0,100,1,1,3,1
204,623,0.011431473559686548,0.0,0.25,1.0986122886681098,0.7142857142857143,0.0,0.0,50,2,8,1,0
204,624,0.0,0.0,0.0,0.0,0.2857142857142857,0.0,0.0,0,2,0,1,0
204,625,0.015293702414214495,0.0,0.0,0.0,0.25,0.0,0.0,10,2,0,0,0
204,626,0.009048346182042708,0.0,0.0,0.0,0.4,0.0,1.0,0,2,1,0,0
204,627,0.0,0.0,0.0,0.0,0.3333333333333333,0.0,1.0,0,2,1,0,0
204,628,0.01805060224654849,0.0,0.0,0.0,0.6,0.0,0.0,0,2,1,0,0
204,629,0.0,0.0,0.0,0.0,0.25,0.0,1.0,0,2,1,1,0
204,630,0.016149777579424637,0.0,0.0,0.6931471805599453,0.46153846153846156,0.0,1.0,0,2,2,0,0
204,631,0.024435510038357984,0.0,0.0,0.0,0.3333333333333333,0.0,0.0,0,2,1,0,0
204,632,0.02566449413427746,0.0,0.5,0.0,0.36363636363636365,0.0,1.0,50,2,2,2,0
204,633,0.05807564143974879,0.0,0.0,0.0,0.4,0.0,0.0,0,2,0,0,1
204,634,0.012264602969733916,0.0,0.0,0.0,0.42857142857142855,0.0,0.0,0,2,0,0,0
204,635,0.01951302423295453,0.0,0.0,0.6931471805599453,0.5,0.0,0.0,0,2,1,0,0
204,636,0.3039046413849278,0.8,0.5,0.0,0.5,1.0,0.0,50,2,2,3,0
204,637,0.06445300338540519,0.0,0.0,0.0,0.2,0.0,1.0,0,2,1,1,0
204,638,0.015392724846443651,0.0,0.0,0.0,0.5555555555555556,0.0,0.0,0,2,0,0,0
204,639,0.0,0.0,0.0,0.0,0.5,1.0,0.0,0,2,1,0,0
204,640,0.02408597156600045,0.0,0.0,0.6931471805599453,0.3333333333333333,0.0,0.0,0,2,2,0,0
204,641,0.020728539840815602,0.0,0.0,0.0,0.2,0.0,1.0,0,2,2,0,0
204,642,0.009164194076026548,0.0,0.0,0.0,0.6,0.0,0.0,0,2,2,0,0
204,643,0.04455971365857762,0.0,0.7071067811865475,0.0,0.5714285714285714,0.0,1.0,50,2,1,2,0
204,644,0.01129154057199241,0.0,0.0,0.6931471805599453,0.42857142857142855,0.0,0.0,0,2,1,0,1
204,645,0.031293855798193174,0.0,0.0,0.0,0.42857142857142855,1.0,0.0,0,2,0,2,0
204,646,0.010310738313224738,0.0,0.0,0.0,0.625,0.0,0.0,0,2,1,0,0
204,647,0.04114203691793147,0.0,0.0,0.0,0.6666666666666666,0.0,0.0,0,2,1,1,0
204,648,0.016772159880868873,0.0,0.0,0.0,0.2857142857142857,0.0,1.0,0,2,3,0,0
204,649,0.0,0.0,0.0,0.0,0.5,0.0,0.0,0,2,1,0,0
204,650,0.038258522867689854,0.0,0.5,0.0,0.4,1.0,0.0,50,2,2,2,0
204,651,0.009546164498100501,0.0,0.0,0.0,0.375,1.0,0.0,10,2,1,0,0
204,652,0.03832564941156696,0.0,0.0,0.0,0.3333333333333333,0.0,1.0,0,2,1,0,0
204,653,0.021884960274471742,0.0,0.0,0.0,0.3333333333333333,0.0,0.0,0,2,1,0,0
204,654,0.05033285385625198,0.0,0.0,0.0,0.45454545454545453,0.0,0.0,0,2,2,0,0
204,655,0.11622564917297153,0.2,0.4082482904638631,0.6931471805599453,0.7,0.0,0.0,50,2,3,3,1
204,656,0.019822128457946807,0.0,0.0,0.0,0.16666666666666666,0.0,1.0,10,2,2,0,0
204,657,0.0,0.0,0.0,1.0986122886681098,0.75,0.0,0.0,0,2,3,1,1
204,658,0.04659995795966183,0.0,0.5,0.0,0.45454545454545453,1.0,0.0,50,2,2,2,0
204,659,0.0,0.0,0.0,0.0,0.23076923076923078,0.0,1.0,0,2,0,0,0
204,660,0.017568981991163222,0.0,0.0,0.0,0.7,0.0,0.0,0,2,2,0,0
204,661,0.03944091795064701,0.0,0.5,0.0,0.25,0.0,1.0,50,2,2,1,0
204,662,0.19648277591454563,0.8,0.5,0.6931471805599453,0.7,0.0,0.0,50,2,2,2,0
204,663,0.012032341811627396,0.0,0.0,0.0,0.4444444444444444,1.0,0.0,0,2,2,0,0
204,664,0.012972958320796434,0.0,0.0,0.6931471805599453,0.6,1.0,0.0,0,2,1,0,0
204,665,0.008817790075380867,0.0,0.0,0.6931471805599453,0.6666666666666666,0.0,0.0,0,2,3,1,1
204,666,0.37809471526263055,0.8,0.5,0.0,0.4444444444444444,0.0,1.0,50,2,2,3,1
204,667,0.01949560270595543,0.0,0.0,0.6931471805599453,0.5833333333333334,0.0,0.0,0,2,2,0,0
204,668,0.019599458348886167,0.0,0.0,0.0,0.42857142857142855,0.0,0.0,0,2,2,0,0
204,669,0.013284737576296444,0.0,0.0,0.6931471805599453,0.42857142857142855,0.0,0.0,0,2,3,0,0
204,670,0.016166955458850142,0.0,0.7071067811865475,0.0,0.2857142857142857,0.0,1.0,50,2,1,0,0
204,671,0.443081108061995,0.8,0.7071067811865475,0.6931471805599453,0.4444444444444444,0.0,0.0,50,2,1,3,0
204,672,0.02229116912364745,0.0,0.0,0.0,0.5714285714285714,1.0,0.0,0,2,1,0,0
204,673,0.02163992880228993,0.0,0.0,0.6931471805599453,0.2727272727272727,0.0,1.0,0,2,1,0,0
204,674,0.026092145705811722,0.0,0.0,0.0,0.25,0.0,1.0,0,2,1,0,0
204,675,0.12154937281843385,0.2,0.7071067811865475,0.0,0.4444444444444444,1.0,0.0,50,2,1,3,1
204,676,0.01973728948844536,0.0,0.0,0.0,0.5,0.0,0.0,0,2,2,0,0
204,677,0.014452360351575152,0.0,0.0,0.6931471805599453,0.5,0.0,0.0,0,2,0,1,1
204,678,0.004900945698745218,0.0,0.0,0.0,0.5,0.0,0.0,0,2,0,0,0
204,679,0.02107668097569892,0.0,0.0,0.0,0.6666666666666666,0.0,0.0,0,2,1,0,0
204,680,0.022095192619811688,0.0,0.0,0.0,0.38461538461538464,0.0,1.0,0,2,2,0,0
204,681,0.007211371907011757,0.0,0.0,0.0,0.5,1.0,0.0,0,2,2,1,1
204,682,0.012863820951265002,0.0,0.0,0.6931471805599453,0.625,0.0,0.0,0,2,1,0,0
205,623,0.00877276645379157,0.0,0.0,1.0986122886681098,0.7142857142857143,0.0,0.0,0,1,8,0,0
205,624,0.03468872669544948,0.0,0.0,0.0,0.2857142857142857,0.0,0.0,20,1,0,0,0
205,625,0.002075347952118678,0.0,0.0,0.0,0.25,0.0,0.0,0,1,0,0,0
205,626,0.023093543732185286,0.0,0.0,0.0,0.4,0.0,1.0,0,1,1,0,0
205,627,0.0,0.0,0.0,0.0,0.3333333333333333,0.0,1.0,0,1,1,0,0
205,628,0.01571778768585255,0.0,0.0,0.0,0.6,0.0,0.0,0,1,1,0,0
205,629,0.009952806272182653,0.0,0.0,0.0,0.25,0.0,1.0,20,1,1,0,0
205,630,0.016337575699572365,0.0,0.0,0.6931471805599453,0.46153846153846156,0.0,1.0,0,1,2,0,0
205,631,0.030060907239980963,0.0,0.0,0.0,0.3333333333333333,0.0,0.0,0,1,1,0,0
205,632,0.024958632768945874,0.0,0.0,0.0,0.36363636363636365,0.0,1.0,0,1,2,0,0
205,633,0.2402080657028364,0.6,0.0,0.0,0.4,0.0,0.0,20,1,0,3,1
205,634,0.46233211246296824,0.4,0.0,0.0,0.42857142857142855,0.0,0.0,20,1,0,3,1
205,635,0.3603192665914638,0.4,1.0,0.6931471805599453,0.5714285714285714,0.0,0.0,100,1,1,3,1
205,636,0.26020667494375166,0.4,0.7071067811865475,0.0,0.5454545454545454,1.0,0.0,100,1,2,3,0
205,637,0.05658672681601783,0.0,0.0,0.0,0.2,0.0,1.0,10,1,1,0,0
205,638,0.47075249925245394,0.4,0.0,0.0,0.5,0.0,0.0,30,1,0,3,1
205,639,0.011937191926419935,0.0,0.0,0.0,0.5,1.0,0.0,0,1,1,0,0
205,640,0.13987852510205365,0.4,0.7071067811865475,0.6931471805599453,0.3333333333333333,0.0,0.0,100,1,2,3,0
205,641,0.036749792487614716,0.0,0.0,0.0,0.2222222222222222,0.0,1.0,0,1,2,0,0
205,642,0.020037323950872606,0.0,0.0,0.0,0.6,0.0,0.0,0,1,2,0,0
205,643,0.029076803741361214,0.0,0.0,0.0,0.5714285714285714,0.0,1.0,0,1,1,0,0
205,644,0.010930431869126882,0.0,0.0,0.6931471805599453,0.42857142857142855,0.0,0.0,0,1,1,0,0
205,645,0.013190239707412867,0.0,0.0,0.0,0.42857142857142855,1.0,0.0,0,1,0,0,1
205,646,0.0,0.0,0.0,0.0,0.625,0.0,0.0,0,1,1,0,0
205,647,0.03800609676661155,0.0,0.0,0.0,0.6666666666666666,0.0,0.0,10,1,1,0,0
205,648,0.021592381702763626,0.0,0.0,0.0,0.2857142857142857,0.0,1.0,0,1,3,1,0
205,649,0.00997844188308695,0.0,0.0,0.0,0.5,0.0,0.0,0,1,1,0,0
205,650,0.0049984428013533835,0.0,0.0,0.0,0.45454545454545453,1.0,0.0,0,1,2,0,0
205,651,0.004551397119902432,0.0,0.0,0.0,0.375,1.0,0.0,0,1,1,1,0
205,652,0.02154858647256377,0.0,0.0,0.0,0.3333333333333333,0.0,1.0,0,1,1,0,0
205,653,0.017300016746300533,0.0,0.0,0.0,0.3333333333333333,0.0,0.0,0,1,1,0,0
205,654,0.09485024273633562,0.2,0.7071067811865475,0.0,0.45454545454545453,0.0,0.0,100,1,2,3,0
205,655,0.021123190880307088,0.0,0.0,0.6931471805599453,0.7,0.0,0.0,0,1,3,0,0
205,656,0.11513706762111257,0.6,0.7071067811865475,0.0,0.16666666666666666,0.0,1.0,100,1,2,3,1
205,657,0.04504578320852089,0.0,0.0,1.0986122886681098,0.75,0.0,0.0,10,1,3,0,0
205,658,0.040150111648416545,0.0,0.0,0.0,0.45454545454545453,1.0,0.0,0,1,2,0,0
205,659,0.01020050205818303,0.0,0.0,0.0,0.2857142857142857,0.0,1.0,0,1,0,0,0
205,660,0.02083014732428619,0.0,0.0,0.0,0.7,0.0,0.0,0,1,2,0,1
205,661,0.048311769257491075,0.0,0.0,0.0,0.25,0.0,1.0,0,1,2,0,0
205,662,0.01783495584863919,0.0,0.0,0.6931471805599453,0.7,0.0,0.0,10,1,2,0,1
205,663,0.011595040041704743,0.0,0.0,0.0,0.4444444444444444,1.0,0.0,0,1,2,0,0
205,664,0.012080996160059077,0.0,0.0,0.6931471805599453,0.6,1.0,0.0,0,1,1,1,0
205,665,0.0021662686435955925,0.0,0.0,0.6931471805599453,0.6666666666666666,0.0,0.0,0,1,3,0,0
205,666,0.029306280388411703,0.0,0.0,0.0,0.4444444444444444,0.0,1.0,10,1,2,0,0
205,667,0.013521254408618531,0.0,0.0,0.6931471805599453,0.5833333333333334,0.0,0.0,0,1,2,0,1
205,668,0.012131834454650773,0.0,0.0,0.0,0.42857142857142855,0.0,0.0,0,1,2,0,0
205,669,0.23288454985602344,0.4,0.5773502691896258,0.6931471805599453,0.42857142857142855,0.0,0.0,100,1,3,2,0
205,670,0.03629722762318806,0.0,0.0,0.0,0.2857142857142857,0.0,1.0,0,1,1,0,0
205,671,0.010513805406176028,0.0,0.0,0.6931471805599453,0.4444444444444444,0.0,0.0,0,1,1,0,0
205,672,0.013608992598894008,0.0,0.0,0.0,0.5714285714285714,1.0,0.0,0,1,1,0,0
205,673,0.019897546751508427,0.0,0.0,0.6931471805599453,0.3,0.0,1.0,0,1,1,0,0
205,674,0.04651888819204569,0.0,0.0,0.0,0.25,0.0,1.0,0,1,1,0,0
205,675,0.010405696655223584,0.0,0.0,0.0,0.5,1.0,0.0,0,1,1,0,0
205,676,0.03038056002377879,0.0,0.0,0.0,0.5,0.0,0.0,0,1,2,0,0
205,677,0.0037448588427786804,0.0,0.0,0.6931471805599453,0.5,0.0,0.0,0,1,0,0,0
205,678,0.002866565999360135,0.0,0.0,0.0,0.5,0.0,0.0,0,1,0,0,0
205,679,0.018572091483322378,0.0,0.0,0.0,0.6666666666666666,0.0,0.0,0,1,1,0,0
205,680,0.00945548764638902,0.0,0.0,0.0,0.38461538461538464,0.0,1.0,0,1,2,0,0
205,681,0.011664815481324312,0.0,0.0,0.0,0.5,1.0,0.0,0,1,2,0,0
205,682,0.006802523865615714,0.0,0.0,0.6931471805599453,0.625,0.0,0.0,0,1,1,0,0
206,623,0.02231838650641169,0.0,0.0,0.6931471805599453,0.6923076923076923,0.0,0.0,0,1,8,0,0
206,624,0.006370481632822503,0.0,0.0,0.0,0.2857142857142857,0.0,0.0,10,1,0,0,0
206,625,0.007849213918792477,0.0,0.0,0.0,0.25,0.0,0.0,0,1,0,0,0
206,626,0.020547804722832137,0.0,0.0,0.0,0.4,0.0,1.0,0,1,1,0,0
206,627,0.021776598131480855,0.0,0.0,0.0,0.3333333333333333,0.0,1.0,0,1,1,0,0
206,628,0.00770679216649488,0.0,0.0,0.0,0.6,0.0,0.0,0,1,1,0,0
206,629,0.005308943456210644,0.0,0.0,0.0,0.25,0.0,1.0,10,1,1,0,0
206,630,0.03955720364991016,0.0,0.0,0.6931471805599453,0.46153846153846156,0.0,1.0,0,1,2,0,0
206,631,0.02418640792341308,0.0,0.0,0.0,0.3333333333333333,0.0,0.0,0,1,1,0,0
206,632,0.05961746978025785,0.0,0.0,0.0,0.36363636363636365,0.0,1.0,10,1,2,0,0
206,633,0.6282099321902603,1.0,0.0,0.0,0.3333333333333333,0.0,0.0,35,1,0,3,1
206,634,0.09564895636475952,0.0,0.0,0.0,0.42857142857142855,0.0,0.0,0,1,0,2,0
206,635,0.08966547398338079,0.0,1.0,0.6931471805599453,0.5,0.0,0.0,100,1,1,2,1
206,636,0.0855685028908843,0.0,0.7071067811865475,0.0,0.5454545454545454,1.0,0.0,100,1,2,2,0
206,637,0.029690193837966762,0.0,0.0,0.0,0.2,0.0,1.0,10,1,1,0,0
206,638,0.08394963512596741,0.0,0.0,0.0,0.5555555555555556,0.0,0.0,0,1,0,2,1
206,639,0.03279792388538287,0.0,0.0,0.0,0.5,1.0,0.0,10,1,1,0,0
206,640,0.05357928322453899,0.0,0.7071067811865475,0.6931471805599453,0.3333333333333333,0.0,0.0,100,1,2,2,0
206,641,0.048318507965527835,0.0,0.0,0.0,0.2,0.0,1.0,10,1,2,0,0
206,642,0.006218193710261563,0.0,0.0,0.0,0.6,0.0,0.0,0,1,2,0,0
206,643,0.013796027809260963,0.0,0.0,0.0,0.5714285714285714,0.0,1.0,0,1,1,0,0
206,644,0.005338854697004684,0.0,0.0,0.6931471805599453,0.46153846153846156,0.0,0.0,0,1,1,0,0
206,645,0.026539647586871707,0.0,0.0,0.0,0.42857142857142855,1.0,0.0,10,1,0,0,0
206,646,0.0067452985270406805,0.0,0.0,0.0,0.625,0.0,0.0,0,1,1,0,1
206,647,0.06691165519015994,0.0,0.0,0.0,0.6666666666666666,0.0,0.0,10,1,1,0,0
206,648,0.04717393243922737,0.0,0.0,0.0,0.2857142857142857,0.0,1.0,10,1,3,1,0
206,649,0.03630234542864969,0.0,0.0,0.0,0.5,0.0,0.0,10,1,1,0,0
206,650,0.01807461353107047,0.0,0.0,0.0,0.45454545454545453,1.0,0.0,10,1,2,0,0
206,651,0.006526067399733458,0.0,0.0,0.0,0.375,1.0,0.0,0,1,1,1,0
206,652,0.0038003274427279806,0.0,0.0,0.0,0.3333333333333333,0.0,1.0,0,1,1,0,0
206,653,0.008011651514311113,0.0,0.0,0.0,0.3333333333333333,0.0,0.0,10,1,1,0,0
206,654,0.06468384890022319,0.0,0.7071067811865475,0.0,0.5,0.0,0.0,100,1,2,2,1
206,655,0.020390777625771607,0.0,0.0,0.6931471805599453,0.7,0.0,0.0,0,1,3,0,0
206,656,0.323977532455507,0.75,0.7071067811865475,0.0,0.16666666666666666,0.0,1.0,100,1,2,3,1
206,657,0.012653336175482373,0.0,0.0,1.0986122886681098,0.75,0.0,0.0,0,1,3,0,0
206,658,0.023893376030742618,0.0,0.0,0.0,0.45454545454545453,1.0,0.0,0,1,2,0,0
206,659,0.020334438170191343,0.0,0.0,0.0,0.2857142857142857,0.0,1.0,0,1,0,0,0
206,660,0.0309257147284413,0.0,0.0,0.0,0.7,0.0,0.0,10,1,2,0,0
206,661,0.0526859584091879,0.0,0.0,0.0,0.25,0.0,1.0,10,1,2,0,0
206,662,0.012249212344977917,0.0,0.0,0.6931471805599453,0.7,0.0,0.0,10,1,2,0,0
206,663,0.001909537658861562,0.0,0.0,0.0,0.4444444444444444,1.0,0.0,0,1,2,0,0
206,664,0.009949657712896789,0.0,0.0,0.6931471805599453,0.6,1.0,0.0,0,1,1,1,0
206,665,0.004291473841489704,0.0,0.0,0.6931471805599453,0.6666666666666666,0.0,0.0,0,1,3,0,0
206,666,0.022438042148898378,0.0,0.0,0.0,0.4444444444444444,0.0,1.0,20,1,2,0,0
206,667,0.0021160730937601186,0.0,0.0,0.6931471805599453,0.5833333333333334,0.0,0.0,0,1,2,0,0
206,668,0.010817334338226799,0.0,0.0,0.0,0.42857142857142855,0.0,0.0,10,1,2,0,0
206,669,0.08098649234068048,0.0,0.5773502691896258,0.6931471805599453,0.5,0.0,0.0,100,1,3,1,0
206,670,0.004388560284976796,0.0,0.0,0.0,0.2857142857142857,0.0,1.0,0,1,1,0,0
206,671,0.001654153642507287,0.0,0.0,0.6931471805599453,0.4444444444444444,0.0,0.0,0,1,1,0,0
206,672,0.005464690202664184,0.0,0.0,0.0,0.5714285714285714,1.0,0.0,0,1,1,0,0
206,673,0.008491011587378434,0.0,0.0,0.6931471805599453,0.2727272727272727,0.0,1.0,0,1,1,0,0
206,674,0.009750893749379812,0.0,0.0,0.0,0.25,0.0,1.0,10,1,1,0,1
206,675,0.03857594192547042,0.0,0.0,0.0,0.4444444444444444,1.0,0.0,10,1,1,0,0
206,676,0.021757109583704626,0.0,0.0,0.0,0.5,0.0,0.0,0,1,2,0,0
206,677,0.0023674622850534672,0.0,0.0,0.6931471805599453,0.5,0.0,0.0,0,1,0,0,0
206,678,0.0022654176215602274,0.0,0.0,0.0,0.5,0.0,0.0,0,1,0,0,0
206,679,0.008464158646011568,0.0,0.0,0.0,0.6666666666666666,0.0,0.0,10,1,1,0,1
206,680,0.03205696853904835,0.0,0.0,0.0,0.38461538461538464,0.0,1.0,0,1,2,0,0
206,681,0.018793847331804215,0.0,0.0,0.0,0.5,1.0,0.0,20,1,2,0,0
206,682,0.01230834558745272,0.0,0.0,0.6931471805599453,0.625,0.0,0.0,10,1,1,0,0
207,623,0.2746802317560101,1.0,0.35355339059327373,1.0986122886681098,0.7142857142857143,0.0,0.0,100,1,8,2,0
207,624,0.0,0.0,0.0,0.0,0.2857142857142857,0.0,0.0,0,1,0,0,0
207,625,0.016067539297045613,0.0,0.0,0.0,0.25,0.0,0.0,0,1,0,1,0
207,626,0.023242160185566553,0.0,0.0,0.0,0.4,0.0,1.0,0,1,1,0,0
207,627,0.0,0.0,0.0,0.0,0.3333333333333333,0.0,1.0,0,1,1,0,0
207,628,0.0,0.0,0.0,0.0,0.6,0.0,0.0,0,1,1,0,0
207,629,0.0,0.0,0.0,0.0,0.25,0.0,1.0,0,1,1,0,0
207,630,0.507455581963399,1.0,0.7071067811865475,0.6931471805599453,0.4166666666666667,0.0,1.0,100,1,2,3,0
207,631,0.012665173067639106,0.0,0.0,0.0,0.3333333333333333,0.0,0.0,0,1,1,0,0
207,632,0.517851616445952,1.0,0.7071067811865475,0.0,0.36363636363636365,0.0,1.0,100,1,2,3,1
207,633,0.017883813531933423,0.0,0.0,0.0,0.4,0.0,0.0,0,1,0,0,0
207,634,0.004877171318418193,0.0,0.0,0.0,0.42857142857142855,0.0,0.0,0,1,0,0,0
207,635,0.006156136581328298,0.0,0.0,0.6931471805599453,0.5,0.0,0.0,0,1,1,0,0
207,636,0.013491351082785612,0.0,0.0,0.0,0.5454545454545454,1.0,0.0,0,1,2,0,0
207,637,0.015209900298991061,0.0,0.0,0.0,0.2,0.0,1.0,0,1,1,0,0
207,638,0.0,0.0,0.0,0.0,0.5555555555555556,0.0,0.0,0,1,0,0,0
207,639,0.40689012144612996,1.0,1.0,0.0,0.5,1.0,0.0,100,1,1,3,1
207,640,0.008947720999966094,0.0,0.0,0.6931471805599453,0.3333333333333333,0.0,0.0,0,1,2,0,0
207,641,0.028275767624698127,0.0,0.0,0.0,0.2,0.0,1.0,0,1,2,0,0
207,642,0.03768287112135809,0.0,0.0,0.0,0.6,0.0,0.0,0,1,2,0,0
207,643,0.011058891545881334,0.0,0.0,0.0,0.5714285714285714,0.0,1.0,0,1,1,0,0
207,644,0.0,0.0,0.0,0.6931471805599453,0.42857142857142855,0.0,0.0,0,1,1,0,0
207,645,0.04627495320952988,0.0,0.0,0.0,0.42857142857142855,1.0,0.0,0,1,0,0,0
207,646,0.0,0.0,0.0,0.0,0.625,0.0,0.0,0,1,1,0,0
207,647,0.0,0.0,0.0,0.0,0.6666666666666666,0.0,0.0,0,1,1,0,0
207,648,0.009624447540856524,0.0,0.0,0.0,0.2857142857142857,0.0,1.0,0,1,3,0,0
207,649,0.4422417571911917,1.0,1.0,0.0,0.5,0.0,0.0,100,1,1,3,0
207,650,0.03297991957602,0.0,0.0,0.0,0.45454545454545453,1.0,0.0,0,1,2,0,0
207,651,0.0,0.0,0.0,0.0,0.375,1.0,0.0,0,1,1,0,0
207,652,0.0,0.0,0.0,0.0,0.3333333333333333,0.0,1.0,0,1,1,0,0
207,653,0.02409168424569174,0.0,0.0,0.0,0.3333333333333333,0.0,0.0,0,1,1,0,0
207,654,0.020606078429378446,0.0,0.0,0.0,0.45454545454545453,0.0,0.0,0,1,2,0,0
207,655,0.009955123502266731,0.0,0.0,0.6931471805599453,0.7,0.0,0.0,0,1,3,0,0
207,656,0.0,0.0,0.0,0.0,0.16666666666666666,0.0,1.0,10,1,2,0,0
207,657,0.0,0.0,0.0,1.0986122886681098,0.75,0.0,0.0,0,1,3,0,0
207,658,0.020374974187898413,0.0,0.0,0.0,0.45454545454545453,1.0,0.0,0,1,2,0,0
207,659,0.3661460032603883,0.75,0.0,0.0,0.3076923076923077,0.0,1.0,35,1,0,3,0
207,660,0.32273901672000793,1.0,0.7071067811865475,0.0,0.6666666666666666,0.0,0.0,100,1,2,3,0
207,661,0.01868241635299763,0.0,0.0,0.0,0.25,0.0,1.0,0,1,2,0,0
207,662,0.008042469092166184,0.0,0.0,0.6931471805599453,0.7,0.0,0.0,0,1,2,0,1
207,663,0.006403510293514583,0.0,0.0,0.0,0.4444444444444444,1.0,0.0,0,1,2,0,0
207,664,0.0,0.0,0.0,0.6931471805599453,0.6,1.0,0.0,0,1,1,0,0
207,665,0.0,0.0,0.0,0.6931471805599453,0.6666666666666666,0.0,0.0,0,1,3,0,0
207,666,0.017913682549894144,0.0,0.0,0.0,0.4444444444444444,0.0,1.0,0,1,2,0,0
207,667,0.03571032074336899,0.0,0.0,0.6931471805599453,0.5833333333333334,0.0,0.0,0,1,2,0,0
207,668,0.03991013791436867,0.0,0.7071067811865475,0.0,0.42857142857142855,0.0,0.0,100,1,2,0,0
207,669,0.014591717215984396,0.0,0.0,0.6931471805599453,0.42857142857142855,0.0,0.0,10,1,3,0,0
207,670,0.026956306314929644,0.0,0.0,0.0,0.2857142857142857,0.0,1.0,0,1,1,0,0
207,671,0.0,0.0,0.0,0.6931471805599453,0.4444444444444444,0.0,0.0,0,1,1,0,0
207,672,0.010050203377876344,0.0,0.0,0.0,0.5714285714285714,1.0,0.0,0,1,1,0,0
207,673,0.0,0.0,0.0,0.6931471805599453,0.2727272727272727,0.0,1.0,0,1,1,0,0
207,674,0.02505770884990865,0.0,0.0,0.0,0.25,0.0,1.0,0,1,1,0,0
207,675,0.0058181551622097,0.0,0.0,0.0,0.4444444444444444,1.0,0.0,0,1,1,0,0
207,676,0.01616318946255094,0.0,0.0,0.0,0.5,0.0,0.0,0,1,2,0,0
207,677,0.0,0.0,0.0,0.6931471805599453,0.5,0.0,0.0,0,1,0,0,0
207,678,0.002531960507486487,0.0,0.0,0.0,0.5714285714285714,0.0,0.0,0,1,0,0,0
207,679,0.028615256518542957,0.0,0.0,0.0,0.6666666666666666,0.0,0.0,0,1,1,0,0
207,680,0.0,0.0,0.0,0.0,0.38461538461538464,0.0,1.0,0,1,2,0,0
207,681,0.1881245267576074,1.0,0.7071067811865475,0.0,0.46153846153846156,1.0,0.0,100,1,2,3,1
207,682,0.04833396461293618,0.0,0.0,0.6931471805599453,0.625,0.0,0.0,0,1,1,0,0
208,623,0.02229212567982093,0.0,0.0,1.0986122886681098,0.7142857142857143,0.0,0.0,0,1,8,1,0
208,624,0.15947709139158917,0.0,0.0,0.0,0.2857142857142857,0.0,0.0,10,1,0,0,0
208,625,0.0005862499004068542,0.0,0.0,0.0,0.25,0.0,0.0,0,1,0,0,0
208,626,0.004680054697025985,0.0,0.0,0.0,0.4,0.0,1.0,0,1,1,1,0
208,627,0.0,0.0,0.0,0.0,0.3333333333333333,0.0,1.0,0,1,1,0,0
208,628,0.042889383095423145,0.0,1.0,0.0,0.6,0.0,0.0,100,1,1,2,0
208,629,0.049383073487399676,0.0,0.0,0.0,0.25,0.0,1.0,0,1,1,0,0
208,630,0.019789646625915966,0.0,0.0,0.6931471805599453,0.46153846153846156,0.0,1.0,0,1,2,0,0
208,631,0.045297238075291,0.0,1.0,0.0,0.3333333333333333,0.0,0.0,100,1,1,2,1
208,632,0.03626047768080503,0.0,0.0,0.0,0.36363636363636365,0.0,1.0,0,1,2,0,0
208,633,0.03141672303126043,0.0,0.0,0.0,0.4,0.0,0.0,0,1,0,0,0
208,634,0.006457033978707628,0.0,0.0,0.0,0.42857142857142855,0.0,0.0,0,1,0,0,0
208,635,0.01067453599609667,0.0,0.0,0.6931471805599453,0.5,0.0,0.0,0,1,1,0,0
208,636,0.011831416665664065,0.0,0.0,0.0,0.5454545454545454,1.0,0.0,0,1,2,0,0
208,637,0.016988542929893727,0.0,0.0,0.0,0.2,0.0,1.0,0,1,1,0,0
208,638,0.01047452303904391,0.0,0.0,0.0,0.5555555555555556,0.0,0.0,0,1,0,0,0
208,639,0.007187846154331971,0.0,0.0,0.0,0.5,1.0,0.0,0,1,1,0,0
208,640,0.05822456646848687,0.0,0.0,0.6931471805599453,0.3333333333333333,0.0,0.0,0,1,2,1,0
208,641,0.015251121218162668,0.0,0.0,0.0,0.2,0.0,1.0,0,1,2,1,0
208,642,0.005552815640079685,0.0,0.0,0.0,0.6,0.0,0.0,0,1,2,0,0
208,643,0.013985294645316589,0.0,0.0,0.0,0.5714285714285714,0.0,1.0,10,1,1,0,0
208,644,0.07958691545600034,0.0,1.0,0.6931471805599453,0.42857142857142855,0.0,0.0,100,1,1,2,0
208,645,0.008345448442225695,0.0,0.0,0.0,0.42857142857142855,1.0,0.0,0,1,0,0,0
208,646,0.011091414264787266,0.0,0.0,0.0,0.625,0.0,0.0,10,1,1,0,0
208,647,0.015052461217384789,0.0,0.0,0.0,0.6666666666666666,0.0,0.0,10,1,1,0,0
208,648,0.02186001463021034,0.0,0.0,0.0,0.2857142857142857,0.0,1.0,10,1,3,1,0
208,649,0.004005112906300152,0.0,0.0,0.0,0.5,0.0,0.0,0,1,1,0,0
208,650,0.005741753977189537,0.0,0.0,0.0,0.45454545454545453,1.0,0.0,0,1,2,0,0
208,651,0.0024705775712001734,0.0,0.0,0.0,0.375,1.0,0.0,0,1,1,0,0
208,652,0.012774049851487543,0.0,0.0,0.0,0.3333333333333333,0.0,1.0,10,1,1,0,0
208,653,0.010894775617449393,0.0,0.0,0.0,0.3333333333333333,0.0,0.0,0,1,1,0,0
208,654,0.0033908187703066803,0.0,0.0,0.0,0.45454545454545453,0.0,0.0,0,1,2,1,1
208,655,0.02183460459476473,0.0,0.0,0.6931471805599453,0.7,0.0,0.0,10,1,3,0,0
208,656,0.014142418296031398,0.0,0.0,0.0,0.16666666666666666,0.0,1.0,0,1,2,0,0
208,657,0.12680778148650582,0.0,0.0,1.0986122886681098,0.75,0.0,0.0,0,1,3,0,0
208,658,0.01705060775770706,0.0,0.0,0.0,0.45454545454545453,1.0,0.0,10,1,2,0,0
208,659,0.0,0.0,0.0,0.0,0.2857142857142857,0.0,1.0,0,1,0,0,0
208,660,0.03107442691713277,0.0,0.0,0.0,0.7,0.0,0.0,0,1,2,0,0
208,661,0.0058196011929652685,0.0,0.0,0.0,0.25,0.0,1.0,10,1,2,1,0
208,662,0.008356534878296,0.0,0.0,0.6931471805599453,0.7,0.0,0.0,0,1,2,0,0
208,663,0.005247103233187034,0.0,0.0,0.0,0.4444444444444444,1.0,0.0,0,1,2,0,0
208,664,0.006557774978650337,0.0,0.0,0.6931471805599453,0.6,1.0,0.0,0,1,1,0,0
208,665,0.0020148752398418553,0.0,0.0,0.6931471805599453,0.6666666666666666,0.0,0.0,10,1,3,0,0
208,666,0.010093047952211266,0.0,0.0,0.0,0.4444444444444444,0.0,1.0,0,1,2,1,0
208,667,0.52694678135978,0.75,0.7071067811865475,0.6931471805599453,0.5833333333333334,0.0,0.0,100,1,2,3,1
208,668,0.013766382457388803,0.0,0.0,0.0,0.42857142857142855,0.0,0.0,0,1,2,0,0
208,669,0.006755077462013474,0.0,0.0,0.6931471805599453,0.42857142857142855,0.0,0.0,0,1,3,0,0
208,670,0.001794552395522586,0.0,0.0,0.0,0.2857142857142857,0.0,1.0,0,1,1,0,0
208,671,0.011176049520017061,0.0,0.0,0.6931471805599453,0.4444444444444444,0.0,0.0,0,1,1,0,0
208,672,0.013511104828620647,0.0,0.0,0.0,0.5714285714285714,1.0,0.0,0,1,1,0,0
208,673,0.03940030424087242,0.0,1.0,0.6931471805599453,0.2727272727272727,0.0,1.0,100,1,1,2,0
208,674,0.05782539420498421,0.0,1.0,0.0,0.25,0.0,1.0,100,1,1,2,0
208,675,0.006158243658506116,0.0,0.0,0.0,0.4444444444444444,1.0,0.0,0,1,1,0,0
208,676,0.03345871510694965,0.0,0.7071067811865475,0.0,0.5,0.0,0.0,100,1,2,2,0
208,677,0.0040655491140610366,0.0,0.0,0.6931471805599453,0.5,0.0,0.0,0,1,0,0,0
208,678,0.001556021915428021,0.0,0.0,0.0,0.5,0.0,0.0,0,1,0,0,0
208,679,0.017768937175597195,0.0,0.0,0.0,0.6666666666666666,0.0,0.0,0,1,1,0,0
208,680,0.0063599009242710815,0.0,0.0,0.0,0.38461538461538464,0.0,1.0,0,1,2,0,0
208,681,0.004625781304843124,0.0,0.0,0.0,0.5,1.0,0.0,0,1,2,0,0
208,682,0.02050644937427103,0.0,0.0,0.6931471805599453,0.625,0.0,0.0,0,1,1,0,0
209,623,0.023757644023642367,0.0,0.25,1.0986122886681098,0.7142857142857143,0.0,0.0,50,2,8,1,0
209,624,0.0026204826672641566,0.0,0.0,0.0,0.2857142857142857,0.0,0.0,0,2,0,0,0
209,625,0.02915316519428146,0.0,0.0,0.0,0.25,0.0,0.0,10,2,0,2,0
209,626,0.014090048502169897,0.0,0.0,0.0,0.4,0.0,1.0,0,2,1,1,0
209,627,0.015835363863534534,0.0,0.0,0.0,0.3333333333333333,0.0,1.0,0,2,1,0,0
209,628,0.46207342097324294,0.6,0.7071067811865475,0.0,0.6,0.0,0.0,50,2,1,3,0
209,629,0.001666750305443677,0.0,0.0,0.0,0.25,0.0,1.0,0,2,1,0,0
209,630,0.010175805424089924,0.0,0.0,0.6931471805599453,0.46153846153846156,0.0,1.0,0,2,2,1,0
209,631,0.016718096235621635,0.0,0.7071067811865475,0.0,0.36363636363636365,0.0,0.0,50,2,1,2,1
209,632,0.019733223968591035,0.0,0.0,0.0,0.36363636363636365,0.0,1.0,0,2,2,1,0
209,633,0.0052732681745550885,0.0,0.0,0.0,0.4444444444444444,0.0,0.0,0,2,0,0,0
209,634,0.004684239577384267,0.0,0.0,0.0,0.42857142857142855,0.0,0.0,0,2,0,0,0
209,635,0.007535113562075494,0.0,0.0,0.6931471805599453,0.5,0.0,0.0,0,2,1,0,0
209,636,0.02533861276516922,0.0,0.0,0.0,0.5454545454545454,1.0,0.0,0,2,2,0,0
209,637,0.026564154463916186,0.0,0.0,0.0,0.2,0.0,1.0,0,2,1,0,0
209,638,0.005828201109848276,0.0,0.0,0.0,0.5555555555555556,0.0,0.0,0,2,0,0,0
209,639,0.0014038902779386585,0.0,0.0,0.0,0.5,1.0,0.0,0,2,1,1,0
209,640,0.015462588124865196,0.0,0.0,0.6931471805599453,0.3333333333333333,0.0,0.0,0,2,2,1,1
209,641,0.022442400570877617,0.0,0.0,0.0,0.2,0.0,1.0,0,2,2,1,0
209,642,0.021206692068205756,0.0,0.0,0.0,0.6,0.0,0.0,0,2,2,0,0
209,643,0.0084319159659837,0.0,0.0,0.0,0.5714285714285714,0.0,1.0,0,2,1,0,0
209,644,0.6106222725442829,0.6,0.7071067811865475,0.6931471805599453,0.42857142857142855,0.0,0.0,50,2,1,3,1
209,645,0.019604299748025772,0.0,0.0,0.0,0.42857142857142855,1.0,0.0,0,2,0,0,0
209,646,0.013225143388942878,0.0,0.0,0.0,0.625,0.0,0.0,0,2,1,0,0
209,647,0.003995717794431978,0.0,0.0,0.0,0.6666666666666666,0.0,0.0,0,2,1,0,0
209,648,0.014550040041986765,0.0,0.0,0.0,0.2857142857142857,0.0,1.0,0,2,3,1,0
209,649,0.001564763061930019,0.0,0.0,0.0,0.5,0.0,0.0,0,2,1,1,0
209,650,0.022140451121948512,0.0,0.0,0.0,0.45454545454545453,1.0,0.0,0,2,2,0,0
209,651,0.01856202225813809,0.0,0.0,0.0,0.375,1.0,0.0,0,2,1,0,0
209,652,0.016142779748095804,0.0,0.0,0.0,0.3333333333333333,0.0,1.0,0,2,1,0,0
209,653,0.007343246553906167,0.0,0.0,0.0,0.3333333333333333,0.0,0.0,0,2,1,0,0
209,654,0.0036152845886459244,0.0,0.0,0.0,0.45454545454545453,0.0,0.0,0,2,2,1,1
209,655,0.038761285011520916,0.0,0.0,0.6931471805599453,0.7,0.0,0.0,0,2,3,0,0
209,656,0.009068019050518527,0.0,0.0,0.0,0.16666666666666666,0.0,1.0,0,2,2,0,0
209,657,0.002785209857757958,0.0,0.0,1.0986122886681098,0.75,0.0,0.0,0,2,3,0,0
209,658,0.013052267434417583,0.0,0.0,0.0,0.45454545454545453,1.0,0.0,0,2,2,0,0
209,659,0.0011996565879820692,0.0,0.0,0.0,0.2857142857142857,0.0,1.0,0,2,0,1,0
209,660,0.018074413927772832,0.0,0.0,0.0,0.7,0.0,0.0,0,2,2,1,0
209,661,0.0029123745065812237,0.0,0.0,0.0,0.25,0.0,1.0,0,2,2,1,0
209,662,0.016109323154421065,0.0,0.0,0.6931471805599453,0.7,0.0,0.0,0,2,2,0,1
209,663,0.02720609975594078,0.0,0.0,0.0,0.4444444444444444,1.0,0.0,10,2,2,0,0
209,664,0.01822856647457006,0.0,0.0,0.6931471805599453,0.6,1.0,0.0,0,2,1,0,0
209,665,0.037500862656315935,0.0,0.0,0.6931471805599453,0.6666666666666666,0.0,0.0,10,2,3,0,0
209,666,0.021864837900086056,0.0,0.0,0.0,0.4444444444444444,0.0,1.0,0,2,2,1,0
209,667,0.08724273412278108,0.0,0.5,0.6931471805599453,0.6363636363636364,0.0,0.0,50,2,2,2,1
209,668,0.019544153446799037,0.0,0.0,0.0,0.42857142857142855,0.0,0.0,0,2,2,0,1
209,669,0.011244720666410725,0.0,0.0,0.6931471805599453,0.42857142857142855,0.0,0.0,0,2,3,0,0
209,670,0.0013886455939742276,0.0,0.0,0.0,0.2857142857142857,0.0,1.0,0,2,1,0,0
209,671,0.01448660822742717,0.0,0.0,0.6931471805599453,0.4444444444444444,0.0,0.0,0,2,1,0,0
209,672,0.028227458627018184,0.0,0.0,0.0,0.5714285714285714,1.0,0.0,0,2,1,0,0
209,673,0.47158711698852374,0.6,0.7071067811865475,0.6931471805599453,0.2727272727272727,0.0,1.0,50,2,1,3,0
209,674,0.012368557954290288,0.0,0.7071067811865475,0.0,0.25,0.0,1.0,50,2,1,2,1
209,675,0.03955032692232252,0.0,0.0,0.0,0.4444444444444444,1.0,0.0,0,2,1,0,0
209,676,0.01425014651397549,0.0,0.5,0.0,0.4444444444444444,0.0,0.0,50,2,2,2,0
209,677,0.00780888789522134,0.0,0.0,0.6931471805599453,0.5,0.0,0.0,0,2,0,0,0
209,678,0.027943029628119766,0.0,0.0,0.0,0.5,0.0,0.0,0,2,0,0,0
209,679,0.01091884509103832,0.0,0.0,0.0,0.6666666666666666,0.0,0.0,0,2,1,0,0
209,680,0.018319785890709664,0.0,0.0,0.0,0.38461538461538464,0.0,1.0,0,2,2,0,0
209,681,0.0022591601469840426,0.0,0.0,0.0,0.5,1.0,0.0,0,2,2,1,1
209,682,0.017970894656626157,0.0,0.0,0.6931471805599453,0.625,0.0,0.0,0,2,1,0,0
210,623,0.035343280665921184,0.0,0.35355339059327373,1.0986122886681098,0.7142857142857143,0.0,0.0,100,1,8,1,0
210,624,0.0020920802701176627,0.0,0.0,0.0,0.2857142857142857,0.0,0.0,0,1,0,0,0
210,625,0.04220110556907261,0.0,0.0,0.0,0.25,0.0,0.0,10,1,0,0,0
210,626,0.033133837621354814,0.0,0.0,0.0,0.4,0.0,1.0,0,1,1,0,0
210,627,0.0,0.0,0.0,0.0,0.3333333333333333,0.0,1.0,0,1,1,0,0
210,628,0.04222021854596751,0.0,0.0,0.0,0.6,0.0,0.0,0,1,1,0,0
210,629,0.0022813656208312393,0.0,0.0,0.0,0.25,0.0,1.0,0,1,1,0,0
210,630,0.06395778881958097,0.0,0.7071067811865475,0.6931471805599453,0.46153846153846156,0.0,1.0,100,1,2,0,0
210,631,0.01967679857810411,0.0,0.0,0.0,0.3333333333333333,0.0,0.0,0,1,1,0,0
210,632,0.05957987847505585,0.0,0.7071067811865475,0.0,0.36363636363636365,0.0,1.0,100,1,2,0,0
210,633,0.20211819031109096,0.0,0.0,0.0,0.4,0.0,0.0,10,1,0,0,0
210,634,0.14223887326467732,0.0,0.0,0.0,0.42857142857142855,0.0,0.0,0,1,0,0,0
210,635,0.1345173819498408,0.0,0.0,0.6931471805599453,0.5,0.0,0.0,0,1,1,0,0
210,636,0.14517178088866445,0.0,0.0,0.0,0.5454545454545454,1.0,0.0,0,1,2,1,0
210,637,0.029598192483764267,0.0,0.0,0.0,0.2,0.0,1.0,0,1,1,0,0
210,638,0.1395669881481449,0.0,0.0,0.0,0.5555555555555556,0.0,0.0,0,1,0,0,0
210,639,0.02377611693846028,0.0,1.0,0.0,0.5,1.0,0.0,100,1,1,0,0
210,640,0.09294082353818259,0.0,0.0,0.6931471805599453,0.3333333333333333,0.0,0.0,10,1,2,0,0
210,641,0.06280996724907878,0.0,0.0,0.0,0.2,0.0,1.0,10,1,2,0,0
210,642,0.022242559391815866,0.0,0.0,0.0,0.6,0.0,0.0,0,1,2,0,0
210,643,0.026585689700573793,0.0,0.0,0.0,0.5714285714285714,0.0,1.0,0,1,1,1,0
210,644,0.005730003380949903,0.0,0.0,0.6931471805599453,0.42857142857142855,0.0,0.0,0,1,1,0,0
210,645,0.030289382326199477,0.0,0.0,0.0,0.42857142857142855,1.0,0.0,0,1,0,0,0
210,646,0.0014978923026833155,0.0,0.0,0.0,0.625,0.0,0.0,0,1,1,0,0
210,647,0.14760429099029854,1.0,0.0,0.0,0.6666666666666666,0.0,0.0,35,1,1,3,1
210,648,0.03321144074386245,0.0,0.0,0.0,0.2857142857142857,0.0,1.0,0,1,3,0,0
210,649,0.022894134434308135,0.0,1.0,0.0,0.5,0.0,0.0,100,1,1,0,0
210,650,0.018484673196706346,0.0,0.0,0.0,0.45454545454545453,1.0,0.0,0,1,2,0,0
210,651,0.014151739958059299,0.0,0.0,0.0,0.375,1.0,0.0,10,1,1,0,0
210,652,0.07509494401995577,0.0,0.0,0.0,0.3333333333333333,0.0,1.0,10,1,1,0,0
210,653,0.005153605879446619,0.0,0.0,0.0,0.3333333333333333,0.0,0.0,0,1,1,0,0
210,654,0.04132971503756756,0.0,0.0,0.0,0.45454545454545453,0.0,0.0,10,1,2,0,0
210,655,0.0505717879204879,0.0,0.0,0.6931471805599453,0.7,0.0,0.0,10,1,3,0,0
210,656,0.12177188503836478,0.0,0.0,0.0,0.16666666666666666,0.0,1.0,20,1,2,0,0
210,657,0.0066716132804781805,0.0,0.0,1.0986122886681098,0.75,0.0,0.0,0,1,3,0,0
210,658,0.04387541706753035,0.0,0.0,0.0,0.45454545454545453,1.0,0.0,0,1,2,1,1
210,659,0.012308239597542119,0.0,0.0,0.0,0.2857142857142857,0.0,1.0,0,1,0,0,0
210,660,0.03947861685343756,0.0,0.7071067811865475,0.0,0.7,0.0,0.0,100,1,2,0,0
210,661,0.019468413758077844,0.0,0.0,0.0,0.25,0.0,1.0,0,1,2,1,0
210,662,0.020292213321959594,0.0,0.0,0.6931471805599453,0.7,0.0,0.0,0,1,2,1,1
210,663,0.011866479604563246,0.0,0.0,0.0,0.4444444444444444,1.0,0.0,10,1,2,0,0
210,664,0.016448427147058135,0.0,0.0,0.6931471805599453,0.6,1.0,0.0,0,1,1,0,0
210,665,0.004484240218656393,0.0,0.0,0.6931471805599453,0.6666666666666666,0.0,0.0,0,1,3,2,0
210,666,0.035748510542101646,0.0,0.0,0.0,0.5,0.0,1.0,10,1,2,1,0
210,667,0.002416896203762837,0.0,0.0,0.6931471805599453,0.5833333333333334,0.0,0.0,0,1,2,0,0
210,668,0.02465848226652455,0.0,0.7071067811865475,0.0,0.42857142857142855,0.0,0.0,100,1,2,0,0
210,669,0.11415114884138615,0.0,0.0,0.6931471805599453,0.42857142857142855,0.0,0.0,10,1,3,0,0
210,670,0.002571241856656554,0.0,0.0,0.0,0.2857142857142857,0.0,1.0,0,1,1,0,0
210,671,0.0052489847491199665,0.0,0.0,0.6931471805599453,0.4444444444444444,0.0,0.0,0,1,1,1,1
210,672,0.0032362341414263725,0.0,0.0,0.0,0.5714285714285714,1.0,0.0,0,1,1,0,0
210,673,0.020882989611514927,0.0,0.0,0.6931471805599453,0.3,0.0,1.0,0,1,1,0,0
210,674,0.01380005833094286,0.0,0.0,0.0,0.25,0.0,1.0,0,1,1,0,0
210,675,0.0378379317522804,0.0,0.0,0.0,0.4444444444444444,1.0,0.0,10,1,1,0,0
210,676,0.01276765311758457,0.0,0.0,0.0,0.5,0.0,0.0,0,1,2,0,0
210,677,0.015392394567589607,0.0,0.0,0.6931471805599453,0.5,0.0,0.0,0,1,0,2,0
210,678,0.025658657976871228,0.0,0.0,0.0,0.5,0.0,0.0,10,1,0,0,1
210,679,0.02072551613021708,0.0,0.0,0.0,0.6666666666666666,0.0,0.0,0,1,1,0,0
210,680,0.014935467517719896,0.0,0.0,0.0,0.4166666666666667,0.0,1.0,0,1,2,0,0
210,681,0.014314031376790083,0.0,0.7071067811865475,0.0,0.5,1.0,0.0,100,1,2,1,0
210,682,0.03180601992081398,0.0,0.0,0.6931471805599453,0.625,0.0,0.0,0,1,1,0,1
211,623,0.01672141780014497,0.0,0.0,1.0986122886681098,0.7142857142857143,0.0,0.0,10,1,8,1,0
211,624,0.029053378264439416,0.0,0.0,0.0,0.2857142857142857,0.0,0.0,10,1,0,0,1
211,625,0.013934650191421045,0.0,0.0,0.0,0.25,0.0,0.0,0,1,0,0,0
211,626,0.006447969554932289,0.0,0.0,0.0,0.4,0.0,1.0,0,1,1,0,0
211,627,0.5404394285252642,1.0,1.0,0.0,0.3333333333333333,0.0,1.0,100,1,1,3,0
211,628,0.014428488504349713,0.0,0.0,0.0,0.6,0.0,0.0,0,1,1,0,0
211,629,0.06352044482457905,0.0,0.0,0.0,0.25,0.0,1.0,10,1,1,0,0
211,630,0.0272539489815273,0.0,0.7071067811865475,0.6931471805599453,0.5,0.0,1.0,100,1,2,2,1
211,631,0.005946764844569332,0.0,0.0,0.0,0.3333333333333333,0.0,0.0,0,1,1,0,0
211,632,0.029062966723013763,0.0,0.0,0.0,0.36363636363636365,0.0,1.0,10,1,2,0,0
211,633,0.0064156218591885725,0.0,0.0,0.0,0.4,0.0,0.0,0,1,0,0,0
211,634,0.0075193557874829375,0.0,0.0,0.0,0.3333333333333333,0.0,0.0,0,1,0,0,0
211,635,0.00830451731869797,0.0,0.0,0.6931471805599453,0.5,0.0,0.0,0,1,1,0,0
211,636,0.008749830302824576,0.0,0.0,0.0,0.5454545454545454,1.0,0.0,0,1,2,0,0
211,637,0.039486147818252736,0.0,0.0,0.0,0.2,0.0,1.0,0,1,1,0,0
211,638,0.006763115986490744,0.0,0.0,0.0,0.5555555555555556,0.0,0.0,0,1,0,0,0
211,639,0.006237953502691926,0.0,0.0,0.0,0.5,1.0,0.0,0,1,1,0,0
211,640,0.006582213658632898,0.0,0.0,0.6931471805599453,0.3333333333333333,0.0,0.0,0,1,2,0,1
211,641,0.024864625303872172,0.0,0.0,0.0,0.2,0.0,1.0,0,1,2,0,0
211,642,0.030739306611742782,0.5,0.7071067811865475,0.0,0.6,0.0,0.0,100,1,2,2,0
211,643,0.0389913253533225,0.0,0.0,0.0,0.5714285714285714,0.0,1.0,10,1,1,0,0
211,644,0.024507441540503123,0.0,0.0,0.6931471805599453,0.42857142857142855,0.0,0.0,10,1,1,0,0
211,645,0.04903043955844835,0.0,0.0,0.0,0.42857142857142855,1.0,0.0,0,1,0,0,0
211,646,0.0038136115024083907,0.0,0.0,0.0,0.625,0.0,0.0,0,1,1,0,0
211,647,0.011827572759541818,0.0,0.0,0.0,0.6666666666666666,0.0,0.0,0,1,1,0,0
211,648,0.017732596807009934,0.0,0.0,0.0,0.2857142857142857,0.0,1.0,0,1,3,0,0
211,649,0.006952765024757725,0.0,0.0,0.0,0.5,0.0,0.0,0,1,1,0,0
211,650,0.03212135442076906,0.0,0.0,0.0,0.45454545454545453,1.0,0.0,10,1,2,0,0
211,651,0.013045086947447977,0.0,0.0,0.0,0.375,1.0,0.0,10,1,1,0,0
211,652,0.04100795754539066,0.0,1.0,0.0,0.3333333333333333,0.0,1.0,100,1,1,2,1
211,653,0.010358127004467685,0.0,0.0,0.0,0.3333333333333333,0.0,0.0,0,1,1,0,0
211,654,0.01378844782018323,0.0,0.0,0.0,0.45454545454545453,0.0,0.0,0,1,2,0,0
211,655,0.02437047354350908,0.0,0.0,0.6931471805599453,0.7,0.0,0.0,0,1,3,0,0
211,656,0.03159828279489824,0.0,0.0,0.0,0.16666666666666666,0.0,1.0,0,1,2,0,0
211,657,0.022774674771337357,0.0,0.0,1.0986122886681098,0.75,0.0,0.0,10,1,3,0,0
211,658,0.06182435949465052,0.0,0.0,0.0,0.45454545454545453,1.0,0.0,10,1,2,0,0
211,659,0.005330474989839037,0.0,0.0,0.0,0.2857142857142857,0.0,1.0,0,1,0,0,0
211,660,0.022245984099662552,0.0,0.0,0.0,0.7,0.0,0.0,10,1,2,0,0
211,661,0.020326895158224112,0.0,0.0,0.0,0.25,0.0,1.0,10,1,2,0,0
211,662,0.0366124524272714,0.0,0.0,0.6931471805599453,0.7,0.0,0.0,10,1,2,0,0
211,663,0.006169858510731864,0.0,0.0,0.0,0.4444444444444444,1.0,0.0,0,1,2,1,0
211,664,0.03827612765678837,0.0,0.0,0.6931471805599453,0.6,1.0,0.0,0,1,1,0,0
211,665,0.025525834425883482,0.0,0.0,0.6931471805599453,0.6666666666666666,0.0,0.0,10,1,3,1,0
211,666,0.016801395322123446,0.0,0.0,0.0,0.4444444444444444,0.0,1.0,0,1,2,0,0
211,667,0.015484414226902688,0.0,0.0,0.6931471805599453,0.5833333333333334,0.0,0.0,10,1,2,0,0
211,668,0.027410997565476627,0.0,0.0,0.0,0.42857142857142855,0.0,0.0,10,1,2,0,0
211,669,0.012384404749739703,0.0,0.0,0.6931471805599453,0.42857142857142855,0.0,0.0,0,1,3,0,0
211,670,0.010039195610479626,0.0,0.0,0.0,0.2857142857142857,0.0,1.0,0,1,1,0,0
211,671,0.016612772974599257,0.0,0.0,0.6931471805599453,0.4444444444444444,0.0,0.0,10,1,1,0,0
211,672,0.0202272314342453,0.0,0.0,0.0,0.5714285714285714,1.0,0.0,0,1,1,0,0
211,673,0.03777823624623378,0.0,0.0,0.6931471805599453,0.2727272727272727,0.0,1.0,10,1,1,0,0
211,674,0.00588988211900624,0.0,0.0,0.0,0.25,0.0,1.0,0,1,1,0,0
211,675,0.4697242023850178,1.0,0.0,0.0,0.4444444444444444,1.0,0.0,35,1,1,3,1
211,676,0.042424887233039825,0.5,0.7071067811865475,0.0,0.4444444444444444,0.0,0.0,100,1,2,3,1
211,677,0.030465187453379988,0.0,0.0,0.6931471805599453,0.5,0.0,0.0,20,1,0,0,0
211,678,0.007319733197133366,0.0,0.0,0.0,0.5,0.0,0.0,0,1,0,1,0
211,679,0.023313116452204394,0.0,0.0,0.0,0.6666666666666666,0.0,0.0,0,1,1,0,0
211,680,0.4480828695015202,1.0,0.7071067811865475,0.0,0.38461538461538464,0.0,1.0,100,1,2,3,0
211,681,0.024108726493108162,0.0,0.0,0.0,0.5,1.0,0.0,10,1,2,0,0
211,682,0.018018942471642742,0.0,0.0,0.6931471805599453,0.625,0.0,0.0,10,1,1,0,0
212,623,0.015081450499164565,0.0,0.35355339059327373,1.0986122886681098,0.7142857142857143,0.0,0.0,100,1,8,1,0
212,624,0.0,0.0,0.0,0.0,0.2857142857142857,0.0,0.0,0,1,0,0,0
212,625,0.007030104945436414,0.0,0.0,0.0,0.25,0.0,0.0,0,1,0,0,0
212,626,0.029884551598772784,0.0,0.0,0.0,0.4,0.0,1.0,10,1,1,0,0
212,627,0.0,0.0,0.0,0.0,0.3333333333333333,0.0,1.0,0,1,1,0,0
212,628,0.01725922664650454,0.0,0.0,0.0,0.6,0.0,0.0,0,1,1,0,0
212,629,0.0,0.0,0.0,0.0,0.25,0.0,1.0,0,1,1,0,0
212,630,0.015589841244874105,0.0,0.0,0.6931471805599453,0.46153846153846156,0.0,1.0,0,1,2,0,0
212,631,0.021873463770191875,0.0,0.0,0.0,0.3333333333333333,0.0,0.0,10,1,1,0,0
212,632,0.01063005077889884,0.0,0.0,0.0,0.36363636363636365,0.0,1.0,0,1,2,0,0
212,633,0.0,0.0,0.0,0.0,0.4,0.0,0.0,0,1,0,0,0
212,634,0.004110756917121529,0.0,0.0,0.0,0.42857142857142855,0.0,0.0,0,1,0,0,0
212,635,0.008854363700899147,0.0,0.0,0.6931471805599453,0.5,0.0,0.0,0,1,1,0,0
212,636,0.011167014566303094,0.0,0.0,0.0,0.5454545454545454,1.0,0.0,0,1,2,0,0
212,637,0.016776685490116915,0.0,0.0,0.0,0.2,0.0,1.0,0,1,1,0,0
212,638,0.00469722016862896,0.0,0.0,0.0,0.5555555555555556,0.0,0.0,0,1,0,0,0
212,639,0.0,0.0,0.0,0.0,0.5,1.0,0.0,0,1,1,0,0
212,640,0.018564394742495976,0.0,0.0,0.6931471805599453,0.3333333333333333,0.0,0.0,0,1,2,0,0
212,641,0.04858753278335217,0.0,0.0,0.0,0.2,0.0,1.0,0,1,2,0,0
212,642,0.02584427464278441,0.0,0.0,0.0,0.6,0.0,0.0,0,1,2,0,0
212,643,0.025643786493448995,0.0,0.0,0.0,0.5714285714285714,0.0,1.0,10,1,1,0,0
212,644,0.02107073744214713,0.0,0.0,0.6931471805599453,0.42857142857142855,0.0,0.0,0,1,1,0,0
212,645,0.012774579748776597,0.0,0.0,0.0,0.42857142857142855,1.0,0.0,0,1,0,0,0
212,646,0.8155907222132829,1.0,1.0,0.0,0.5714285714285714,0.0,0.0,100,1,1,3,1
212,647,0.1535456029441658,0.0,0.0,0.0,0.625,0.0,0.0,30,1,1,1,1
212,648,0.0209248701911499,0.0,0.0,0.0,0.2857142857142857,0.0,1.0,10,1,3,0,0
212,649,0.0,0.0,0.0,0.0,0.5,0.0,0.0,0,1,1,0,0
212,650,0.01698132991049526,0.0,0.0,0.0,0.45454545454545453,1.0,0.0,0,1,2,1,0
212,651,0.007102453417464493,0.0,0.0,0.0,0.375,1.0,0.0,0,1,1,0,0
212,652,0.03887671965667138,0.0,0.0,0.0,0.3333333333333333,0.0,1.0,10,1,1,0,0
212,653,0.6464270238659285,1.0,0.0,0.0,0.3333333333333333,0.0,0.0,35,1,1,3,0
212,654,0.0027691469562564773,0.0,0.0,0.0,0.45454545454545453,0.0,0.0,0,1,2,0,0
212,655,0.6744996692515924,1.0,0.5773502691896258,0.6931471805599453,0.6666666666666666,0.0,0.0,100,1,3,3,1
212,656,0.013194730501612548,0.0,0.0,0.0,0.16666666666666666,0.0,1.0,0,1,2,0,0
212,657,0.0996849633749262,0.5,0.5773502691896258,1.0986122886681098,0.75,0.0,0.0,100,1,3,3,1
212,658,0.032926436720993824,0.0,0.0,0.0,0.45454545454545453,1.0,0.0,10,1,2,0,0
212,659,0.0,0.0,0.0,0.0,0.2857142857142857,0.0,1.0,0,1,0,0,0
212,660,0.019138661397782482,0.0,0.7071067811865475,0.0,0.7,0.0,0.0,100,1,2,2,0
212,661,0.009959927097183968,0.0,0.0,0.0,0.25,0.0,1.0,10,1,2,0,0
212,662,0.010040182268133729,0.0,0.0,0.6931471805599453,0.7,0.0,0.0,0,1,2,0,0
212,663,0.0076223843728963035,0.0,0.0,0.0,0.4444444444444444,1.0,0.0,0,1,2,1,0
212,664,0.008354578694087277,0.0,0.0,0.6931471805599453,0.6,1.0,0.0,0,1,1,0,0
212,665,0.016976916275257367,0.0,0.0,0.6931471805599453,0.6666666666666666,0.0,0.0,20,1,3,1,0
212,666,0.02292002106274712,0.0,0.0,0.0,0.4444444444444444,0.0,1.0,10,1,2,0,0
212,667,0.041492283538553595,0.0,0.0,0.6931471805599453,0.5833333333333334,0.0,0.0,10,1,2,1,0
212,668,0.018843234249141583,0.0,0.7071067811865475,0.0,0.42857142857142855,0.0,0.0,100,1,2,2,0
212,669,0.020075217411591698,0.0,0.5773502691896258,0.6931471805599453,0.42857142857142855,0.0,0.0,100,1,3,0,0
212,670,0.01904967414690184,0.0,0.0,0.0,0.2857142857142857,0.0,1.0,0,1,1,0,0
212,671,0.018509288655493446,0.0,0.0,0.6931471805599453,0.4444444444444444,0.0,0.0,0,1,1,0,0
212,672,0.04448234567943038,0.0,0.0,0.0,0.5714285714285714,1.0,0.0,10,1,1,1,1
212,673,0.01866576290109812,0.0,0.0,0.6931471805599453,0.2727272727272727,0.0,1.0,0,1,1,0,0
212,674,0.01608658927247199,0.0,0.0,0.0,0.25,0.0,1.0,0,1,1,0,0
212,675,0.005861942039444645,0.0,0.0,0.0,0.4444444444444444,1.0,0.0,0,1,1,0,0
212,676,0.013445034797185774,0.0,0.0,0.0,0.5,0.0,0.0,0,1,2,0,0
212,677,0.022788311595254046,0.0,0.0,0.6931471805599453,0.5,0.0,0.0,0,1,0,0,0
212,678,0.0035794977255195273,0.0,0.0,0.0,0.5,0.0,0.0,0,1,0,0,0
212,679,0.021284558912301903,0.0,1.0,0.0,0.7272727272727273,0.0,0.0,100,1,1,2,1
212,680,0.016575279706270502,0.0,0.0,0.0,0.38461538461538464,0.0,1.0,10,1,2,1,0
212,681,0.016036939395841415,0.0,0.0,0.0,0.5,1.0,0.0,0,1,2,0,0
212,682,0.02171932396995964,0.0,1.0,0.6931471805599453,0.625,0.0,0.0,100,1,1,2,0
213,623,0.003046923599270502,0.0,0.0,1.0986122886681098,0.7142857142857143,0.0,0.0,0,1,8,0,0
213,624,0.002773804081876555,0.0,0.0,0.0,0.2857142857142857,0.0,0.0,10,1,0,0,0
213,625,0.0014006946424115435,0.0,0.0,0.0,0.25,0.0,0.0,0,1,0,0,0
213,626,0.01851261932243252,0.0,0.0,0.0,0.4,0.0,1.0,10,1,1,0,0
213,627,0.02100502917039979,0.0,0.0,0.0,0.3333333333333333,0.0,1.0,0,1,1,0,0
213,628,0.0,0.0,0.0,0.0,0.6,0.0,0.0,0,1,1,0,0
213,629,0.006347089848958104,0.0,0.0,0.0,0.25,0.0,1.0,10,1,1,0,0
213,630,0.003514636754727414,0.0,0.0,0.6931471805599453,0.46153846153846156,0.0,1.0,10,1,2,0,0
213,631,0.0196400190124112,0.0,0.0,0.0,0.3333333333333333,0.0,0.0,0,1,1,0,0
213,632,0.0067292129408627905,0.0,0.0,0.0,0.36363636363636365,0.0,1.0,0,1,2,0,0
213,633,0.005015941988508273,0.0,0.0,0.0,0.4,0.0,0.0,0,1,0,1,0
213,634,0.007837947430586798,0.0,0.0,0.0,0.42857142857142855,0.0,0.0,0,1,0,1,1
213,635,0.014842408472610905,0.0,0.0,0.6931471805599453,0.5,0.0,0.0,0,1,1,1,0
213,636,0.006869056165056724,0.0,0.0,0.0,0.5454545454545454,1.0,0.0,0,1,2,1,0
213,637,0.07427422830395856,0.0,0.0,0.0,0.2,0.0,1.0,0,1,1,0,0
213,638,0.011280600765785595,0.0,0.0,0.0,0.5555555555555556,0.0,0.0,0,1,0,1,0
213,639,0.0,0.0,0.0,0.0,0.5,1.0,0.0,0,1,1,0,0
213,640,0.025179525441542748,0.0,0.0,0.6931471805599453,0.3333333333333333,0.0,0.0,10,1,2,1,0
213,641,0.01826440875825742,0.0,0.0,0.0,0.2,0.0,1.0,10,1,2,0,0
213,642,0.0,0.0,0.0,0.0,0.6,0.0,0.0,0,1,2,0,0
213,643,0.009465326788246815,0.0,0.0,0.0,0.5714285714285714,0.0,1.0,0,1,1,0,0
213,644,0.0,0.0,0.0,0.6931471805599453,0.42857142857142855,0.0,0.0,0,1,1,0,0
213,645,0.0058584108740894454,0.0,0.0,0.0,0.42857142857142855,1.0,0.0,0,1,0,0,0
213,646,0.005300887136949805,0.0,0.0,0.0,0.625,0.0,0.0,0,1,1,0,0
213,647,0.005985935370993163,0.0,0.0,0.0,0.6666666666666666,0.0,0.0,0,1,1,0,0
213,648,0.027578315684414042,0.0,0.5773502691896258,0.0,0.2857142857142857,0.0,1.0,100,1,3,2,0
213,649,0.0,0.0,0.0,0.0,0.5,0.0,0.0,0,1,1,0,0
213,650,0.0,0.0,0.0,0.0,0.45454545454545453,1.0,0.0,0,1,2,0,0
213,651,0.5601093675297495,1.0,1.0,0.0,0.375,1.0,0.0,100,1,1,3,0
213,652,0.00847753915637263,0.0,0.0,0.0,0.3333333333333333,0.0,1.0,10,1,1,0,0
213,653,0.0033179619144270717,0.0,0.0,0.0,0.3333333333333333,0.0,0.0,10,1,1,0,0
213,654,0.041744182104245985,0.0,0.0,0.0,0.45454545454545453,0.0,0.0,0,1,2,1,0
213,655,0.010903429692493348,0.0,0.0,0.6931471805599453,0.7,0.0,0.0,0,1,3,0,0
213,656,0.0119994164140116,0.0,0.0,0.0,0.16666666666666666,0.0,1.0,0,1,2,1,0
213,657,0.013706807130390668,0.0,0.0,1.0986122886681098,0.75,0.0,0.0,0,1,3,0,0
213,658,0.017454300993979887,0.0,0.0,0.0,0.45454545454545453,1.0,0.0,0,1,2,0,0
213,659,0.0,0.0,0.0,0.0,0.2857142857142857,0.0,1.0,0,1,0,0,0
213,660,0.008117149559494247,0.0,0.0,0.0,0.7,0.0,0.0,0,1,2,0,1
213,661,0.03591134927104142,0.0,0.0,0.0,0.25,0.0,1.0,0,1,2,0,0
213,662,0.07163972830226517,0.0,0.0,0.6931471805599453,0.7,0.0,0.0,0,1,2,0,0
213,663,0.013289354138931755,0.0,0.0,0.0,0.4444444444444444,1.0,0.0,0,1,2,0,0
213,664,0.6567666553372621,1.0,1.0,0.6931471805599453,0.6,1.0,0.0,100,1,1,3,1
213,665,0.0033678479897094613,0.0,0.0,0.6931471805599453,0.6666666666666666,0.0,0.0,0,1,3,0,0
213,666,0.02629303184805313,0.0,0.0,0.0,0.4444444444444444,0.0,1.0,0,1,2,0,0
213,667,0.006644705550585828,0.0,0.0,0.6931471805599453,0.5833333333333334,0.0,0.0,0,1,2,0,0
213,668,0.004429285045666301,0.0,0.0,0.0,0.42857142857142855,0.0,0.0,0,1,2,0,0
213,669,0.006125675984245222,0.0,0.0,0.6931471805599453,0.42857142857142855,0.0,0.0,0,1,3,1,0
213,670,0.004996726740721462,0.0,0.0,0.0,0.2857142857142857,0.0,1.0,0,1,1,0,0
213,671,0.003761417576550161,0.0,0.0,0.6931471805599453,0.4444444444444444,0.0,0.0,0,1,1,0,0
213,672,0.002290131959920999,0.0,0.0,0.0,0.5714285714285714,1.0,0.0,0,1,1,0,0
213,673,0.0,0.0,0.0,0.6931471805599453,0.2727272727272727,0.0,1.0,0,1,1,0,0
213,674,0.017546373674887844,0.0,0.0,0.0,0.25,0.0,1.0,0,1,1,0,0
213,675,0.011040696697127615,0.0,0.0,0.0,0.4444444444444444,1.0,0.0,0,1,1,0,0
213,676,0.01675600992079581,0.0,0.0,0.0,0.5,0.0,0.0,0,1,2,0,0
213,677,0.0,0.0,0.0,0.6931471805599453,0.5,0.0,0.0,0,1,0,0,0
213,678,0.003051746443722737,0.0,0.0,0.0,0.5,0.0,0.0,0,1,0,0,0
213,679,0.014962475834602532,0.0,0.0,0.0,0.6666666666666666,0.0,0.0,0,1,1,0,0
213,680,0.00993254441370547,0.0,0.0,0.0,0.38461538461538464,0.0,1.0,0,1,2,0,0
213,681,0.0,0.0,0.0,0.0,0.5,1.0,0.0,0,1,2,0,0
213,682,0.00613347977451782,0.0,0.0,0.6931471805599453,0.625,0.0,0.0,0,1,1,0,0
214,623,0.1082031249955611,0.5,0.35355339059327373,1.0986122886681098,0.7142857142857143,0.0,0.0,100,1,8,2,1
214,624,0.01416866824732673,0.0,0.0,0.0,0.2857142857142857,0.0,0.0,0,1,0,0,0
214,625,0.00386442274944067,0.0,0.0,0.0,0.25,0.0,0.0,0,1,0,0,0
214,626,0.0534222330378053,0.0,0.0,0.0,0.4,0.0,1.0,10,1,1,0,0
214,627,0.0639681595951165,0.0,0.0,0.0,0.3333333333333333,0.0,1.0,10,1,1,1,0
214,628,0.00833251897734103,0.0,0.0,0.0,0.6,0.0,0.0,0,1,1,0,0
214,629,0.004773612673560527,0.0,0.0,0.0,0.25,0.0,1.0,0,1,1,0,0
214,630,0.013736119082551495,0.0,0.0,0.6931471805599453,0.46153846153846156,0.0,1.0,0,1,2,1,0
214,631,0.0038330848509821594,0.0,0.0,0.0,0.3333333333333333,0.0,0.0,0,1,1,0,0
214,632,0.01765053381766794,0.0,0.0,0.0,0.36363636363636365,0.0,1.0,0,1,2,0,0
214,633,0.00910638005775237,0.0,0.0,0.0,0.4,0.0,0.0,0,1,0,0,0
214,634,0.012960972544922629,0.0,0.0,0.0,0.42857142857142855,0.0,0.0,0,1,0,0,0
214,635,0.01559569756581873,0.0,0.0,0.6931471805599453,0.5,0.0,0.0,0,1,1,0,0
214,636,0.01149884987860362,0.0,0.0,0.0,0.5,1.0,0.0,0,1,2,0,0
214,637,0.02207499640403805,0.0,0.0,0.0,0.2,0.0,1.0,0,1,1,0,0
214,638,0.004359277373633955,0.0,0.0,0.0,0.5555555555555556,0.0,0.0,0,1,0,0,0
214,639,0.008507808248656008,0.0,0.0,0.0,0.5,1.0,0.0,0,1,1,0,0
214,640,0.012027454142196888,0.0,0.0,0.6931471805599453,0.3333333333333333,0.0,0.0,0,1,2,0,0
214,641,0.021744950661679335,0.0,0.0,0.0,0.2,0.0,1.0,0,1,2,0,0
214,642,0.02946899105752752,0.0,0.0,0.0,0.6,0.0,0.0,0,1,2,1,0
214,643,0.008189990624647519,0.0,0.0,0.0,0.5714285714285714,0.0,1.0,0,1,1,0,0
214,644,0.006379155333252449,0.0,0.0,0.6931471805599453,0.42857142857142855,0.0,0.0,0,1,1,0,0
214,645,0.011437229266698455,0.0,0.0,0.0,0.42857142857142855,1.0,0.0,0,1,0,0,0
214,646,0.0024581258649839133,0.0,0.0,0.0,0.625,0.0,0.0,0,1,1,0,1
214,647,0.01606641138287168,0.0,0.0,0.0,0.6666666666666666,0.0,0.0,0,1,1,0,0
214,648,0.011354665111003472,0.0,0.0,0.0,0.2857142857142857,0.0,1.0,20,1,3,0,0
214,649,0.0105603839532914,0.0,0.0,0.0,0.5,0.0,0.0,0,1,1,0,0
214,650,0.006407122339071344,0.0,0.0,0.0,0.45454545454545453,1.0,0.0,0,1,2,0,0
214,651,0.0029962674750753145,0.0,0.0,0.0,0.375,1.0,0.0,10,1,1,0,0
214,652,0.01041459198941461,0.0,0.0,0.0,0.3333333333333333,0.0,1.0,0,1,1,1,0
214,653,0.01393891530479487,0.0,0.0,0.0,0.3333333333333333,0.0,0.0,0,1,1,0,0
214,654,0.05046085023111041,0.0,0.0,0.0,0.5,0.0,0.0,0,1,2,0,0
214,655,0.04358110456932816,0.0,0.0,0.6931471805599453,0.7,0.0,0.0,0,1,3,0,0
214,656,0.0037096387676113637,0.0,0.0,0.0,0.16666666666666666,0.0,1.0,0,1,2,0,0
214,657,0.01860477597836093,0.0,0.0,1.0986122886681098,0.75,0.0,0.0,0,1,3,0,0
214,658,0.0032196832439186085,0.0,0.0,0.0,0.45454545454545453,1.0,0.0,0,1,2,0,0
214,659,0.006739736332587907,0.0,0.0,0.0,0.2857142857142857,0.0,1.0,0,1,0,0,0
214,660,0.008716770716043615,0.0,0.0,0.0,0.7,0.0,0.0,0,1,2,0,0
214,661,0.042658310020273635,0.0,0.0,0.0,0.25,0.0,1.0,0,1,2,0,0
214,662,0.012139547872159161,0.0,0.0,0.6931471805599453,0.7,0.0,0.0,10,1,2,0,0
214,663,0.49283029327216604,1.0,0.7071067811865475,0.0,0.4444444444444444,1.0,0.0,100,1,2,3,1
214,664,0.01446061435427688,0.0,0.0,0.6931471805599453,0.6,1.0,0.0,0,1,1,0,0
214,665,0.43842338915861556,1.0,0.5773502691896258,0.6931471805599453,0.6666666666666666,0.0,0.0,100,1,3,3,1
214,666,0.017020321000892905,0.0,0.0,0.0,0.4444444444444444,0.0,1.0,0,1,2,0,0
214,667,0.004407022927249281,0.0,0.0,0.6931471805599453,0.5833333333333334,0.0,0.0,0,1,2,0,0
214,668,0.00710142237926719,0.0,0.0,0.0,0.42857142857142855,0.0,0.0,0,1,2,0,0
214,669,0.010055925475744779,0.0,0.0,0.6931471805599453,0.42857142857142855,0.0,0.0,0,1,3,0,0
214,670,0.00397711413931003,0.0,0.0,0.0,0.2857142857142857,0.0,1.0,0,1,1,0,0
214,671,0.0056533872059060415,0.0,0.0,0.6931471805599453,0.4444444444444444,0.0,0.0,0,1,1,0,0
214,672,0.006373297125837841,0.0,0.0,0.0,0.5714285714285714,1.0,0.0,0,1,1,0,0
214,673,0.009057766342839333,0.0,0.0,0.6931471805599453,0.2727272727272727,0.0,1.0,0,1,1,0,0
214,674,0.00379642015692795,0.0,0.0,0.0,0.25,0.0,1.0,0,1,1,0,0
214,675,0.06518178759682867,0.0,0.0,0.0,0.4444444444444444,1.0,0.0,10,1,1,1,0
214,676,0.004142331295227546,0.0,0.0,0.0,0.5,0.0,0.0,10,1,2,1,0
214,677,0.02383241857295497,0.0,0.0,0.6931471805599453,0.45454545454545453,0.0,0.0,0,1,0,0,0
214,678,0.30591120331278326,1.0,0.0,0.0,0.5,0.0,0.0,35,1,0,3,1
214,679,0.003950219778128591,0.0,0.0,0.0,0.6666666666666666,0.0,0.0,0,1,1,0,0
214,680,0.013235044253799596,0.0,0.0,0.0,0.4166666666666667,0.0,1.0,10,1,2,1,0
214,681,0.033983644748986054,0.0,0.0,0.0,0.5,1.0,0.0,0,1,2,0,0
214,682,0.0037446669540355322,0.0,0.0,0.6931471805599453,0.625,0.0,0.0,0,1,1,0,0
215,623,0.010155456373092018,0.0,0.0,1.0986122886681098,0.7142857142857143,0.0,0.0,10,1,8,0,0
215,624,0.027069428199637646,0.0,0.0,0.0,0.2857142857142857,0.0,0.0,0,1,0,2,0
215,625,0.001432186873444131,0.0,0.0,0.0,0.25,0.0,0.0,0,1,0,0,0
215,626,0.004566822311966553,0.0,0.0,0.0,0.4,0.0,1.0,0,1,1,0,0
215,627,0.052602626295364406,0.0,0.0,0.0,0.3333333333333333,0.0,1.0,10,1,1,0,0
215,628,0.006196305628609673,0.0,0.0,0.0,0.6,0.0,0.0,0,1,1,0,0
215,629,0.02225032566178827,0.0,1.0,0.0,0.25,0.0,1.0,100,1,1,2,0
215,630,0.012847942045369298,0.0,0.0,0.6931471805599453,0.46153846153846156,0.0,1.0,0,1,2,0,0
215,631,0.007147104806498856,0.0,0.0,0.0,0.3333333333333333,0.0,0.0,0,1,1,0,0
215,632,0.02040401709350034,0.0,0.0,0.0,0.36363636363636365,0.0,1.0,0,1,2,1,1
215,633,0.0019536014262116277,0.0,0.0,0.0,0.4,0.0,0.0,0,1,0,0,0
215,634,0.006337898372780116,0.0,0.0,0.0,0.42857142857142855,0.0,0.0,0,1,0,0,0
215,635,0.010195205261140719,0.0,0.0,0.6931471805599453,0.5,0.0,0.0,0,1,1,0,0
215,636,0.00501954876637695,0.0,0.0,0.0,0.5454545454545454,1.0,0.0,0,1,2,0,0
215,637,0.5766912970948305,1.0,1.0,0.0,0.2,0.0,1.0,100,1,1,3,0
215,638,0.007885708175278592,0.0,0.0,0.0,0.5555555555555556,0.0,0.0,0,1,0,0,0
215,639,0.0018995001773751785,0.0,0.0,0.0,0.5,1.0,0.0,0,1,1,0,0
215,640,0.00909304396868868,0.0,0.0,0.6931471805599453,0.36363636363636365,0.0,0.0,0,1,2,0,0
215,641,0.007855008291638231,0.0,0.0,0.0,0.2,0.0,1.0,0,1,2,0,0
215,642,0.007612947169941981,0.0,0.0,0.0,0.6,0.0,0.0,0,1,2,0,0
215,643,0.06751345781323587,0.0,0.0,0.0,0.5714285714285714,0.0,1.0,10,1,1,0,0
215,644,0.005807209608858506,0.0,0.0,0.6931471805599453,0.42857142857142855,0.0,0.0,10,1,1,0,0
215,645,0.029292357726062986,0.0,0.0,0.0,0.42857142857142855,1.0,0.0,0,1,0,1,0
215,646,0.0011612711960963965,0.0,0.0,0.0,0.625,0.0,0.0,0,1,1,0,0
215,647,0.007683488955051055,0.0,0.0,0.0,0.6666666666666666,0.0,0.0,0,1,1,0,0
215,648,0.0028300657312264102,0.0,0.0,0.0,0.3076923076923077,0.0,1.0,0,1,3,0,0
215,649,0.002117165251724942,0.0,0.0,0.0,0.5,0.0,0.0,0,1,1,0,0
215,650,0.026433703541067142,0.0,0.0,0.0,0.45454545454545453,1.0,0.0,0,1,2,1,0
215,651,0.04057401174917279,0.0,0.0,0.0,0.375,1.0,0.0,10,1,1,0,0
215,652,0.01761119932758482,0.0,0.0,0.0,0.3333333333333333,0.0,1.0,0,1,1,0,0
215,653,0.007869998902225771,0.0,0.0,0.0,0.3333333333333333,0.0,0.0,0,1,1,0,0
215,654,0.013117173476576207,0.0,0.0,0.0,0.45454545454545453,0.0,0.0,0,1,2,0,1
215,655,0.01988739505292428,0.0,0.0,0.6931471805599453,0.7,0.0,0.0,0,1,3,1,0
215,656,0.00640029339798819,0.0,0.0,0.0,0.16666666666666666,0.0,1.0,0,1,2,0,0
215,657,0.01748670226795593,0.0,0.5773502691896258,1.0986122886681098,0.75,0.0,0.0,100,1,3,2,0
215,658,0.06847934491086105,0.0,0.0,0.0,0.45454545454545453,1.0,0.0,0,1,2,0,0
215,659,0.0016231666658502277,0.0,0.0,0.0,0.2857142857142857,0.0,1.0,0,1,0,0,0
215,660,0.009319490813881651,0.0,0.0,0.0,0.7,0.0,0.0,0,1,2,0,0
215,661,0.022259180682246436,0.0,0.0,0.0,0.25,0.0,1.0,10,1,2,0,0
215,662,0.5266384586625579,1.0,0.7071067811865475,0.6931471805599453,0.7,0.0,0.0,100,1,2,3,0
215,663,0.010290779440539796,0.0,0.0,0.0,0.4444444444444444,1.0,0.0,0,1,2,0,0
215,664,0.11568582841871243,0.0,0.0,0.6931471805599453,0.6,1.0,0.0,0,1,1,0,0
215,665,0.022717268387256753,0.0,0.0,0.6931471805599453,0.6666666666666666,0.0,0.0,0,1,3,0,0
215,666,0.009354724832276572,0.0,0.0,0.0,0.4444444444444444,0.0,1.0,0,1,2,0,0
215,667,0.0020819718220509054,0.0,0.0,0.6931471805599453,0.5833333333333334,0.0,0.0,0,1,2,0,0
215,668,0.008552654174553522,0.0,0.0,0.0,0.42857142857142855,0.0,0.0,0,1,2,0,0
215,669,0.00924681797659345,0.0,0.0,0.6931471805599453,0.42857142857142855,0.0,0.0,0,1,3,0,0
215,670,0.0054130702589790785,0.0,0.0,0.0,0.2857142857142857,0.0,1.0,0,1,1,0,0
215,671,0.009302384440353023,0.0,0.0,0.6931471805599453,0.5,0.0,0.0,0,1,1,0,0
215,672,0.012453984153974558,0.0,0.0,0.0,0.5714285714285714,1.0,0.0,0,1,1,0,0
215,673,0.009364668532562785,0.0,0.0,0.6931471805599453,0.2727272727272727,0.0,1.0,0,1,1,0,0
215,674,0.009949612167527308,0.0,0.0,0.0,0.25,0.0,1.0,0,1,1,0,0
215,675,0.06343428547829538,0.0,0.0,0.0,0.4444444444444444,1.0,0.0,10,1,1,1,0
215,676,0.011639267595059071,0.0,0.0,0.0,0.5,0.0,0.0,10,1,2,0,0
215,677,0.006447567840032737,0.0,0.0,0.6931471805599453,0.5,0.0,0.0,0,1,0,0,0
215,678,0.003805047755684009,0.0,0.0,0.0,0.5,0.0,0.0,0,1,0,0,0
215,679,0.009565459262646302,0.0,0.0,0.0,0.6666666666666666,0.0,0.0,0,1,1,0,1
215,680,0.04485256419674889,0.0,0.0,0.0,0.38461538461538464,0.0,1.0,10,1,2,0,0
215,681,0.010294444591743009,0.0,0.0,0.0,0.5,1.0,0.0,0,1,2,0,0
215,682,0.004114659540901608,0.0,0.0,0.6931471805599453,0.625,0.0,0.0,0,1,1,0,0
216,623,0.0032098530088930668,0.0,0.0,1.0986122886681098,0.7142857142857143,0.0,0.0,0,1,8,0,0
216,624,0.002922128858243448,0.0,0.0,0.0,0.2857142857142857,0.0,0.0,10,1,0,0,0
216,625,0.04284491398902451,0.0,0.0,0.0,0.25,0.0,0.0,0,1,0,0,0
216,626,0.014189179795922142,0.0,0.0,0.0,0.4,0.0,1.0,10,1,1,0,0
216,627,0.03183319060449169,0.0,0.0,0.0,0.3333333333333333,0.0,1.0,0,1,1,0,0
216,628,0.0,0.0,0.0,0.0,0.6,0.0,0.0,0,1,1,0,0
216,629,0.01018629285414267,0.0,0.0,0.0,0.25,0.0,1.0,10,1,1,0,0
216,630,0.0048331937523894706,0.0,0.0,0.6931471805599453,0.46153846153846156,0.0,1.0,10,1,2,0,0
216,631,0.009799247695315962,0.0,0.0,0.0,0.3333333333333333,0.0,0.0,0,1,1,0,1
216,632,0.007089046936024926,0.0,0.0,0.0,0.36363636363636365,0.0,1.0,0,1,2,0,0
216,633,0.00528416153529453,0.0,0.0,0.0,0.4,0.0,0.0,0,1,0,1,0
216,634,0.0,0.0,0.0,0.0,0.42857142857142855,0.0,0.0,0,1,0,1,0
216,635,0.0,0.0,0.0,0.6931471805599453,0.5,0.0,0.0,0,1,1,1,0
216,636,0.012890087337509397,0.0,0.0,0.0,0.5454545454545454,1.0,0.0,0,1,2,1,0
216,637,0.018157286247939376,0.0,0.0,0.0,0.2,0.0,1.0,0,1,1,0,0
216,638,0.0,0.0,0.0,0.0,0.5555555555555556,0.0,0.0,0,1,0,1,0
216,639,0.0,0.0,0.0,0.0,0.5,1.0,0.0,0,1,1,0,0
216,640,0.012054233621939334,0.0,0.0,0.6931471805599453,0.3333333333333333,0.0,0.0,10,1,2,1,0
216,641,0.017989519638720485,0.0,0.0,0.0,0.2,0.0,1.0,10,1,2,0,0
216,642,0.0,0.0,0.0,0.0,0.6,0.0,0.0,0,1,2,0,0
216,643,0.0,0.0,0.0,0.0,0.5714285714285714,0.0,1.0,0,1,1,0,0
216,644,0.0,0.0,0.0,0.6931471805599453,0.42857142857142855,0.0,0.0,0,1,1,0,1
216,645,0.006171680109087768,0.0,0.0,0.0,0.42857142857142855,1.0,0.0,0,1,0,0,0
216,646,0.005584343673866536,0.0,0.0,0.0,0.625,0.0,0.0,0,1,1,0,0
216,647,0.008002833600688448,0.0,0.0,0.0,0.6666666666666666,0.0,0.0,0,1,1,0,0
216,648,0.03308331022673384,0.0,0.5773502691896258,0.0,0.2857142857142857,0.0,1.0,100,1,3,2,1
216,649,0.0,0.0,0.0,0.0,0.5,0.0,0.0,0,1,1,0,0
216,650,0.0,0.0,0.0,0.0,0.45454545454545453,1.0,0.0,0,1,2,0,0
216,651,0.6267070313803518,1.0,1.0,0.0,0.375,1.0,0.0,100,1,1,3,1
216,652,0.007026059209619809,0.0,0.0,0.0,0.3333333333333333,0.0,1.0,10,1,1,0,0
216,653,0.0034953846683146933,0.0,0.0,0.0,0.3333333333333333,0.0,0.0,10,1,1,0,0
216,654,0.0,0.0,0.0,0.0,0.45454545454545453,0.0,0.0,0,1,2,1,0
216,655,0.026548112193519782,0.0,0.0,0.6931471805599453,0.7,0.0,0.0,0,1,3,0,0
216,656,0.005984721919922806,0.0,0.0,0.0,0.16666666666666666,0.0,1.0,0,1,2,1,1
216,657,0.01955830075029205,0.0,0.0,1.0986122886681098,0.75,0.0,0.0,0,1,3,0,0
216,658,0.0,0.0,0.0,0.0,0.45454545454545453,1.0,0.0,0,1,2,0,0
216,659,0.0,0.0,0.0,0.0,0.2857142857142857,0.0,1.0,0,1,0,0,0
216,660,0.0,0.0,0.0,0.0,0.7,0.0,0.0,0,1,2,0,0
216,661,0.0,0.0,0.0,0.0,0.25,0.0,1.0,0,1,2,0,0
216,662,0.0081969989191891,0.0,0.0,0.6931471805599453,0.7,0.0,0.0,0,1,2,0,0
216,663,0.0,0.0,0.0,0.0,0.4444444444444444,1.0,0.0,0,1,2,0,0
216,664,0.6261572654466141,1.0,1.0,0.6931471805599453,0.6,1.0,0.0,100,1,1,3,1
216,665,0.0,0.0,0.0,0.6931471805599453,0.6666666666666666,0.0,0.0,0,1,3,0,0
216,666,0.006412551490101587,0.0,0.0,0.0,0.4444444444444444,0.0,1.0,0,1,2,0,0
216,667,0.0,0.0,0.0,0.6931471805599453,0.5833333333333334,0.0,0.0,0,1,2,0,0
216,668,0.0,0.0,0.0,0.0,0.42857142857142855,0.0,0.0,0,1,2,0,0
216,669,0.0021510312616648836,0.0,0.0,0.6931471805599453,0.42857142857142855,0.0,0.0,0,1,3,1,0
216,670,0.0,0.0,0.0,0.0,0.2857142857142857,0.0,1.0,0,1,1,0,0
216,671,0.0,0.0,0.0,0.6931471805599453,0.4444444444444444,0.0,0.0,0,1,1,0,0
216,672,0.002412593136261958,0.0,0.0,0.0,0.5714285714285714,1.0,0.0,0,1,1,0,0
216,673,0.0,0.0,0.0,0.6931471805599453,0.2727272727272727,0.0,1.0,0,1,1,0,0
216,674,0.001847851553852976,0.0,0.0,0.0,0.25,0.0,1.0,0,1,1,0,0
216,675,0.04524096965546634,0.0,0.0,0.0,0.4444444444444444,1.0,0.0,0,1,1,0,0
216,676,0.013818790315306344,0.0,0.0,0.0,0.5,0.0,0.0,0,1,2,0,0
216,677,0.0,0.0,0.0,0.6931471805599453,0.5,0.0,0.0,0,1,0,0,0
216,678,0.0,0.0,0.0,0.0,0.5,0.0,0.0,0,1,0,0,0
216,679,0.0,0.0,0.0,0.0,0.6666666666666666,0.0,0.0,0,1,1,0,0
216,680,0.02302339681069703,0.0,0.0,0.0,0.38461538461538464,0.0,1.0,0,1,2,0,0
216,681,0.0,0.0,0.0,0.0,0.5,1.0,0.0,0,1,2,0,0
216,682,0.0,0.0,0.0,0.6931471805599453,0.625,0.0,0.0,0,1,1,0,0
217,623,0.013099939502201305,0.0,0.0,1.0986122886681098,0.7142857142857143,0.0,0.0,0,2,8,1,0
217,624,0.0,0.0,0.0,0.0,0.2857142857142857,0.0,0.0,0,2,0,0,0
217,625,0.008166379764075282,0.0,0.0,0.0,0.25,0.0,0.0,0,2,0,0,0
217,626,0.008724035649532008,0.0,0.0,0.0,0.4,0.0,1.0,0,2,1,0,0
217,627,0.006687416466956219,0.0,0.7071067811865475,0.0,0.3333333333333333,0.0,1.0,50,2,1,0,0
217,628,0.012727626563474648,0.0,0.0,0.0,0.6,0.0,0.0,0,2,1,0,0
217,629,0.0,0.0,0.0,0.0,0.25,0.0,1.0,0,2,1,0,0
217,630,0.01533848067161582,0.0,0.5,0.6931471805599453,0.46153846153846156,0.0,1.0,50,2,2,0,0
217,631,0.03871541456329977,0.0,0.0,0.0,0.3333333333333333,0.0,0.0,10,2,1,0,0
217,632,0.0118533553314565,0.0,0.0,0.0,0.36363636363636365,0.0,1.0,0,2,2,0,0
217,633,0.06077429909497386,0.0,0.0,0.0,0.4444444444444444,0.0,0.0,0,2,0,0,0
217,634,0.013151567009689592,0.0,0.0,0.0,0.42857142857142855,0.0,0.0,0,2,0,0,0
217,635,0.021664454098134285,0.0,0.0,0.6931471805599453,0.5,0.0,0.0,0,2,1,0,0
217,636,0.15561479137782974,0.6,0.0,0.0,0.5,1.0,0.0,20,2,2,3,1
217,637,0.024281656928898245,0.0,0.0,0.0,0.2,0.0,1.0,0,2,1,0,0
217,638,0.012560923938518589,0.0,0.0,0.0,0.5555555555555556,0.0,0.0,0,2,0,0,0
217,639,0.009286996076960161,0.0,0.0,0.0,0.5,1.0,0.0,0,2,1,0,0
217,640,0.018417947166380226,0.0,0.0,0.6931471805599453,0.3333333333333333,0.0,0.0,0,2,2,0,0
217,641,0.01760415530779343,0.0,0.0,0.0,0.2,0.0,1.0,0,2,2,0,0
217,642,0.005830294963416163,0.0,0.5,0.0,0.6,0.0,0.0,50,2,2,0,0
217,643,0.02929865800230565,0.0,0.0,0.0,0.5714285714285714,0.0,1.0,10,2,1,2,0
217,644,0.003865883722488088,0.0,0.0,0.6931471805599453,0.42857142857142855,0.0,0.0,0,2,1,0,0
217,645,0.01706826835158129,0.0,0.0,0.0,0.42857142857142855,1.0,0.0,0,2,0,0,0
217,646,0.023805772128997458,0.0,0.0,0.0,0.625,0.0,0.0,10,2,1,1,0
217,647,0.3522813297522838,0.4,0.7071067811865475,0.0,0.6666666666666666,0.0,0.0,50,2,1,3,0
217,648,0.03946935016118968,0.0,0.0,0.0,0.2857142857142857,0.0,1.0,10,2,3,0,0
217,649,0.005173426739731621,0.0,0.0,0.0,0.5,0.0,0.0,0,2,1,0,0
217,650,0.005944523768383862,0.0,0.5,0.0,0.45454545454545453,1.0,0.0,50,2,2,1,0
217,651,0.0058042476793360625,0.0,0.0,0.0,0.375,1.0,0.0,0,2,1,0,0
217,652,0.030618133381369726,0.0,0.7071067811865475,0.0,0.3333333333333333,0.0,1.0,50,2,1,0,0
217,653,0.018397341819721774,0.0,0.0,0.0,0.3333333333333333,0.0,0.0,0,2,1,1,0
217,654,0.017044008931560262,0.0,0.0,0.0,0.45454545454545453,0.0,0.0,0,2,2,0,1
217,655,0.045191995889434254,0.0,0.0,0.6931471805599453,0.7,0.0,0.0,20,2,3,1,0
217,656,0.03464955390240531,0.0,0.0,0.0,0.16666666666666666,0.0,1.0,0,2,2,0,0
217,657,0.0,0.0,0.0,1.0986122886681098,0.75,0.0,0.0,0,2,3,1,1
217,658,0.0379196502110057,0.0,0.0,0.0,0.45454545454545453,1.0,0.0,10,2,2,2,0
217,659,0.011908619936016565,0.0,0.0,0.0,0.2857142857142857,0.0,1.0,0,2,0,0,0
217,660,0.01220492161459687,0.0,0.0,0.0,0.7,0.0,0.0,0,2,2,1,0
217,661,0.01857771645225187,0.0,0.0,0.0,0.2857142857142857,0.0,1.0,10,2,2,1,0
217,662,0.08472765268134236,0.6,0.0,0.6931471805599453,0.7,0.0,0.0,20,2,2,2,0
217,663,0.03849169583979538,0.2,0.5,0.0,0.375,1.0,0.0,50,2,2,2,0
217,664,0.019403720116921732,0.0,0.0,0.6931471805599453,0.6,1.0,0.0,0,2,1,0,0
217,665,0.039933883944595704,0.4,0.4082482904638631,0.6931471805599453,0.6666666666666666,0.0,0.0,50,2,3,2,1
217,666,0.19182644706316415,0.6,0.0,0.0,0.4444444444444444,0.0,1.0,20,2,2,3,0
217,667,0.01833742727612454,0.0,0.5,0.6931471805599453,0.5833333333333334,0.0,0.0,50,2,2,2,0
217,668,0.01336680371699888,0.0,0.0,0.0,0.42857142857142855,0.0,0.0,0,2,2,1,1
217,669,0.024775848252039136,0.0,0.0,0.6931471805599453,0.42857142857142855,0.0,0.0,10,2,3,0,0
217,670,0.0,0.0,0.0,0.0,0.2857142857142857,0.0,1.0,0,2,1,0,0
217,671,0.20998581558976476,0.6,0.0,0.6931471805599453,0.4444444444444444,0.0,0.0,30,2,1,3,0
217,672,0.02080314778580177,0.0,0.0,0.0,0.5714285714285714,1.0,0.0,10,2,1,1,0
217,673,0.009090009366931513,0.0,0.0,0.6931471805599453,0.2727272727272727,0.0,1.0,0,2,1,0,0
217,674,0.028625847684926688,0.0,0.0,0.0,0.25,0.0,1.0,0,2,1,0,0
217,675,0.019417437117745056,0.0,0.0,0.0,0.4444444444444444,1.0,0.0,0,2,1,0,0
217,676,0.04276209252454956,0.0,0.5,0.0,0.5,0.0,0.0,50,2,2,0,0
217,677,0.0033045348764705316,0.0,0.0,0.6931471805599453,0.5,0.0,0.0,0,2,0,1,0
217,678,0.0264739932466702,0.0,0.0,0.0,0.5,0.0,0.0,0,2,0,0,0
217,679,0.014847905172686096,0.0,0.0,0.0,0.6666666666666666,0.0,0.0,0,2,1,1,0
217,680,0.009752523385528658,0.0,1.0,0.0,0.3333333333333333,0.0,1.0,100,2,2,2,0
217,681,0.006318173122216489,0.0,0.0,0.0,0.5,1.0,0.0,0,2,2,1,0
217,682,0.013183323218084705,0.0,0.0,0.6931471805599453,0.625,0.0,0.0,0,2,1,1,1
218,623,0.023518981688392882,0.0,0.0,1.0986122886681098,0.7142857142857143,0.0,0.0,0,1,8,1,0
218,624,0.0013275380374939657,0.0,0.0,0.0,0.2857142857142857,0.0,0.0,0,1,0,0,0
218,625,0.0291891147748274,0.0,0.0,0.0,0.25,0.0,0.0,0,1,0,0,0
218,626,0.058825102525159004,0.0,0.0,0.0,0.4,0.0,1.0,0,1,1,1,0
218,627,0.07560714972927406,0.0,0.0,0.0,0.3333333333333333,0.0,1.0,10,1,1,0,0
218,628,0.6119164534110796,1.0,0.0,0.0,0.6,0.0,0.0,35,1,1,3,1
218,629,0.04917316348218878,0.0,0.0,0.0,0.25,0.0,1.0,0,1,1,0,0
218,630,0.017690456191753464,0.0,0.0,0.6931471805599453,0.46153846153846156,0.0,1.0,0,1,2,0,0
218,631,0.014437624879257531,0.0,0.0,0.0,0.3333333333333333,0.0,0.0,0,1,1,2,1
218,632,0.019489914541223043,0.0,0.0,0.0,0.36363636363636365,0.0,1.0,0,1,2,0,0
218,633,0.008374900937409028,0.0,0.0,0.0,0.4,0.0,0.0,0,1,0,0,1
218,634,0.004480291068732389,0.0,0.0,0.0,0.42857142857142855,0.0,0.0,0,1,0,0,0
218,635,0.009535931451968077,0.0,1.0,0.6931471805599453,0.5,0.0,0.0,100,1,1,0,0
218,636,0.00546285506993924,0.0,0.7071067811865475,0.0,0.6,1.0,0.0,100,1,2,0,0
218,637,0.023654154401983447,0.0,0.0,0.0,0.2,0.0,1.0,0,1,1,0,1
218,638,0.004664735252352641,0.0,0.0,0.0,0.5555555555555556,0.0,0.0,0,1,0,0,0
218,639,0.01049313822375868,0.0,0.0,0.0,0.5,1.0,0.0,0,1,1,0,0
218,640,0.046862785328728396,0.0,0.7071067811865475,0.6931471805599453,0.3333333333333333,0.0,0.0,100,1,2,1,1
218,641,0.040011651392895295,0.0,0.0,0.0,0.2,0.0,1.0,0,1,2,1,0
218,642,0.005486346875565482,0.0,0.0,0.0,0.6,0.0,0.0,0,1,2,0,0
218,643,0.022186340830903713,0.0,0.0,0.0,0.5714285714285714,0.0,1.0,0,1,1,0,0
218,644,0.5479528520907325,1.0,0.0,0.6931471805599453,0.42857142857142855,0.0,0.0,35,1,1,3,0
218,645,0.017976963857906203,0.0,0.0,0.0,0.42857142857142855,1.0,0.0,0,1,0,0,0
218,646,0.0027718410380433256,0.0,0.0,0.0,0.625,0.0,0.0,0,1,1,0,0
218,647,0.008308885282875038,0.0,0.0,0.0,0.6666666666666666,0.0,0.0,0,1,1,0,0
218,648,0.01583926063199967,0.0,0.0,0.0,0.2857142857142857,0.0,1.0,0,1,3,1,0
218,649,0.008770901302407211,0.0,0.0,0.0,0.5,0.0,0.0,0,1,1,0,0
218,650,0.006723211419868124,0.0,0.0,0.0,0.45454545454545453,1.0,0.0,0,1,2,0,0
218,651,0.0,0.0,0.0,0.0,0.375,1.0,0.0,0,1,1,0,1
218,652,0.019171571906146857,0.0,0.0,0.0,0.3333333333333333,0.0,1.0,0,1,1,0,0
218,653,0.007770726660482166,0.0,0.0,0.0,0.3333333333333333,0.0,0.0,0,1,1,0,0
218,654,0.0,0.0,0.7071067811865475,0.0,0.45454545454545453,0.0,0.0,100,1,2,1,0
218,655,0.01810227439420725,0.0,0.0,0.6931471805599453,0.7,0.0,0.0,0,1,3,0,0
218,656,0.01196633015712767,0.0,0.7071067811865475,0.0,0.16666666666666666,0.0,1.0,100,1,2,0,0
218,657,0.004233195438763432,0.0,0.0,0.6931471805599453,0.7272727272727273,0.0,0.0,0,1,3,0,0
218,658,0.02013429125729508,0.0,0.0,0.0,0.45454545454545453,1.0,0.0,0,1,2,0,0
218,659,0.008966135695220735,0.0,0.0,0.0,0.2857142857142857,0.0,1.0,0,1,0,0,0
218,660,0.02657551002188631,0.0,0.0,0.0,0.7,0.0,0.0,0,1,2,0,0
218,661,0.004288652033356381,0.0,0.0,0.0,0.25,0.0,1.0,0,1,2,1,0
218,662,0.011494600084069568,0.0,0.0,0.6931471805599453,0.7,0.0,0.0,0,1,2,0,0
218,663,0.01595223251085516,0.0,0.0,0.0,0.4444444444444444,1.0,0.0,0,1,2,0,0
218,664,0.0,0.0,0.0,0.6931471805599453,0.6,1.0,0.0,0,1,1,0,0
218,665,0.001511394003392025,0.0,0.0,0.6931471805599453,0.6666666666666666,0.0,0.0,0,1,3,0,0
218,666,0.03836903297660854,0.0,0.0,0.0,0.4444444444444444,0.0,1.0,0,1,2,1,0
218,667,0.02994547072350151,0.0,0.0,0.6931471805599453,0.5833333333333334,0.0,0.0,10,1,2,2,0
218,668,0.023008301832049285,0.0,0.0,0.0,0.42857142857142855,0.0,0.0,0,1,2,0,0
218,669,0.010009200564336752,0.0,0.5773502691896258,0.6931471805599453,0.42857142857142855,0.0,0.0,100,1,3,0,0
218,670,0.001773071098768301,0.0,0.0,0.0,0.2857142857142857,0.0,1.0,0,1,1,0,0
218,671,0.04734272280155919,0.0,0.0,0.6931471805599453,0.4444444444444444,0.0,0.0,10,1,1,0,0
218,672,0.006935762186578941,0.0,0.0,0.0,0.5714285714285714,1.0,0.0,0,1,1,0,0
218,673,0.5888284037246106,1.0,0.0,0.6931471805599453,0.3,0.0,1.0,35,1,1,3,0
218,674,0.016268413551442946,0.0,0.0,0.0,0.25,0.0,1.0,0,1,1,2,0
218,675,0.07651127753665311,0.0,0.0,0.0,0.4444444444444444,1.0,0.0,10,1,1,0,0
218,676,0.008124051770837202,0.0,0.0,0.0,0.5,0.0,0.0,10,1,2,2,0
218,677,0.00818711044209371,0.0,0.0,0.6931471805599453,0.5,0.0,0.0,0,1,0,0,1
218,678,0.008700638933236122,0.0,0.0,0.0,0.5,0.0,0.0,0,1,0,0,0
218,679,0.019038626846199308,0.0,0.0,0.0,0.6666666666666666,0.0,0.0,0,1,1,0,0
218,680,0.04499839539726893,0.0,0.0,0.0,0.38461538461538464,0.0,1.0,10,1,2,0,0
218,681,0.008941644713932037,0.0,0.0,0.0,0.5,1.0,0.0,0,1,2,0,0
218,682,0.021431106297247912,0.0,0.0,0.6931471805599453,0.625,0.0,0.0,0,1,1,0,0
219,623,0.008154229517066642,0.0,0.0,1.0986122886681098,0.7142857142857143,0.0,0.0,0,1,8,0,0
219,624,0.6085817760118222,1.0,0.0,0.0,0.2857142857142857,0.0,0.0,35,1,0,3,0
219,625,0.001423370046345537,0.0,0.0,0.0,0.25,0.0,0.0,0,1,0,0,0
219,626,0.0019513641263891263,0.0,0.0,0.0,0.4,0.0,1.0,0,1,1,0,0
219,627,0.009496532820462688,0.0,0.0,0.0,0.3333333333333333,0.0,1.0,0,1,1,0,0
219,628,0.006158159939390976,0.0,0.0,0.0,0.6,0.0,0.0,0,1,1,0,0
219,629,0.42263253675364265,1.0,1.0,0.0,0.25,0.0,1.0,100,1,1,3,0
219,630,0.006784910017644301,0.0,0.0,0.6931471805599453,0.46153846153846156,0.0,1.0,0,1,2,0,0
219,631,0.0017996833711610882,0.0,0.0,0.0,0.3333333333333333,0.0,0.0,0,1,1,0,0
219,632,0.012752721889050782,0.0,0.0,0.0,0.36363636363636365,0.0,1.0,0,1,2,1,0
219,633,0.013439125652719113,0.0,0.0,0.0,0.4,0.0,0.0,0,1,0,0,0
219,634,0.0329729428903653,0.0,0.0,0.0,0.42857142857142855,0.0,0.0,0,1,0,0,1
219,635,0.016997308088991848,0.0,0.0,0.6931471805599453,0.5,0.0,0.0,0,1,1,0,0
219,636,0.011544834136174777,0.0,0.0,0.0,0.5454545454545454,1.0,0.0,0,1,2,0,0
219,637,0.038310780339198706,0.0,1.0,0.0,0.2222222222222222,0.0,1.0,100,1,1,2,0
219,638,0.029634765008733053,0.0,0.0,0.0,0.5555555555555556,0.0,0.0,0,1,0,0,0
219,639,0.0018878064766799673,0.0,0.0,0.0,0.5,1.0,0.0,0,1,1,0,0
219,640,0.04118829071433171,0.0,0.0,0.6931471805599453,0.3333333333333333,0.0,0.0,0,1,2,0,0
219,641,0.01849242023291738,0.0,0.0,0.0,0.2,0.0,1.0,10,1,2,0,0
219,642,0.02441233808039405,0.0,0.0,0.0,0.6,0.0,0.0,0,1,2,0,0
219,643,0.0059939239931714305,0.0,0.0,0.0,0.5714285714285714,0.0,1.0,0,1,1,0,0
219,644,0.005771459272086134,0.0,0.0,0.6931471805599453,0.46153846153846156,0.0,0.0,10,1,1,0,0
219,645,0.01076417662955177,0.0,0.0,0.0,0.42857142857142855,1.0,0.0,0,1,0,1,0
219,646,0.0011541221797631176,0.0,0.0,0.0,0.625,0.0,0.0,0,1,1,0,0
219,647,0.0014912246056801189,0.0,0.0,0.0,0.6666666666666666,0.0,0.0,0,1,1,0,0
219,648,0.009697174082748684,0.0,0.0,0.0,0.2857142857142857,0.0,1.0,10,1,3,0,0
219,649,0.0021041315615622047,0.0,0.0,0.0,0.5,0.0,0.0,0,1,1,0,0
219,650,0.00433773933678848,0.0,0.0,0.0,0.45454545454545453,1.0,0.0,0,1,2,1,0
219,651,0.031496888652287475,0.0,0.0,0.0,0.375,1.0,0.0,0,1,1,0,1
219,652,0.008660824299429023,0.0,0.0,0.0,0.3333333333333333,0.0,1.0,0,1,1,0,0
219,653,0.0041972976263536296,0.0,0.0,0.0,0.3333333333333333,0.0,0.0,0,1,1,0,0
219,654,0.0014480524976379864,0.0,0.0,0.0,0.45454545454545453,0.0,0.0,0,1,2,0,0
219,655,0.022662976876031485,0.0,0.0,0.0,0.6666666666666666,0.0,0.0,0,1,3,1,0
219,656,0.025196637073330013,0.0,0.0,0.0,0.16666666666666666,0.0,1.0,0,1,2,0,0
219,657,0.6837442678030389,1.0,0.5773502691896258,0.6931471805599453,0.7272727272727273,0.0,0.0,100,1,3,3,0
219,658,0.009531756628251701,0.0,0.0,0.0,0.45454545454545453,1.0,0.0,0,1,2,0,0
219,659,0.0016131741291845428,0.0,0.0,0.0,0.2857142857142857,0.0,1.0,0,1,0,0,0
219,660,0.0064958345801971115,0.0,0.0,0.0,0.7,0.0,0.0,0,1,2,0,0
219,661,0.0020787788470056586,0.0,0.0,0.0,0.25,0.0,1.0,0,1,2,0,0
219,662,0.020052791375576223,0.0,0.7071067811865475,0.6931471805599453,0.7,0.0,0.0,100,1,2,2,1
219,663,0.0018671987297969228,0.0,0.0,0.0,0.4444444444444444,1.0,0.0,0,1,2,0,0
219,664,0.01492512631549239,0.0,0.0,0.0,0.5555555555555556,1.0,0.0,0,1,1,0,0
219,665,0.004196321799991915,0.0,0.0,0.6931471805599453,0.6666666666666666,0.0,0.0,0,1,3,0,1
219,666,0.006966800760694232,0.0,0.0,0.0,0.4444444444444444,0.0,1.0,0,1,2,0,0
219,667,0.07472187018760376,0.0,0.0,0.6931471805599453,0.5833333333333334,0.0,0.0,10,1,2,0,0
219,668,0.006990517324112743,0.0,0.0,0.0,0.42857142857142855,0.0,0.0,0,1,2,0,0
219,669,0.01004163642234122,0.0,0.0,0.6931471805599453,0.42857142857142855,0.0,0.0,0,1,3,0,0
219,670,0.001867307002059167,0.0,0.0,0.0,0.2857142857142857,0.0,1.0,0,1,1,0,0
219,671,0.009245117112509131,0.0,0.0,0.6931471805599453,0.4444444444444444,0.0,0.0,0,1,1,0,0
219,672,0.002992346191840799,0.0,0.0,0.0,0.5714285714285714,1.0,0.0,0,1,1,0,0
219,673,0.00930701777146574,0.0,0.0,0.6931471805599453,0.2727272727272727,0.0,1.0,0,1,1,0,0
219,674,0.0017824688187148615,0.0,0.0,0.0,0.25,0.0,1.0,0,1,1,0,0
219,675,0.015622374330863754,0.0,0.0,0.0,0.4444444444444444,1.0,0.0,0,1,1,1,0
219,676,0.0019448786133578564,0.0,0.0,0.0,0.5,0.0,0.0,0,1,2,0,0
219,677,0.006407875330691887,0.0,0.0,0.6931471805599453,0.5,0.0,0.0,0,1,0,0,0
219,678,0.0022151879989414174,0.0,0.0,0.0,0.5,0.0,0.0,0,1,0,0,0
219,679,0.004040557523790293,0.0,0.0,0.0,0.6666666666666666,0.0,0.0,0,1,1,0,0
219,680,0.006214026035463598,0.0,0.0,0.0,0.38461538461538464,0.0,1.0,0,1,2,0,0
219,681,0.00303788495750242,0.0,0.0,0.0,0.5,1.0,0.0,0,1,2,0,0
219,682,0.004089328878811075,0.0,0.0,0.6931471805599453,0.625,0.0,0.0,0,1,1,0,0
220,623,0.01703098100439452,0.0,0.35355339059327373,1.0986122886681098,0.7142857142857143,0.0,0.0,100,1,8,1,0
220,624,0.00388172260198619,0.0,0.0,0.0,0.2857142857142857,0.0,0.0,0,1,0,0,0
220,625,0.001567966291436715,0.0,0.0,0.0,0.25,0.0,0.0,0,1,0,0,0
220,626,0.023088785738955814,0.0,1.0,0.0,0.4,0.0,1.0,100,1,1,2,0
220,627,0.013976201821969196,0.0,0.0,0.0,0.3333333333333333,0.0,1.0,0,1,1,0,0
220,628,0.01263965595026024,0.0,0.0,0.0,0.6,0.0,0.0,0,1,1,1,1
220,629,0.007185318809560436,0.0,0.0,0.0,0.25,0.0,1.0,0,1,1,0,0
220,630,0.02171137756674533,0.0,0.0,0.6931471805599453,0.46153846153846156,0.0,1.0,0,1,2,0,0
220,631,0.006626501271454734,0.0,0.0,0.0,0.3333333333333333,0.0,0.0,0,1,1,1,0
220,632,0.07972998761430639,0.0,0.0,0.0,0.36363636363636365,0.0,1.0,10,1,2,0,0
220,633,0.06239235059198833,0.0,0.0,0.0,0.4,0.0,0.0,10,1,0,0,0
220,634,0.007866802539720299,0.0,0.0,0.0,0.42857142857142855,0.0,0.0,0,1,0,0,0
220,635,0.009055081631545713,0.0,0.0,0.6931471805599453,0.5,0.0,0.0,0,1,1,0,0
220,636,0.08265819997446618,0.0,0.0,0.0,0.5454545454545454,1.0,0.0,0,1,2,0,0
220,637,0.02051087897930594,0.0,0.0,0.0,0.2,0.0,1.0,0,1,1,0,0
220,638,0.0052836791784786705,0.0,0.0,0.0,0.5555555555555556,0.0,0.0,0,1,0,0,0
220,639,0.0074785246158017675,0.0,0.0,0.0,0.5,1.0,0.0,0,1,1,0,0
220,640,0.013591771676147543,0.0,0.7071067811865475,0.6931471805599453,0.2727272727272727,0.0,0.0,100,1,2,2,0
220,641,0.021935325690315567,0.0,0.7071067811865475,0.0,0.2,0.0,1.0,100,1,2,2,1
220,642,0.027400458101457567,0.0,0.0,0.0,0.6,0.0,0.0,0,1,2,0,0
220,643,0.017938911422498847,0.0,0.0,0.0,0.5714285714285714,0.0,1.0,0,1,1,0,0
220,644,0.007156565678280972,0.0,0.0,0.6931471805599453,0.42857142857142855,0.0,0.0,0,1,1,1,0
220,645,0.09631204393471735,0.0,0.0,0.0,0.42857142857142855,1.0,0.0,10,1,0,0,0
220,646,0.019083868965695104,0.0,0.0,0.0,0.625,0.0,0.0,0,1,1,0,0
220,647,0.005411470601653834,0.0,0.0,0.0,0.6666666666666666,0.0,0.0,0,1,1,0,0
220,648,0.011886214147416472,0.0,0.5773502691896258,0.0,0.2857142857142857,0.0,1.0,100,1,3,2,1
220,649,0.00532659817932814,0.0,0.0,0.0,0.5,0.0,0.0,0,1,1,0,0
220,650,0.06283488716199265,0.0,0.0,0.0,0.45454545454545453,1.0,0.0,20,1,2,0,0
220,651,0.0015496982776936747,0.0,0.0,0.0,0.375,1.0,0.0,0,1,1,0,0
220,652,0.03995022662223075,0.0,0.0,0.0,0.3333333333333333,0.0,1.0,0,1,1,0,0
220,653,0.026303776677034256,0.0,0.0,0.0,0.3333333333333333,0.0,0.0,10,1,1,0,0
220,654,0.5676104883619296,1.0,0.7071067811865475,0.0,0.45454545454545453,0.0,0.0,100,1,2,3,1
220,655,0.030722691471735238,0.0,0.0,0.6931471805599453,0.6666666666666666,0.0,0.0,0,1,3,0,1
220,656,0.02220109233719461,0.0,0.0,0.0,0.16666666666666666,0.0,1.0,0,1,2,0,0
220,657,0.011023004117646108,0.0,0.0,1.0986122886681098,0.75,0.0,0.0,0,1,3,0,0
220,658,0.02603742938194477,0.0,0.0,0.0,0.45454545454545453,1.0,0.0,0,1,2,0,0
220,659,0.0017770520486034614,0.0,0.0,0.0,0.2857142857142857,0.0,1.0,0,1,0,0,0
220,660,0.03667954060420158,0.0,0.0,0.0,0.7,0.0,0.0,10,1,2,0,0
220,661,0.5746066271369547,1.0,0.7071067811865475,0.0,0.25,0.0,1.0,100,1,2,3,0
220,662,0.062313305249509135,0.0,0.0,0.6931471805599453,0.7,0.0,0.0,0,1,2,0,0
220,663,0.006587349986041541,0.0,0.0,0.0,0.5,1.0,0.0,0,1,2,0,0
220,664,0.02443068240123434,0.0,0.0,0.6931471805599453,0.6,1.0,0.0,0,1,1,0,0
220,665,0.04813649597684271,0.0,0.0,0.6931471805599453,0.6666666666666666,0.0,0.0,0,1,3,0,0
220,666,0.2592033883799625,1.0,0.7071067811865475,0.0,0.4444444444444444,0.0,1.0,100,1,2,2,0
220,667,0.02962460580880614,0.0,0.0,0.6931471805599453,0.5833333333333334,0.0,0.0,10,1,2,1,0
220,668,0.03589919824873565,0.0,0.0,0.0,0.42857142857142855,0.0,0.0,10,1,2,0,0
220,669,0.006481089987624896,0.0,0.0,0.6931471805599453,0.42857142857142855,0.0,0.0,0,1,3,0,0
220,670,0.018699404669929334,0.0,0.0,0.0,0.2857142857142857,0.0,1.0,0,1,1,0,0
220,671,0.0856336477380129,0.0,0.0,0.6931471805599453,0.4444444444444444,0.0,0.0,0,1,1,0,0
220,672,0.014529589315777145,0.0,0.0,0.0,0.5714285714285714,1.0,0.0,10,1,1,0,0
220,673,0.013161198944905498,0.0,0.0,0.6931471805599453,0.2727272727272727,0.0,1.0,0,1,1,1,0
220,674,0.01713442297986043,0.0,0.0,0.0,0.25,0.0,1.0,10,1,1,1,0
220,675,0.026558262738496242,0.0,0.0,0.0,0.4444444444444444,1.0,0.0,0,1,1,0,0
220,676,0.010309437823223362,0.0,0.0,0.0,0.5,0.0,0.0,0,1,2,1,0
220,677,0.03878228193619532,0.0,0.0,0.6931471805599453,0.5,0.0,0.0,0,1,0,0,0
220,678,0.009316362591763497,0.0,0.0,0.0,0.5,0.0,0.0,0,1,0,0,0
220,679,0.026109988852507093,0.0,0.0,0.0,0.6666666666666666,0.0,0.0,10,1,1,0,0
220,680,0.041606532840955966,0.0,0.0,0.0,0.4166666666666667,0.0,1.0,0,1,2,0,0
220,681,0.03889748650415989,0.0,0.0,0.0,0.5,1.0,0.0,10,1,2,0,0
220,682,0.03650488449825822,0.0,0.0,0.6931471805599453,0.625,0.0,0.0,10,1,1,0,0
221,623,0.11061157385982634,0.5,0.0,1.0986122886681098,0.7142857142857143,0.0,0.0,35,0,8,2,1
221,624,0.0,0.0,0.0,0.0,0.2857142857142857,0.0,0.0,0,0,0,0,0
221,625,0.7829846901347721,1.0,0.0,0.0,0.25,0.0,0.0,35,0,0,3,1
221,626,0.09076753333755871,0.0,0.0,0.0,0.4,0.0,1.0,0,0,1,0,0
221,627,0.005773320976536295,0.0,0.0,0.0,0.3333333333333333,0.0,1.0,0,0,1,0,0
221,628,0.058839738901891245,0.0,0.0,0.0,0.6,0.0,0.0,0,0,1,0,0
221,629,0.0,0.0,0.0,0.0,0.25,0.0,1.0,0,0,1,0,0
221,630,0.034032769187678814,0.0,0.0,0.6931471805599453,0.46153846153846156,0.0,1.0,0,0,2,1,0
221,631,0.0,0.0,0.0,0.0,0.3333333333333333,0.0,0.0,0,0,1,0,1
221,632,0.005972288410855332,0.0,0.0,0.0,0.36363636363636365,0.0,1.0,0,0,2,1,1
221,633,0.0,0.0,0.0,0.0,0.4,0.0,0.0,0,0,0,0,0
221,634,0.0,0.0,0.0,0.0,0.42857142857142855,0.0,0.0,0,0,0,0,0
221,635,0.0,0.0,0.0,0.6931471805599453,0.5,0.0,0.0,0,0,1,0,0
221,636,0.011487769243890273,0.0,0.0,0.0,0.5454545454545454,1.0,0.0,0,0,2,0,1
221,637,0.015296915256701288,0.0,0.0,0.0,0.2,0.0,1.0,0,0,1,0,0
221,638,0.0,0.0,0.0,0.0,0.5555555555555556,0.0,0.0,0,0,0,0,0
221,639,0.0,0.0,0.0,0.0,0.5,1.0,0.0,0,0,1,1,0
221,640,0.10709140893450429,0.0,0.0,0.6931471805599453,0.3333333333333333,0.0,0.0,0,0,2,0,0
221,641,0.06250346783507259,0.0,0.0,0.0,0.2,0.0,1.0,0,0,2,0,0
221,642,0.0,0.0,0.0,0.0,0.6,0.0,0.0,0,0,2,0,0
221,643,0.005693130223171538,0.0,0.0,0.0,0.5714285714285714,0.0,1.0,0,0,1,0,0
221,644,0.010382236226559304,0.0,0.0,0.6931471805599453,0.42857142857142855,0.0,0.0,0,0,1,0,0
221,645,0.005199437092693224,0.0,0.0,0.0,0.42857142857142855,1.0,0.0,0,0,0,0,0
221,646,0.0,0.0,0.0,0.0,0.625,0.0,0.0,0,0,1,0,1
221,647,0.0025863185936932384,0.0,0.0,0.0,0.6666666666666666,0.0,0.0,0,0,1,0,0
221,648,0.0081951344574905,0.0,0.0,0.0,0.2857142857142857,0.0,1.0,0,0,3,0,0
221,649,0.0,0.0,0.0,0.0,0.5,0.0,0.0,0,0,1,1,0
221,650,0.0,0.0,0.0,0.0,0.45454545454545453,1.0,0.0,0,0,2,0,0
221,651,0.009344395586123364,0.0,0.0,0.0,0.375,1.0,0.0,0,0,1,0,0
221,652,0.08249349053813114,0.0,0.0,0.0,0.3333333333333333,0.0,1.0,0,0,1,0,0
221,653,0.005914685214905205,0.0,0.0,0.0,0.3333333333333333,0.0,0.0,0,0,1,0,0
221,654,0.0,0.0,0.0,0.0,0.45454545454545453,0.0,0.0,0,0,2,0,0
221,655,0.010702159469729973,0.0,0.0,0.6931471805599453,0.7,0.0,0.0,0,0,3,0,0
221,656,0.0,0.0,0.0,0.0,0.16666666666666666,0.0,1.0,10,0,2,0,0
221,657,0.0,0.0,0.0,1.0986122886681098,0.75,0.0,0.0,0,0,3,0,0
221,658,0.010487888832257273,0.0,0.0,0.0,0.45454545454545453,1.0,0.0,0,0,2,0,0
221,659,0.0,0.0,0.0,0.0,0.2857142857142857,0.0,1.0,0,0,0,1,0
221,660,0.0,0.0,0.0,0.0,0.7,0.0,0.0,0,0,2,1,0
221,661,0.0,0.0,0.0,0.0,0.25,0.0,1.0,0,0,2,0,0
221,662,0.002854432142564506,0.0,0.0,0.6931471805599453,0.7,0.0,0.0,0,0,2,0,1
221,663,0.005181407791794396,0.0,0.0,0.0,0.4444444444444444,1.0,0.0,0,0,2,0,0
221,664,0.02759136108665581,0.0,0.0,0.6931471805599453,0.6,1.0,0.0,0,0,1,0,0
221,665,0.0,0.0,0.0,0.6931471805599453,0.6666666666666666,0.0,0.0,0,0,3,0,1
221,666,0.006346904244645485,0.0,0.0,0.0,0.4444444444444444,0.0,1.0,0,0,2,0,0
221,667,0.0,0.0,0.0,0.6931471805599453,0.5833333333333334,0.0,0.0,0,0,2,0,0
221,668,0.0,0.0,0.0,0.0,0.42857142857142855,0.0,0.0,0,0,2,0,0
221,669,0.0,0.0,0.0,0.6931471805599453,0.42857142857142855,0.0,0.0,0,0,3,0,0
221,670,0.0,0.0,0.0,0.0,0.2857142857142857,0.0,1.0,0,0,1,0,0
221,671,0.004152963978891152,0.0,0.0,0.6931471805599453,0.4444444444444444,0.0,0.0,0,0,1,0,0
221,672,0.0,0.0,0.0,0.0,0.5714285714285714,1.0,0.0,0,0,1,0,0
221,673,0.03226804223270888,0.0,0.0,0.6931471805599453,0.2727272727272727,0.0,1.0,0,0,1,0,0
221,674,0.0,0.0,0.0,0.0,0.25,0.0,1.0,0,0,1,0,0
221,675,0.008609563933436013,0.0,0.0,0.0,0.4444444444444444,1.0,0.0,0,0,1,0,0
221,676,0.0,0.0,0.0,0.0,0.5,0.0,0.0,0,0,2,0,0
221,677,0.016061862603967744,0.0,0.0,0.6931471805599453,0.5,0.0,0.0,0,0,0,0,0
221,678,0.027674326000693694,0.0,0.0,0.0,0.5,0.0,0.0,0,0,0,0,0
221,679,0.0,0.0,0.0,0.0,0.6666666666666666,0.0,0.0,0,0,1,0,0
221,680,0.014494377330437742,0.0,0.0,0.0,0.38461538461538464,0.0,1.0,0,0,2,0,0
221,681,0.0,0.0,0.0,0.0,0.5,1.0,0.0,0,0,2,1,0
221,682,0.0,0.0,0.0,0.6931471805599453,0.625,0.0,0.0,0,0,1,0,0
222,623,0.12576355702992148,0.6,0.25,1.0986122886681098,0.7142857142857143,0.0,0.0,50,2,8,2,0
222,624,0.013823734375396541,0.0,0.0,0.0,0.2857142857142857,0.0,0.0,0,2,0,0,0
222,625,0.010809345591213274,0.0,0.0,0.0,0.25,0.0,0.0,0,2,0,0,0
222,626,0.051893421761696354,0.0,0.0,0.0,0.4,0.0,1.0,0,2,1,0,0
222,627,0.018530272119051717,0.0,0.0,0.0,0.3333333333333333,0.0,1.0,0,2,1,0,0
222,628,0.0,0.0,0.0,0.0,0.6,0.0,0.0,0,2,1,0,0
222,629,0.015074745455972954,0.0,0.0,0.0,0.25,0.0,1.0,0,2,1,0,0
222,630,0.021314656171241605,0.0,0.0,0.6931471805599453,0.46153846153846156,0.0,1.0,0,2,2,0,0
222,631,0.03508798289322234,0.0,0.0,0.0,0.3333333333333333,0.0,0.0,10,2,1,0,0
222,632,0.04086883042619627,0.0,0.0,0.0,0.36363636363636365,0.0,1.0,10,2,2,0,0
222,633,0.011726452204289715,0.0,0.0,0.0,0.4,0.0,0.0,10,2,0,1,0
222,634,0.007672932101119712,0.0,0.0,0.0,0.42857142857142855,0.0,0.0,0,2,0,1,0
222,635,0.014533336435110199,0.0,0.0,0.6931471805599453,0.5,0.0,0.0,10,2,1,1,0
222,636,0.0170492920387057,0.0,0.0,0.0,0.5454545454545454,1.0,0.0,0,2,2,1,0
222,637,0.04657635437383792,0.0,0.0,0.0,0.2,0.0,1.0,0,2,1,0,0
222,638,0.005099600689395258,0.0,0.0,0.0,0.625,0.0,0.0,0,2,0,1,0
222,639,0.008530480229573303,0.0,0.0,0.0,0.5,1.0,0.0,0,2,1,0,0
222,640,0.02773754150850718,0.0,0.0,0.6931471805599453,0.3333333333333333,0.0,0.0,0,2,2,1,0
222,641,0.03760080791679914,0.0,0.0,0.0,0.2,0.0,1.0,10,2,2,1,0
222,642,0.03668973064522461,0.0,0.5,0.0,0.6,0.0,0.0,50,2,2,2,1
222,643,0.024425296222354318,0.0,0.0,0.0,0.5714285714285714,0.0,1.0,10,2,1,0,0
222,644,0.0,0.0,0.0,0.6931471805599453,0.46153846153846156,0.0,0.0,0,2,1,0,0
222,645,0.035913126515514746,0.0,0.0,0.0,0.42857142857142855,1.0,0.0,10,2,0,0,0
222,646,0.03434918176142457,0.0,0.0,0.0,0.625,0.0,0.0,20,2,1,0,0
222,647,0.029250149262346935,0.0,0.0,0.0,0.6666666666666666,0.0,0.0,10,2,1,0,0
222,648,0.07442861225403904,0.2,0.4082482904638631,0.0,0.2857142857142857,0.0,1.0,50,2,3,3,0
222,649,0.008304931757059427,0.0,0.0,0.0,0.5,0.0,0.0,0,2,1,0,0
222,650,0.015645375962489744,0.0,0.0,0.0,0.45454545454545453,1.0,0.0,10,2,2,0,0
222,651,0.016476279109699423,0.0,0.7071067811865475,0.0,0.375,1.0,0.0,50,2,1,2,0
222,652,0.019859996211984213,0.0,0.0,0.0,0.3333333333333333,0.0,1.0,10,2,1,0,0
222,653,0.2674560088809612,0.8,0.7071067811865475,0.0,0.3333333333333333,0.0,0.0,50,2,1,2,0
222,654,0.03647328534402054,0.0,0.0,0.0,0.45454545454545453,0.0,0.0,10,2,2,1,1
222,655,0.05314893704846871,0.0,0.0,0.6931471805599453,0.7,0.0,0.0,10,2,3,1,1
222,656,0.006780692966596273,0.0,0.0,0.0,0.18181818181818182,0.0,1.0,0,2,2,1,0
222,657,0.026044016815210888,0.0,0.0,1.0986122886681098,0.75,0.0,0.0,10,2,3,0,0
222,658,0.0353743119801153,0.0,0.0,0.0,0.45454545454545453,1.0,0.0,10,2,2,0,0
222,659,0.0,0.0,0.0,0.0,0.2857142857142857,0.0,1.0,0,2,0,0,0
222,660,0.01138605399912696,0.0,0.0,0.0,0.7,0.0,0.0,10,2,2,0,0
222,661,0.036307800053480166,0.0,0.0,0.0,0.25,0.0,1.0,20,2,2,0,0
222,662,0.014467999885468328,0.0,0.0,0.6931471805599453,0.7,0.0,0.0,0,2,2,0,0
222,663,0.010867464064842718,0.0,0.0,0.0,0.4444444444444444,1.0,0.0,0,2,2,0,0
222,664,0.042735653675968224,0.0,0.7071067811865475,0.6931471805599453,0.6,1.0,0.0,50,2,1,2,0
222,665,0.038361739639043324,0.0,0.0,0.6931471805599453,0.6666666666666666,0.0,0.0,10,2,3,0,0
222,666,0.012531903889967597,0.0,0.0,0.0,0.4444444444444444,0.0,1.0,10,2,2,0,0
222,667,0.010573742372285675,0.0,0.0,0.6931471805599453,0.5833333333333334,0.0,0.0,0,2,2,0,0
222,668,0.009141675233660598,0.0,0.0,0.0,0.42857142857142855,0.0,0.0,10,2,2,0,1
222,669,0.02296117310971274,0.0,0.0,0.6931471805599453,0.42857142857142855,0.0,0.0,10,2,3,1,0
222,670,0.560626324002687,0.8,0.0,0.0,0.3333333333333333,0.0,1.0,35,2,1,3,0
222,671,0.0,0.0,0.0,0.6931471805599453,0.4444444444444444,0.0,0.0,0,2,1,0,0
222,672,0.013803758710740103,0.0,0.0,0.0,0.5714285714285714,1.0,0.0,10,2,1,1,0
222,673,0.0,0.0,0.0,0.6931471805599453,0.2727272727272727,0.0,1.0,0,2,1,0,0
222,674,0.042328477480428534,0.0,0.0,0.0,0.25,0.0,1.0,10,2,1,0,0
222,675,0.03372536925309939,0.0,0.0,0.0,0.4444444444444444,1.0,0.0,0,2,1,0,0
222,676,0.036941394532463236,0.0,0.0,0.0,0.5,0.0,0.0,0,2,2,0,0
222,677,0.007815559370928605,0.0,0.0,0.6931471805599453,0.5,0.0,0.0,0,2,0,0,0
222,678,0.01893930025040991,0.0,0.0,0.0,0.5,0.0,0.0,0,2,0,0,0
222,679,0.010471274560308639,0.0,0.0,0.0,0.6666666666666666,0.0,0.0,10,2,1,0,1
222,680,0.013373259067285122,0.0,0.0,0.0,0.38461538461538464,0.0,1.0,0,2,2,0,0
222,681,0.009594541229997597,0.0,0.0,0.0,0.5,1.0,0.0,10,2,2,0,0
222,682,0.00905083216124622,0.0,0.0,0.6931471805599453,0.625,0.0,0.0,10,2,1,0,0
223,623,0.3595146741727838,1.0,0.35355339059327373,1.0986122886681098,0.7142857142857143,0.0,0.0,100,1,8,2,0
223,624,0.0016060628129079063,0.0,0.0,0.0,0.2857142857142857,0.0,0.0,0,1,0,0,0
223,625,0.0,0.0,0.0,0.0,0.25,0.0,0.0,0,1,0,1,0
223,626,0.024326745002822926,0.0,0.0,0.0,0.4,0.0,1.0,0,1,1,0,0
223,627,0.0,0.0,0.0,0.0,0.3333333333333333,0.0,1.0,0,1,1,0,0
223,628,0.014055264919391727,0.0,0.0,0.0,0.6,0.0,0.0,0,1,1,0,0
223,629,0.0017513721213726137,0.0,0.0,0.0,0.25,0.0,1.0,0,1,1,0,0
223,630,0.5847423010429158,1.0,0.7071067811865475,0.6931471805599453,0.46153846153846156,0.0,1.0,100,1,2,3,0
223,631,0.017770941311888715,0.0,0.0,0.0,0.3333333333333333,0.0,0.0,0,1,1,0,0
223,632,0.5153896299592875,1.0,0.7071067811865475,0.0,0.36363636363636365,0.0,1.0,100,1,2,3,0
223,633,0.04790943727414136,0.0,0.0,0.0,0.4,0.0,0.0,0,1,0,0,0
223,634,0.00992661025213768,0.0,0.0,0.0,0.42857142857142855,0.0,0.0,0,1,0,0,0
223,635,0.015548092190370164,0.0,0.0,0.6931471805599453,0.5,0.0,0.0,0,1,1,0,0
223,636,0.010899835139214697,0.0,0.0,0.0,0.5454545454545454,1.0,0.0,0,1,2,0,0
223,637,0.028616925980910098,0.0,0.0,0.0,0.2,0.0,1.0,0,1,1,0,0
223,638,0.006875195503102053,0.0,0.0,0.0,0.5555555555555556,0.0,0.0,0,1,0,0,1
223,639,0.6718647566425348,1.0,1.0,0.0,0.5,1.0,0.0,100,1,1,3,1
223,640,0.013089400415391977,0.0,0.0,0.6931471805599453,0.3333333333333333,0.0,0.0,0,1,2,0,0
223,641,0.01603890350937869,0.0,0.0,0.0,0.2,0.0,1.0,0,1,2,0,0
223,642,0.04053238700996884,0.0,0.0,0.0,0.6,0.0,0.0,0,1,2,0,0
223,643,0.011006618011107666,0.0,0.0,0.0,0.5714285714285714,0.0,1.0,0,1,1,0,0
223,644,0.010289763826067513,0.0,0.0,0.6931471805599453,0.42857142857142855,0.0,0.0,0,1,1,0,0
223,645,0.03084358115074665,0.0,0.0,0.0,0.42857142857142855,1.0,0.0,0,1,0,0,0
223,646,0.006137519280266248,0.0,0.0,0.0,0.625,0.0,0.0,0,1,1,0,0
223,647,0.0016963984697674806,0.0,0.0,0.0,0.6666666666666666,0.0,0.0,0,1,1,0,0
223,648,0.004245672087170447,0.0,0.0,0.0,0.2857142857142857,0.0,1.0,0,1,3,0,0
223,649,0.648172237456803,1.0,1.0,0.0,0.5,0.0,0.0,100,1,1,3,1
223,650,0.0189890901395574,0.0,0.0,0.0,0.45454545454545453,1.0,0.0,0,1,2,0,0
223,651,0.002953140129350145,0.0,0.0,0.0,0.375,1.0,0.0,0,1,1,0,0
223,652,0.008386532439782487,0.0,0.0,0.0,0.3333333333333333,0.0,1.0,0,1,1,0,0
223,653,0.03028985799885578,0.0,0.0,0.0,0.3333333333333333,0.0,0.0,0,1,1,0,0
223,654,0.01493205955535477,0.0,0.0,0.0,0.45454545454545453,0.0,0.0,0,1,2,0,0
223,655,0.02525607028879589,0.0,0.0,0.6931471805599453,0.7,0.0,0.0,0,1,3,0,0
223,656,0.011340671926218609,0.0,0.0,0.0,0.16666666666666666,0.0,1.0,10,1,2,0,0
223,657,0.00512134310426508,0.0,0.0,1.0986122886681098,0.75,0.0,0.0,0,1,3,0,0
223,658,0.020283307365873735,0.0,0.0,0.0,0.45454545454545453,1.0,0.0,0,1,2,0,0
223,659,0.6251996278696441,0.75,0.0,0.0,0.2857142857142857,0.0,1.0,35,1,0,3,0
223,660,0.37045818291130395,1.0,0.7071067811865475,0.0,0.7,0.0,0.0,100,1,2,3,1
223,661,0.012044154243662264,0.0,0.0,0.0,0.25,0.0,1.0,0,1,2,0,0
223,662,0.01134519397809718,0.0,0.0,0.6931471805599453,0.7,0.0,0.0,0,1,2,0,0
223,663,0.013033970721275562,0.0,0.0,0.0,0.4444444444444444,1.0,0.0,0,1,2,0,0
223,664,0.007838664397529053,0.0,0.0,0.6931471805599453,0.6,1.0,0.0,0,1,1,0,0
223,665,0.0,0.0,0.0,0.6931471805599453,0.6666666666666666,0.0,0.0,0,1,3,0,0
223,666,0.017759758283052218,0.0,0.0,0.0,0.4444444444444444,0.0,1.0,0,1,2,0,0
223,667,0.025460833170351048,0.0,0.0,0.6931471805599453,0.5833333333333334,0.0,0.0,0,1,2,0,0
223,668,0.031926252994016496,0.0,0.7071067811865475,0.0,0.42857142857142855,0.0,0.0,100,1,2,0,0
223,669,0.029721048930698914,0.0,0.0,0.6931471805599453,0.42857142857142855,0.0,0.0,10,1,3,0,0
223,670,0.02557511626773921,0.0,0.0,0.0,0.2857142857142857,0.0,1.0,0,1,1,0,0
223,671,0.009056760127680136,0.0,0.0,0.6931471805599453,0.4444444444444444,0.0,0.0,0,1,1,0,0
223,672,0.02121987303499629,0.0,0.0,0.0,0.5714285714285714,1.0,0.0,0,1,1,0,0
223,673,0.018732227040143157,0.0,0.0,0.6931471805599453,0.2727272727272727,0.0,1.0,0,1,1,0,0
223,674,0.0269248211208426,0.0,0.0,0.0,0.25,0.0,1.0,0,1,1,0,0
223,675,0.007361095108386285,0.0,0.0,0.0,0.4444444444444444,1.0,0.0,0,1,1,0,0
223,676,0.012615629983479123,0.0,0.0,0.0,0.5,0.0,0.0,0,1,2,0,0
223,677,0.004859647548222968,0.0,0.0,0.6931471805599453,0.5,0.0,0.0,0,1,0,0,0
223,678,0.004532998957806466,0.0,0.0,0.0,0.5,0.0,0.0,0,1,0,0,0
223,679,0.024196871873018905,0.0,0.0,0.0,0.6666666666666666,0.0,0.0,0,1,1,0,0
223,680,0.0,0.0,0.0,0.0,0.38461538461538464,0.0,1.0,0,1,2,0,0
223,681,0.2620981840411646,1.0,0.7071067811865475,0.0,0.5,1.0,0.0,100,1,2,3,0
223,682,0.0282852105745813,0.0,0.0,0.6931471805599453,0.625,0.0,0.0,0,1,1,0,0
224,623,0.2977111291686284,1.0,0.0,1.0986122886681098,0.7142857142857143,0.0,0.0,35,0,8,2,0
224,624,0.0,0.0,0.0,0.0,0.2857142857142857,0.0,0.0,0,0,0,0,0
224,625,0.0007514020842805184,0.0,0.0,0.0,0.25,0.0,0.0,0,0,0,1,0
224,626,0.0,0.0,0.0,0.0,0.4,0.0,1.0,0,0,1,0,0
224,627,0.0,0.0,0.0,0.0,0.3333333333333333,0.0,1.0,0,0,1,0,0
224,628,0.0,0.0,0.0,0.0,0.6,0.0,0.0,0,0,1,0,0
224,629,0.0,0.0,0.0,0.0,0.25,0.0,1.0,0,0,1,0,0
224,630,0.4319240340637267,1.0,0.0,0.6931471805599453,0.4166666666666667,0.0,1.0,35,0,2,3,0
224,631,0.01118225031052049,0.0,0.0,0.0,0.3333333333333333,0.0,0.0,0,0,1,0,1
224,632,0.2936907401764874,1.0,0.0,0.0,0.4,0.0,1.0,35,0,2,3,0
224,633,0.004484573782020133,0.0,0.0,0.0,0.4,0.0,0.0,0,0,0,0,0
224,634,0.003153428484221159,0.0,0.0,0.0,0.42857142857142855,0.0,0.0,0,0,0,0,0
224,635,0.003980297644787686,0.0,0.0,0.6931471805599453,0.5,0.0,0.0,0,0,1,0,0
224,636,0.0036694366638558794,0.0,0.0,0.0,0.5454545454545454,1.0,0.0,0,0,2,0,0
224,637,0.012992467737994846,0.0,0.0,0.0,0.2,0.0,1.0,0,0,1,0,0
224,638,0.0,0.0,0.0,0.0,0.5555555555555556,0.0,0.0,0,0,0,0,0
224,639,0.6826376648684714,1.0,0.0,0.0,0.5,1.0,0.0,35,0,1,3,1
224,640,0.002453690987233761,0.0,0.0,0.6931471805599453,0.3333333333333333,0.0,0.0,0,0,2,0,0
224,641,0.0,0.0,0.0,0.0,0.2,0.0,1.0,0,0,2,0,0
224,642,0.0232146554539357,0.0,0.0,0.0,0.6,0.0,0.0,0,0,2,0,0
224,643,0.0,0.0,0.0,0.0,0.5714285714285714,0.0,1.0,0,0,1,0,0
224,644,0.0,0.0,0.0,0.6931471805599453,0.42857142857142855,0.0,0.0,0,0,1,0,0
224,645,0.00577816568317487,0.0,0.0,0.0,0.42857142857142855,1.0,0.0,0,0,0,0,0
224,646,0.0099323087159071,0.0,0.0,0.0,0.625,0.0,0.0,0,0,1,0,0
224,647,0.0,0.0,0.0,0.0,0.6666666666666666,0.0,0.0,0,0,1,0,0
224,648,0.0,0.0,0.0,0.0,0.2857142857142857,0.0,1.0,0,0,3,0,0
224,649,0.5721874080348359,1.0,0.0,0.0,0.5,0.0,0.0,35,0,1,3,1
224,650,0.008552688862852525,0.0,0.0,0.0,0.45454545454545453,1.0,0.0,0,0,2,0,1
224,651,0.0,0.0,0.0,0.0,0.375,1.0,0.0,0,0,1,0,0
224,652,0.0,0.0,0.0,0.0,0.3333333333333333,0.0,1.0,0,0,1,0,0
224,653,0.010130174651682242,0.0,0.0,0.0,0.3333333333333333,0.0,0.0,0,0,1,0,0
224,654,0.0,0.0,0.0,0.0,0.45454545454545453,0.0,0.0,0,0,2,0,1
224,655,0.026834808522522163,0.0,0.0,0.6931471805599453,0.7,0.0,0.0,0,0,3,0,0
224,656,0.0,0.0,0.0,0.0,0.16666666666666666,0.0,1.0,10,0,2,0,0
224,657,0.0,0.0,0.0,1.0986122886681098,0.75,0.0,0.0,0,0,3,0,0
224,658,0.0,0.0,0.0,0.0,0.45454545454545453,1.0,0.0,0,0,2,0,0
224,659,0.6684847162537569,0.75,0.0,0.0,0.2857142857142857,0.0,1.0,35,0,0,3,1
224,660,0.23078260559836017,1.0,0.0,0.0,0.6666666666666666,0.0,0.0,35,0,2,3,0
224,661,0.0,0.0,0.0,0.0,0.25,0.0,1.0,0,0,2,0,0
224,662,0.004541711626220478,0.0,0.0,0.6931471805599453,0.7,0.0,0.0,0,0,2,0,0
224,663,0.0041402229255992845,0.0,0.0,0.0,0.4444444444444444,1.0,0.0,0,0,2,0,0
224,664,0.0,0.0,0.0,0.6931471805599453,0.6,1.0,0.0,0,0,1,0,0
224,665,0.0,0.0,0.0,0.6931471805599453,0.6666666666666666,0.0,0.0,0,0,3,0,0
224,666,0.0012175030008129864,0.0,0.0,0.0,0.4444444444444444,0.0,1.0,0,0,2,0,0
224,667,0.010683981143242214,0.0,0.0,0.6931471805599453,0.5833333333333334,0.0,0.0,0,0,2,0,1
224,668,0.0013773903042507871,0.0,0.0,0.0,0.42857142857142855,0.0,0.0,0,0,2,0,1
224,669,0.05003598930479071,0.0,0.0,0.6931471805599453,0.42857142857142855,0.0,0.0,10,0,3,0,0
224,670,0.003567342225746179,0.0,0.0,0.0,0.2857142857142857,0.0,1.0,0,0,1,0,0
224,671,0.0019923877507551273,0.0,0.0,0.6931471805599453,0.4444444444444444,0.0,0.0,0,0,1,0,0
224,672,0.05808483278959907,0.0,0.0,0.0,0.5714285714285714,1.0,0.0,0,0,1,0,0
224,673,0.0,0.0,0.0,0.6931471805599453,0.2727272727272727,0.0,1.0,0,0,1,0,0
224,674,0.010952770358218228,0.0,0.0,0.0,0.25,0.0,1.0,0,0,1,0,0
224,675,0.004969933513941051,0.0,0.0,0.0,0.4444444444444444,1.0,0.0,0,0,1,0,0
224,676,0.00557374758320255,0.0,0.0,0.0,0.5,0.0,0.0,0,0,2,0,0
224,677,0.0,0.0,0.0,0.6931471805599453,0.5,0.0,0.0,0,0,0,0,0
224,678,0.001637123150506149,0.0,0.0,0.0,0.42857142857142855,0.0,0.0,0,0,0,0,0
224,679,0.0,0.0,0.0,0.0,0.6666666666666666,0.0,0.0,0,0,1,0,1
224,680,0.007848724712992031,0.0,0.0,0.0,0.38461538461538464,0.0,1.0,0,0,2,0,0
224,681,0.22708751653516984,1.0,0.0,0.0,0.46153846153846156,1.0,0.0,35,0,2,3,1
224,682,0.0,0.0,0.0,0.6931471805599453,0.625,0.0,0.0,0,0,1,0,1
225,623,0.021770561973614096,0.0,0.0,1.0986122886681098,0.7142857142857143,0.0,0.0,10,1,8,1,0
225,624,0.0031833223726347067,0.0,0.0,0.0,0.2857142857142857,0.0,0.0,0,1,0,0,0
225,625,0.02909088479774894,0.0,0.0,0.0,0.25,0.0,0.0,10,1,0,0,0
225,626,0.020632586054509027,0.0,0.0,0.0,0.4,0.0,1.0,0,1,1,0,0
225,627,0.01146160107411271,0.0,0.0,0.0,0.3333333333333333,0.0,1.0,0,1,1,0,0
225,628,0.0014529725864099005,0.0,0.0,0.0,0.6,0.0,0.0,0,1,1,0,0
225,629,0.0020247428472610226,0.0,0.0,0.0,0.25,0.0,1.0,0,1,1,0,0
225,630,0.03017272572878202,0.0,0.0,0.6931471805599453,0.46153846153846156,0.0,1.0,10,1,2,0,0
225,631,0.012299533880348063,0.0,0.0,0.0,0.3333333333333333,0.0,0.0,0,1,1,0,0
225,632,0.014414669989148905,0.0,0.0,0.0,0.36363636363636365,0.0,1.0,0,1,2,0,0
225,633,0.1117343734453708,0.0,0.0,0.0,0.4,0.0,0.0,10,1,0,0,0
225,634,0.13693261666184026,0.0,0.0,0.0,0.42857142857142855,0.0,0.0,0,1,0,0,1
225,635,0.07731483779755428,0.0,0.0,0.6931471805599453,0.5,0.0,0.0,0,1,1,0,0
225,636,0.07728588494134908,0.0,0.0,0.0,0.5454545454545454,1.0,0.0,0,1,2,1,1
225,637,0.013587263465959147,0.0,0.0,0.0,0.2,0.0,1.0,0,1,1,0,0
225,638,0.1221523173790025,0.0,0.0,0.0,0.5555555555555556,0.0,0.0,0,1,0,0,0
225,639,0.00824244013447512,0.0,0.0,0.0,0.5,1.0,0.0,0,1,1,0,0
225,640,0.05526777390606869,0.0,0.0,0.6931471805599453,0.3333333333333333,0.0,0.0,10,1,2,0,0
225,641,0.055711990473239284,0.0,0.0,0.0,0.2,0.0,1.0,10,1,2,0,0
225,642,0.0099969776550934,0.0,0.0,0.0,0.6,0.0,0.0,0,1,2,0,0
225,643,0.005448539236924064,0.0,0.0,0.0,0.5714285714285714,0.0,1.0,0,1,1,1,0
225,644,0.00142767776473315,0.0,0.0,0.6931471805599453,0.42857142857142855,0.0,0.0,0,1,1,0,0
225,645,0.007567670699586634,0.0,0.0,0.0,0.42857142857142855,1.0,0.0,0,1,0,0,0
225,646,0.001042621826098264,0.0,0.0,0.0,0.625,0.0,0.0,0,1,1,0,0
225,647,0.1359671486941306,1.0,0.0,0.0,0.6666666666666666,0.0,0.0,35,1,1,3,1
225,648,0.0234658202539536,0.0,0.0,0.0,0.2857142857142857,0.0,1.0,0,1,3,0,0
225,649,0.00736504775420733,0.0,0.0,0.0,0.5,0.0,0.0,0,1,1,0,0
225,650,0.0027176011156944007,0.0,0.0,0.0,0.45454545454545453,1.0,0.0,0,1,2,0,0
225,651,0.007296912044427376,0.0,0.0,0.0,0.375,1.0,0.0,10,1,1,0,0
225,652,0.05375216860638755,0.0,0.0,0.0,0.3333333333333333,0.0,1.0,10,1,1,0,0
225,653,0.001740490265154752,0.0,0.0,0.0,0.3333333333333333,0.0,0.0,0,1,1,0,0
225,654,0.026927739795449254,0.0,0.0,0.0,0.45454545454545453,0.0,0.0,10,1,2,0,0
225,655,0.023348885617621728,0.0,0.0,0.6931471805599453,0.7,0.0,0.0,10,1,3,0,0
225,656,0.07806041370752641,0.0,0.0,0.0,0.16666666666666666,0.0,1.0,20,1,2,0,0
225,657,0.003383430450978778,0.0,0.0,1.0986122886681098,0.75,0.0,0.0,0,1,3,0,0
225,658,0.008671513772281888,0.0,0.0,0.0,0.45454545454545453,1.0,0.0,0,1,2,1,0
225,659,0.007042945991557437,0.0,0.0,0.0,0.2857142857142857,0.0,1.0,0,1,0,0,0
225,660,0.0075371300485740245,0.0,0.0,0.0,0.7,0.0,0.0,0,1,2,0,0
225,661,0.03156687610353777,0.0,0.0,0.0,0.25,0.0,1.0,0,1,2,1,0
225,662,0.012480060106203256,0.0,0.0,0.6931471805599453,0.7,0.0,0.0,0,1,2,1,0
225,663,0.005296221359928087,0.0,0.0,0.0,0.4444444444444444,1.0,0.0,10,1,2,0,0
225,664,0.003867816158398228,0.0,0.0,0.6931471805599453,0.6,1.0,0.0,0,1,1,0,0
225,665,0.0377055793686344,0.0,0.5773502691896258,0.6931471805599453,0.625,0.0,0.0,100,1,3,2,1
225,666,0.0160697979780183,0.0,0.0,0.0,0.4444444444444444,0.0,1.0,10,1,2,1,0
225,667,0.006892347233024131,0.0,0.0,0.6931471805599453,0.5833333333333334,0.0,0.0,0,1,2,0,0
225,668,0.0015424664562265903,0.0,0.0,0.0,0.42857142857142855,0.0,0.0,0,1,2,0,0
225,669,0.042272028773785296,0.0,0.0,0.6931471805599453,0.5,0.0,0.0,10,1,3,0,0
225,670,0.0016869054858408507,0.0,0.0,0.0,0.2857142857142857,0.0,1.0,0,1,1,0,0
225,671,0.004733060844020928,0.0,0.0,0.6931471805599453,0.4444444444444444,0.0,0.0,0,1,1,1,0
225,672,0.002703254044988194,0.0,0.0,0.0,0.5714285714285714,1.0,0.0,0,1,1,0,0
225,673,0.0015156524971601615,0.0,0.0,0.6931471805599453,0.2727272727272727,0.0,1.0,0,1,1,0,0
225,674,0.0016102635642208586,0.0,0.0,0.0,0.2857142857142857,0.0,1.0,0,1,1,0,0
225,675,0.030824257458091302,0.0,0.0,0.0,0.4444444444444444,1.0,0.0,10,1,1,0,0
225,676,0.008720220341337084,0.0,0.0,0.0,0.5,0.0,0.0,0,1,2,0,0
225,677,0.04308471085171811,0.0,0.0,0.6931471805599453,0.5,0.0,0.0,0,1,0,2,0
225,678,0.024350630928844205,0.0,0.0,0.0,0.5,0.0,0.0,10,1,0,0,0
225,679,0.0016754981578572927,0.0,0.0,0.0,0.6666666666666666,0.0,0.0,0,1,1,0,0
225,680,0.031038147322147755,0.0,0.0,0.0,0.38461538461538464,0.0,1.0,0,1,2,0,0
225,681,0.03494289393383651,0.0,0.7071067811865475,0.0,0.5,1.0,0.0,100,1,2,1,0
225,682,0.0015883122802468463,0.0,0.0,0.6931471805599453,0.625,0.0,0.0,0,1,1,0,1
226,623,0.04030147187900681,0.0,0.0,1.0986122886681098,0.7142857142857143,0.0,0.0,0,1,8,0,0
226,624,0.0026834127688766737,0.0,0.0,0.0,0.2857142857142857,0.0,0.0,10,1,0,0,0
226,625,0.0005854142673015072,0.0,0.0,0.0,0.25,0.0,0.0,0,1,0,0,0
226,626,0.03574683747602034,0.0,0.0,0.0,0.4,0.0,1.0,0,1,1,0,0
226,627,0.0,0.0,0.0,0.0,0.3333333333333333,0.0,1.0,0,1,1,0,0
226,628,0.007732380768329961,0.0,0.0,0.0,0.6,0.0,0.0,0,1,1,0,0
226,629,0.0029261958347922864,0.0,0.0,0.0,0.25,0.0,1.0,10,1,1,0,0
226,630,0.0736655612428308,0.0,0.0,0.6931471805599453,0.46153846153846156,0.0,1.0,0,1,2,0,0
226,631,0.028795306232194565,0.0,0.0,0.0,0.3333333333333333,0.0,0.0,0,1,1,0,0
226,632,0.13475417320147412,0.0,0.0,0.0,0.36363636363636365,0.0,1.0,10,1,2,0,0
226,633,0.5700576022551094,1.0,0.0,0.0,0.4,0.0,0.0,35,1,0,3,0
226,634,0.06339445384065918,0.0,0.0,0.0,0.42857142857142855,0.0,0.0,0,1,0,2,0
226,635,0.05541515787750975,0.0,1.0,0.6931471805599453,0.5,0.0,0.0,100,1,1,2,0
226,636,0.08863094998146157,0.0,0.7071067811865475,0.0,0.5454545454545454,1.0,0.0,100,1,2,2,0
226,637,0.027293175502018797,0.0,0.0,0.0,0.2,0.0,1.0,10,1,1,0,0
226,638,0.05771107625350174,0.0,0.0,0.0,0.625,0.0,0.0,0,1,0,2,0
226,639,0.05779611031687242,0.0,0.0,0.0,0.5,1.0,0.0,10,1,1,0,0
226,640,0.03951817078192391,0.0,0.7071067811865475,0.6931471805599453,0.3333333333333333,0.0,0.0,100,1,2,2,0
226,641,0.04397541056009029,0.0,0.0,0.0,0.2,0.0,1.0,10,1,2,0,0
226,642,0.020463746121892865,0.0,0.0,0.0,0.6,0.0,0.0,0,1,2,0,0
226,643,0.018012844085176574,0.0,0.0,0.0,0.5714285714285714,0.0,1.0,0,1,1,0,0
226,644,0.004748435489514976,0.0,0.0,0.6931471805599453,0.42857142857142855,0.0,0.0,0,1,1,0,0
226,645,0.058228363195401464,0.0,0.0,0.0,0.42857142857142855,1.0,0.0,10,1,0,0,0
226,646,0.0,0.0,0.0,0.0,0.625,0.0,0.0,0,1,1,0,0
226,647,0.0402275063438609,0.0,0.0,0.0,0.6666666666666666,0.0,0.0,10,1,1,0,0
226,648,0.05793086522060406,0.0,0.0,0.0,0.2857142857142857,0.0,1.0,10,1,3,1,1
226,649,0.057667341026131684,0.0,0.0,0.0,0.5,0.0,0.0,10,1,1,0,0
226,650,0.043628848047002386,0.0,0.0,0.0,0.45454545454545453,1.0,0.0,10,1,2,0,0
226,651,0.0,0.0,0.0,0.0,0.42857142857142855,1.0,0.0,0,1,1,1,0
226,652,0.0,0.0,0.0,0.0,0.3333333333333333,0.0,1.0,0,1,1,0,0
226,653,0.010808484353342616,0.0,0.0,0.0,0.36363636363636365,0.0,0.0,10,1,1,0,0
226,654,0.08512202786690413,0.0,0.7071067811865475,0.0,0.45454545454545453,0.0,0.0,100,1,2,2,0
226,655,0.027899828539257064,0.0,0.0,0.6931471805599453,0.7,0.0,0.0,0,1,3,0,0
226,656,0.2077426667721384,0.75,0.7071067811865475,0.0,0.16666666666666666,0.0,1.0,100,1,2,3,0
226,657,0.008556749692062908,0.0,0.0,1.0986122886681098,0.75,0.0,0.0,0,1,3,0,0
226,658,0.02186308155470185,0.0,0.0,0.0,0.45454545454545453,1.0,0.0,0,1,2,0,0
226,659,0.029636925689636856,0.0,0.0,0.0,0.3076923076923077,0.0,1.0,0,1,0,0,0
226,660,0.07861840441015515,0.0,0.0,0.0,0.7,0.0,0.0,10,1,2,0,0
226,661,0.07331737465771969,0.0,0.0,0.0,0.25,0.0,1.0,10,1,2,0,0
226,662,0.015022400493936917,0.0,0.0,0.6931471805599453,0.7,0.0,0.0,10,1,2,0,0
226,663,0.0,0.0,0.0,0.0,0.4444444444444444,1.0,0.0,0,1,2,0,0
226,664,0.0,0.0,0.0,0.6931471805599453,0.5555555555555556,1.0,0.0,0,1,1,1,0
226,665,0.0,0.0,0.0,0.6931471805599453,0.6666666666666666,0.0,0.0,0,1,3,0,0
226,666,0.0411480136616665,0.0,0.0,0.0,0.4444444444444444,0.0,1.0,20,1,2,0,0
226,667,0.005322811421882736,0.0,0.0,0.6931471805599453,0.5833333333333334,0.0,0.0,0,1,2,0,0
226,668,0.04180446354150909,0.0,0.0,0.0,0.42857142857142855,0.0,0.0,10,1,2,0,0
226,669,0.04721100242736371,0.0,0.5773502691896258,0.6931471805599453,0.42857142857142855,0.0,0.0,100,1,3,1,0
226,670,0.01847707667613204,0.0,0.0,0.0,0.2857142857142857,0.0,1.0,0,1,1,0,0
226,671,0.0038302694637783814,0.0,0.0,0.6931471805599453,0.4444444444444444,0.0,0.0,0,1,1,0,0
226,672,0.0009571371847016883,0.0,0.0,0.0,0.5714285714285714,1.0,0.0,0,1,1,0,0
226,673,0.00864218889856,0.0,0.0,0.6931471805599453,0.2727272727272727,0.0,1.0,0,1,1,0,0
226,674,0.03675304832948944,0.0,0.0,0.0,0.25,0.0,1.0,10,1,1,0,0
226,675,0.030276645208739007,0.0,0.0,0.0,0.4444444444444444,1.0,0.0,10,1,1,0,0
226,676,0.028095663453021714,0.0,0.0,0.0,0.5,0.0,0.0,0,1,2,0,0
226,677,0.0,0.0,0.0,0.6931471805599453,0.5,0.0,0.0,0,1,0,0,0
226,678,0.0,0.0,0.0,0.0,0.5,0.0,0.0,0,1,0,0,0
226,679,0.03517154143851989,0.0,0.0,0.0,0.6666666666666666,0.0,0.0,10,1,1,0,0
226,680,0.022544860751690814,0.0,0.0,0.0,0.38461538461538464,0.0,1.0,0,1,2,0,0
226,681,0.03542599635380728,0.0,0.0,0.0,0.5,1.0,0.0,20,1,2,0,0
226,682,0.05536349261987077,0.0,0.0,0.6931471805599453,0.625,0.0,0.0,10,1,1,0,0
227,623,0.04611445946812249,0.0,0.0,1.0986122886681098,0.7142857142857143,0.0,0.0,0,1,8,1,0
227,624,0.0,0.0,0.0,0.0,0.2857142857142857,0.0,0.0,0,1,0,0,0
227,625,0.011648192543456889,0.0,0.0,0.0,0.25,0.0,0.0,0,1,0,0,0
227,626,0.010195984040931033,0.0,0.0,0.0,0.4,0.0,1.0,0,1,1,1,0
227,627,0.0,0.0,0.0,0.0,0.3333333333333333,0.0,1.0,0,1,1,0,0
227,628,0.027644835403175354,0.0,1.0,0.0,0.6,0.0,0.0,100,1,1,2,0
227,629,0.0,0.0,0.0,0.0,0.25,0.0,1.0,0,1,1,0,0
227,630,0.0318643152198732,0.0,0.0,0.6931471805599453,0.46153846153846156,0.0,1.0,0,1,2,0,0
227,631,0.619540446941905,1.0,1.0,0.0,0.3333333333333333,0.0,0.0,100,1,1,3,0
227,632,0.02903422266805699,0.0,0.0,0.0,0.36363636363636365,0.0,1.0,10,1,2,0,0
227,633,0.009661926131359378,0.0,0.0,0.0,0.4444444444444444,0.0,0.0,0,1,0,0,1
227,634,0.0011224480767966852,0.0,0.0,0.0,0.42857142857142855,0.0,0.0,0,1,0,0,0
227,635,0.003542079393174867,0.0,0.0,0.6931471805599453,0.5,0.0,0.0,0,1,1,0,0
227,636,0.0054001200120942505,0.0,0.0,0.0,0.5454545454545454,1.0,0.0,0,1,2,0,0
227,637,0.01902271092055055,0.0,0.0,0.0,0.2,0.0,1.0,0,1,1,0,0
227,638,0.0,0.0,0.0,0.0,0.5555555555555556,0.0,0.0,0,1,0,0,0
227,639,0.0611709325648879,0.0,0.0,0.0,0.5,1.0,0.0,0,1,1,0,0
227,640,0.019444224929680988,0.0,0.0,0.6931471805599453,0.3333333333333333,0.0,0.0,0,1,2,1,0
227,641,0.01171526586672466,0.0,0.0,0.0,0.2,0.0,1.0,0,1,2,1,0
227,642,0.005708494703112162,0.0,0.0,0.0,0.6,0.0,0.0,0,1,2,0,0
227,643,0.02847354698421716,0.0,0.0,0.0,0.5714285714285714,0.0,1.0,10,1,1,0,0
227,644,0.023579947952028314,0.0,1.0,0.0,0.38461538461538464,0.0,0.0,100,1,1,2,0
227,645,0.011796013897995008,0.0,0.0,0.0,0.5,1.0,0.0,0,1,0,0,1
227,646,0.024653764315275994,0.0,0.0,0.0,0.625,0.0,0.0,10,1,1,0,0
227,647,0.03277447915830562,0.0,0.0,0.0,0.6666666666666666,0.0,0.0,10,1,1,0,0
227,648,0.017978230064604358,0.0,0.0,0.0,0.2857142857142857,0.0,1.0,10,1,3,1,0
227,649,0.029789251607486043,0.0,0.0,0.0,0.5,0.0,0.0,0,1,1,0,0
227,650,0.0052489215412303515,0.0,0.0,0.0,0.45454545454545453,1.0,0.0,10,1,2,0,0
227,651,0.0,0.0,0.0,0.0,0.375,1.0,0.0,0,1,1,0,0
227,652,0.020016699684550165,0.0,0.0,0.0,0.3333333333333333,0.0,1.0,10,1,1,0,0
227,653,0.03185740595374413,0.0,0.0,0.0,0.3333333333333333,0.0,0.0,0,1,1,0,0
227,654,0.001761419681098561,0.0,0.0,0.0,0.45454545454545453,0.0,0.0,0,1,2,1,1
227,655,0.02752591751835883,0.0,0.0,0.6931471805599453,0.7,0.0,0.0,20,1,3,0,0
227,656,0.011781345618577152,0.0,0.0,0.0,0.16666666666666666,0.0,1.0,0,1,2,0,0
227,657,0.003380517534754452,0.0,0.0,1.0986122886681098,0.75,0.0,0.0,0,1,3,0,0
227,658,0.04137895078127313,0.0,0.0,0.0,0.45454545454545453,1.0,0.0,10,1,2,0,0
227,659,0.05774456754043961,0.0,0.0,0.0,0.2857142857142857,0.0,1.0,0,1,0,0,0
227,660,0.01945922599585371,0.0,0.0,0.0,0.7,0.0,0.0,0,1,2,0,1
227,661,0.008494534893957208,0.0,0.0,0.0,0.25,0.0,1.0,10,1,2,1,0
227,662,0.0057435867389091545,0.0,0.0,0.6931471805599453,0.7,0.0,0.0,0,1,2,0,0
227,663,0.009996615945129671,0.0,0.0,0.0,0.4444444444444444,1.0,0.0,10,1,2,0,0
227,664,0.01102984651575233,0.0,0.0,0.6931471805599453,0.6,1.0,0.0,0,1,1,0,0
227,665,0.00927147341205871,0.0,0.0,0.6931471805599453,0.6666666666666666,0.0,0.0,20,1,3,0,1
227,666,0.00575361824654025,0.0,0.0,0.0,0.4444444444444444,0.0,1.0,0,1,2,1,0
227,667,0.06485983772449117,0.0,0.7071067811865475,0.0,0.5454545454545454,0.0,0.0,100,1,2,2,1
227,668,0.015442260725487437,0.0,0.0,0.0,0.42857142857142855,0.0,0.0,0,1,2,0,0
227,669,0.009490721898844602,0.0,0.0,0.6931471805599453,0.42857142857142855,0.0,0.0,10,1,3,0,0
227,670,0.02325612917741704,0.0,0.0,0.0,0.2857142857142857,0.0,1.0,0,1,1,0,0
227,671,0.005319990160641222,0.0,0.0,0.6931471805599453,0.4444444444444444,0.0,0.0,0,1,1,0,0
227,672,0.013370228000224723,0.0,0.0,0.0,0.5714285714285714,1.0,0.0,10,1,1,0,0
227,673,0.02167124626748651,0.0,1.0,0.6931471805599453,0.2727272727272727,0.0,1.0,100,1,1,2,0
227,674,0.5473925687900594,1.0,1.0,0.0,0.2857142857142857,0.0,1.0,100,1,1,3,0
227,675,0.005561417047772261,0.0,0.0,0.0,0.4444444444444444,1.0,0.0,0,1,1,0,0
227,676,0.5120621581963664,1.0,0.7071067811865475,0.0,0.5,0.0,0.0,100,1,2,3,0
227,677,0.002283789926799708,0.0,0.0,0.6931471805599453,0.5,0.0,0.0,0,1,0,0,0
227,678,0.0030595960555674824,0.0,0.0,0.0,0.5,0.0,0.0,0,1,0,0,0
227,679,0.014094590396699157,0.0,0.0,0.0,0.6666666666666666,0.0,0.0,10,1,1,0,0
227,680,0.014440777241528632,0.0,0.0,0.0,0.38461538461538464,0.0,1.0,0,1,2,0,0
227,681,0.020971454227219816,0.0,0.0,0.0,0.5,1.0,0.0,10,1,2,0,0
227,682,0.02116103748463853,0.0,0.0,0.6931471805599453,0.625,0.0,0.0,0,1,1,0,0
228,623,0.10255098543070898,0.5,0.35355339059327373,1.0986122886681098,0.7142857142857143,0.0,0.0,100,1,8,2,0
228,624,0.003594275893938419,0.0,0.0,0.0,0.2857142857142857,0.0,0.0,0,1,0,0,0
228,625,0.02361597038855915,0.0,0.0,0.0,0.25,0.0,0.0,0,1,0,0,0
228,626,0.07263903690804356,0.0,0.0,0.0,0.4,0.0,1.0,10,1,1,0,0
228,627,0.01294124553666414,0.0,0.0,0.0,0.3333333333333333,0.0,1.0,10,1,1,1,0
228,628,0.011703672659774804,0.0,0.0,0.0,0.6,0.0,0.0,0,1,1,0,0
228,629,0.0022861286277177303,0.0,0.0,0.0,0.25,0.0,1.0,0,1,1,0,1
228,630,0.026937579762326008,0.0,0.0,0.6931471805599453,0.46153846153846156,0.0,1.0,0,1,2,1,0
228,631,0.02830938262131658,0.0,0.0,0.0,0.3333333333333333,0.0,0.0,0,1,1,0,1
228,632,0.01574377705431429,0.0,0.0,0.0,0.36363636363636365,0.0,1.0,0,1,2,0,0
228,633,0.05059759614894013,0.0,0.0,0.0,0.4,0.0,0.0,0,1,0,0,0
228,634,0.038757220180313495,0.0,0.0,0.0,0.42857142857142855,0.0,0.0,0,1,0,0,0
228,635,0.059304094580451286,0.0,0.0,0.6931471805599453,0.5,0.0,0.0,0,1,1,0,0
228,636,0.027613933013689716,0.0,0.0,0.0,0.5454545454545454,1.0,0.0,0,1,2,0,0
228,637,0.018992021181803622,0.0,0.0,0.0,0.2,0.0,1.0,0,1,1,0,0
228,638,0.04435728237527069,0.0,0.0,0.0,0.5555555555555556,0.0,0.0,0,1,0,0,0
228,639,0.004371669422147728,0.0,0.0,0.0,0.5,1.0,0.0,0,1,1,0,0
228,640,0.05213043423711981,0.0,0.0,0.6931471805599453,0.36363636363636365,0.0,0.0,0,1,2,0,0
228,641,0.04278576377771775,0.0,0.0,0.0,0.2,0.0,1.0,0,1,2,0,0
228,642,0.011815293501950156,0.0,0.0,0.0,0.6,0.0,0.0,0,1,2,1,0
228,643,0.014502362230150183,0.0,0.0,0.0,0.5714285714285714,0.0,1.0,0,1,1,0,0
228,644,0.006626612496130105,0.0,0.0,0.6931471805599453,0.42857142857142855,0.0,0.0,0,1,1,0,0
228,645,0.016037667023104857,0.0,0.0,0.0,0.42857142857142855,1.0,0.0,0,1,0,0,0
228,646,0.002617503592983129,0.0,0.0,0.0,0.625,0.0,0.0,0,1,1,0,0
228,647,0.01805742758532166,0.0,0.0,0.0,0.6666666666666666,0.0,0.0,0,1,1,0,0
228,648,0.0226720201949439,0.0,0.0,0.0,0.2857142857142857,0.0,1.0,10,1,3,0,0
228,649,0.004872651725454135,0.0,0.0,0.0,0.5,0.0,0.0,0,1,1,0,1
228,650,0.00724050777603534,0.0,0.0,0.0,0.45454545454545453,1.0,0.0,0,1,2,0,0
228,651,0.00397172882595624,0.0,0.0,0.0,0.375,1.0,0.0,10,1,1,0,0
228,652,0.044794580047608605,0.0,0.0,0.0,0.3333333333333333,0.0,1.0,0,1,1,1,0
228,653,0.010860978428780367,0.0,0.0,0.0,0.36363636363636365,0.0,0.0,0,1,1,0,0
228,654,0.01212930061051528,0.0,0.0,0.0,0.45454545454545453,0.0,0.0,0,1,2,0,0
228,655,0.018078032080906716,0.0,0.0,0.6931471805599453,0.7,0.0,0.0,0,1,3,0,0
228,656,0.040791928351085284,0.0,0.0,0.0,0.16666666666666666,0.0,1.0,0,1,2,0,0
228,657,0.0038202170830424135,0.0,0.0,1.0986122886681098,0.75,0.0,0.0,0,1,3,0,0
228,658,0.020224397493619917,0.0,0.0,0.0,0.45454545454545453,1.0,0.0,0,1,2,0,0
228,659,0.0016454589870232125,0.0,0.0,0.0,0.2857142857142857,0.0,1.0,0,1,0,0,0
228,660,0.018070983176805704,0.0,0.0,0.0,0.7,0.0,0.0,0,1,2,0,0
228,661,0.005453948763314751,0.0,0.0,0.0,0.25,0.0,1.0,0,1,2,0,0
228,662,0.011526272454198521,0.0,0.0,0.6931471805599453,0.7,0.0,0.0,10,1,2,0,0
228,663,0.13005931379912428,0.0,0.7071067811865475,0.0,0.4444444444444444,1.0,0.0,100,1,2,2,1
228,664,0.008426356193618726,0.0,0.0,0.6931471805599453,0.6,1.0,0.0,0,1,1,0,0
228,665,0.045665118320265714,0.0,0.5773502691896258,0.6931471805599453,0.625,0.0,0.0,100,1,3,2,1
228,666,0.013802967113328513,0.0,0.0,0.0,0.4444444444444444,0.0,1.0,0,1,2,0,0
228,667,0.004434655137282512,0.0,0.0,0.6931471805599453,0.5833333333333334,0.0,0.0,0,1,2,0,0
228,668,0.019990832973581025,0.0,0.0,0.0,0.42857142857142855,0.0,0.0,0,1,2,0,0
228,669,0.03585878657284909,0.0,0.0,0.6931471805599453,0.42857142857142855,0.0,0.0,0,1,3,0,0
228,670,0.011640751860614768,0.0,0.0,0.0,0.2857142857142857,0.0,1.0,0,1,1,0,0
228,671,0.014480548423232091,0.0,0.0,0.6931471805599453,0.4444444444444444,0.0,0.0,0,1,1,0,0
228,672,0.006164499160241716,0.0,0.0,0.0,0.5714285714285714,1.0,0.0,0,1,1,0,0
228,673,0.012186594703804106,0.0,0.0,0.6931471805599453,0.2727272727272727,0.0,1.0,0,1,1,0,0
228,674,0.04486864073054168,0.0,0.0,0.0,0.25,0.0,1.0,0,1,1,0,0
228,675,0.02459158815135745,0.0,0.0,0.0,0.4444444444444444,1.0,0.0,10,1,1,1,0
228,676,0.04080879854383212,0.0,0.0,0.0,0.5,0.0,0.0,10,1,2,1,0
228,677,0.015022194502445855,0.0,0.0,0.6931471805599453,0.5,0.0,0.0,0,1,0,0,0
228,678,0.09131252259022798,0.0,0.0,0.0,0.5,0.0,0.0,10,1,0,2,0
228,679,0.016647465082693755,0.0,0.0,0.0,0.6666666666666666,0.0,0.0,0,1,1,0,1
228,680,0.031606058285941305,0.0,0.0,0.0,0.38461538461538464,0.0,1.0,10,1,2,1,0
228,681,0.004236027911711306,0.0,0.0,0.0,0.5,1.0,0.0,0,1,2,0,0
228,682,0.012817583284702698,0.0,0.0,0.6931471805599453,0.625,0.0,0.0,0,1,1,0,0
229,623,0.08799716550426935,0.5,0.35355339059327373,1.0986122886681098,0.7142857142857143,0.0,0.0,100,1,8,2,1
229,624,0.0,0.0,0.0,0.0,0.2857142857142857,0.0,0.0,0,1,0,0,0
229,625,0.011318176001497569,0.0,0.0,0.0,0.2857142857142857,0.0,0.0,0,1,0,0,0
229,626,0.08898495675425928,0.0,0.0,0.0,0.4,0.0,1.0,10,1,1,0,0
229,627,0.0,0.0,0.0,0.0,0.3333333333333333,0.0,1.0,10,1,1,1,0
229,628,0.009571548238943278,0.0,0.0,0.0,0.6,0.0,0.0,0,1,1,0,0
229,629,0.0,0.0,0.0,0.0,0.25,0.0,1.0,0,1,1,0,0
229,630,0.022506204156923722,0.0,0.0,0.0,0.4166666666666667,0.0,1.0,0,1,2,1,0
229,631,0.008298096280489248,0.0,0.0,0.0,0.3333333333333333,0.0,0.0,0,1,1,0,0
229,632,0.011499852531191575,0.0,0.0,0.0,0.36363636363636365,0.0,1.0,0,1,2,0,0
229,633,0.0649001493967408,0.0,0.0,0.0,0.4,0.0,0.0,0,1,0,0,0
229,634,0.0245142201468605,0.0,0.0,0.0,0.42857142857142855,0.0,0.0,0,1,0,0,0
229,635,0.03535002494229219,0.0,0.0,0.6931471805599453,0.5,0.0,0.0,0,1,1,0,0
229,636,0.020472604137352156,0.0,0.0,0.0,0.5454545454545454,1.0,0.0,0,1,2,0,0
229,637,0.024204217451259766,0.0,0.0,0.0,0.2,0.0,1.0,0,1,1,0,0
229,638,0.027066275405442167,0.0,0.0,0.0,0.5555555555555556,0.0,0.0,0,1,0,0,0
229,639,0.001761114387500798,0.0,0.0,0.0,0.5555555555555556,1.0,0.0,0,1,1,0,0
229,640,0.02549039604160134,0.0,0.0,0.6931471805599453,0.3333333333333333,0.0,0.0,0,1,2,0,0
229,641,0.0485055037958254,0.0,0.0,0.0,0.2,0.0,1.0,0,1,2,0,0
229,642,0.006898305382608585,0.0,0.0,0.0,0.6,0.0,0.0,0,1,2,1,0
229,643,0.012201591880270594,0.0,0.0,0.0,0.5714285714285714,0.0,1.0,0,1,1,0,0
229,644,0.004769780532718994,0.0,0.0,0.6931471805599453,0.42857142857142855,0.0,0.0,0,1,1,0,0
229,645,0.012961462194269153,0.0,0.0,0.0,0.42857142857142855,1.0,0.0,0,1,0,0,0
229,646,0.0013700043547408443,0.0,0.0,0.0,0.625,0.0,0.0,0,1,1,0,0
229,647,0.015728497012271345,0.0,0.0,0.0,0.6666666666666666,0.0,0.0,0,1,1,0,0
229,648,0.02456591151072896,0.0,0.0,0.0,0.2857142857142857,0.0,1.0,10,1,3,0,0
229,649,0.0029444330815486673,0.0,0.0,0.0,0.5,0.0,0.0,0,1,1,0,1
229,650,0.003967940935705523,0.0,0.0,0.0,0.45454545454545453,1.0,0.0,0,1,2,0,0
229,651,0.0024129711266765146,0.0,0.0,0.0,0.375,1.0,0.0,10,1,1,0,0
229,652,0.041052056112518095,0.0,0.0,0.0,0.4,0.0,1.0,0,1,1,1,0
229,653,0.00449016038297921,0.0,0.0,0.0,0.3333333333333333,0.0,0.0,0,1,1,0,0
229,654,0.006272321917745783,0.0,0.0,0.0,0.45454545454545453,0.0,0.0,0,1,2,0,0
229,655,0.01618175532173865,0.0,0.0,0.6931471805599453,0.7,0.0,0.0,0,1,3,0,0
229,656,0.04278277386777328,0.0,0.0,0.0,0.16666666666666666,0.0,1.0,0,1,2,0,0
229,657,0.0,0.0,0.0,1.0986122886681098,0.75,0.0,0.0,0,1,3,0,0
229,658,0.017769816210619474,0.0,0.0,0.0,0.45454545454545453,1.0,0.0,0,1,2,0,0
229,659,0.003009956463753673,0.0,0.0,0.0,0.2857142857142857,0.0,1.0,0,1,0,0,0
229,660,0.014441648505455424,0.0,0.0,0.0,0.7,0.0,0.0,0,1,2,0,0
229,661,0.0031707512520314316,0.0,0.0,0.0,0.25,0.0,1.0,0,1,2,0,0
229,662,0.00910923481998688,0.0,0.0,0.6931471805599453,0.7,0.0,0.0,10,1,2,0,1
229,663,0.09077810731910516,0.0,0.7071067811865475,0.0,0.4444444444444444,1.0,0.0,100,1,2,2,1
229,664,0.006404867373194037,0.0,0.0,0.6931471805599453,0.6,1.0,0.0,0,1,1,0,0
229,665,0.02528949121463988,0.0,0.5773502691896258,0.0,0.625,0.0,0.0,100,1,3,2,0
229,666,0.012120506611851106,0.0,0.0,0.0,0.4444444444444444,0.0,1.0,0,1,2,0,0
229,667,0.0022105449892359493,0.0,0.0,0.6931471805599453,0.5833333333333334,0.0,0.0,0,1,2,0,0
229,668,0.014198276522206147,0.0,0.0,0.0,0.42857142857142855,0.0,0.0,0,1,2,0,0
229,669,0.02663260276681516,0.0,0.0,0.6931471805599453,0.42857142857142855,0.0,0.0,0,1,3,0,0
229,670,0.0,0.0,0.0,0.0,0.2857142857142857,0.0,1.0,0,1,1,0,0
229,671,0.014216971691397559,0.0,0.0,0.6931471805599453,0.4444444444444444,0.0,0.0,0,1,1,0,0
229,672,0.0029599290007517255,0.0,0.0,0.0,0.5714285714285714,1.0,0.0,0,1,1,0,0
229,673,0.009963494728256778,0.0,0.0,0.6931471805599453,0.2727272727272727,0.0,1.0,0,1,1,0,0
229,674,0.01676145991787066,0.0,0.0,0.0,0.25,0.0,1.0,0,1,1,0,0
229,675,0.006014651922787181,0.0,0.0,0.0,0.4444444444444444,1.0,0.0,10,1,1,1,0
229,676,0.006165533252911928,0.0,0.0,0.0,0.5,0.0,0.0,10,1,2,1,0
229,677,0.012041966953426315,0.0,0.0,0.6931471805599453,0.5,0.0,0.0,0,1,0,0,0
229,678,0.04288406282122582,0.0,0.0,0.0,0.5,0.0,0.0,10,1,0,2,0
229,679,0.014034477840841116,0.0,0.0,0.0,0.6666666666666666,0.0,0.0,0,1,1,0,0
229,680,0.003582001558414223,0.0,0.0,0.0,0.38461538461538464,0.0,1.0,10,1,2,1,0
229,681,0.001081719158015314,0.0,0.0,0.0,0.5,1.0,0.0,0,1,2,0,0
229,682,0.010485183423059197,0.0,0.0,0.6931471805599453,0.625,0.0,0.0,0,1,1,0,0
230,623,0.21453280967175847,0.75,0.35355339059327373,1.0986122886681098,0.6923076923076923,0.0,0.0,100,1,8,2,0
230,624,0.016006443040809788,0.0,0.0,0.0,0.2857142857142857,0.0,0.0,0,1,0,0,0
230,625,0.0,0.0,0.0,0.0,0.25,0.0,0.0,0,1,0,0,0
230,626,0.00959608408810829,0.0,0.0,0.0,0.4,0.0,1.0,0,1,1,0,0
230,627,0.0,0.0,0.0,0.0,0.3333333333333333,0.0,1.0,0,1,1,0,1
230,628,0.0,0.0,0.0,0.0,0.6,0.0,0.0,0,1,1,0,0
230,629,0.017456256944270002,0.0,0.0,0.0,0.25,0.0,1.0,0,1,1,0,0
230,630,0.01254859817263975,0.0,0.0,0.6931471805599453,0.46153846153846156,0.0,1.0,0,1,2,0,0
230,631,0.0015734540292897678,0.0,0.0,0.0,0.3333333333333333,0.0,0.0,0,1,1,0,0
230,632,0.032550765263112284,0.0,0.0,0.0,0.36363636363636365,0.0,1.0,10,1,2,0,0
230,633,0.006346841098854697,0.0,0.0,0.0,0.4,0.0,0.0,10,1,0,0,0
230,634,0.013977141076195557,0.0,0.0,0.0,0.42857142857142855,0.0,0.0,0,1,0,0,0
230,635,0.02368553844873822,0.0,0.0,0.6931471805599453,0.5,0.0,0.0,10,1,1,0,1
230,636,0.018047433614741818,0.0,0.0,0.0,0.5454545454545454,1.0,0.0,0,1,2,0,0
230,637,0.013787966768845075,0.0,0.0,0.0,0.2,0.0,1.0,0,1,1,0,0
230,638,0.0,0.0,0.0,0.0,0.5555555555555556,0.0,0.0,0,1,0,0,0
230,639,0.008611706120897197,0.0,0.0,0.0,0.5,1.0,0.0,0,1,1,0,0
230,640,0.03310119404682957,0.0,0.0,0.6931471805599453,0.3333333333333333,0.0,0.0,0,1,2,0,0
230,641,0.01528844849874118,0.0,0.0,0.0,0.2,0.0,1.0,10,1,2,1,0
230,642,0.047624335609775456,0.0,0.7071067811865475,0.0,0.6,0.0,0.0,100,1,2,2,0
230,643,0.0021530275563211546,0.0,0.0,0.0,0.5714285714285714,0.0,1.0,0,1,1,0,0
230,644,0.0,0.0,0.0,0.6931471805599453,0.42857142857142855,0.0,0.0,0,1,1,0,0
230,645,0.023903775002201574,0.0,0.0,0.0,0.42857142857142855,1.0,0.0,10,1,0,0,0
230,646,0.01141565267928656,0.0,0.0,0.0,0.625,0.0,0.0,10,1,1,0,0
230,647,0.0,0.0,0.0,0.0,0.6666666666666666,0.0,0.0,0,1,1,0,0
230,648,0.0079456251093014,0.0,0.0,0.0,0.3076923076923077,0.0,1.0,10,1,3,1,0
230,649,0.008214596416598524,0.0,0.0,0.0,0.5,0.0,0.0,0,1,1,0,0
230,650,0.01938200048166941,0.0,0.0,0.0,0.45454545454545453,1.0,0.0,10,1,2,0,0
230,651,0.0,0.0,0.0,0.0,0.375,1.0,0.0,0,1,1,0,0
230,653,0.3195199146150331,1.0,1.0,0.0,0.3333333333333333,0.0,0.0,100,1,1,2,1
230,654,0.04401699833758834,0.0,0.0,0.0,0.45454545454545453,0.0,0.0,10,1,2,0,0
230,655,0.009023241094906324,0.0,0.0,0.6931471805599453,0.7,0.0,0.0,0,1,3,1,0
230,656,0.0,0.0,0.0,0.0,0.16666666666666666,0.0,1.0,0,1,2,1,0
230,657,0.03015911206506934,0.0,0.0,1.0986122886681098,0.75,0.0,0.0,10,1,3,0,0
230,658,0.003966862239727792,0.0,0.0,0.0,0.45454545454545453,1.0,0.0,0,1,2,0,0
230,659,0.0,0.0,0.0,0.0,0.2857142857142857,0.0,1.0,0,1,0,0,0
230,660,0.012301727875693147,0.0,0.0,0.0,0.7,0.0,0.0,10,1,2,0,0
230,661,0.03810841058382395,0.0,0.0,0.0,0.25,0.0,1.0,10,1,2,0,0
230,662,0.005309969116058608,0.0,0.0,0.6931471805599453,0.7,0.0,0.0,0,1,2,0,0
230,663,0.021116153013852897,0.0,0.0,0.0,0.4444444444444444,1.0,0.0,0,1,2,0,0
230,664,0.010443380265193137,0.0,0.0,0.6931471805599453,0.6,1.0,0.0,0,1,1,0,0
230,665,0.0,0.0,0.0,0.6931471805599453,0.6666666666666666,0.0,0.0,0,1,3,0,0
230,666,0.015194887375414756,0.0,0.0,0.0,0.4444444444444444,0.0,1.0,10,1,2,0,0
230,667,0.0069526048034959965,0.0,0.0,0.6931471805599453,0.5833333333333334,0.0,0.0,0,1,2,0,0
230,668,0.012283849944842107,0.0,0.0,0.0,0.42857142857142855,0.0,0.0,10,1,2,0,0
230,669,0.01595537412154299,0.0,0.0,0.6931471805599453,0.42857142857142855,0.0,0.0,0,1,3,1,0
230,670,0.675459865837351,1.0,0.0,0.0,0.2857142857142857,0.0,1.0,35,1,1,3,1
230,671,0.0,0.0,0.0,0.6931471805599453,0.4444444444444444,0.0,0.0,0,1,1,0,0
230,672,0.0080357563404474,0.0,0.0,0.0,0.5,1.0,0.0,0,1,1,1,0
230,673,0.0,0.0,0.0,0.6931471805599453,0.2727272727272727,0.0,1.0,0,1,1,0,0
230,674,0.006016068124178642,0.0,0.0,0.0,0.25,0.0,1.0,10,1,1,0,0
230,675,0.005250793424319769,0.0,0.0,0.0,0.4444444444444444,1.0,0.0,0,1,1,0,0
230,676,0.001700387627192673,0.0,0.0,0.0,0.5,0.0,0.0,0,1,2,0,0
230,677,0.0,0.0,0.0,0.6931471805599453,0.5,0.0,0.0,0,1,0,0,0
230,678,0.00833491430323145,0.0,0.0,0.0,0.5,0.0,0.0,0,1,0,0,0
230,679,0.006495750896797952,0.0,0.0,0.0,0.6666666666666666,0.0,0.0,10,1,1,0,0
230,680,0.007032430675188913,0.0,0.0,0.0,0.38461538461538464,0.0,1.0,0,1,2,0,0
230,681,0.0015949541891347252,0.0,0.0,0.0,0.5,1.0,0.0,10,1,2,0,0
230,682,0.010394788812544596,0.0,0.0,0.6931471805599453,0.625,0.0,0.0,10,1,1,0,0
231,623,0.025989933722390484,0.0,0.0,1.0986122886681098,0.7142857142857143,0.0,0.0,0,1,8,1,0
231,624,0.0,0.0,0.0,0.0,0.2857142857142857,0.0,0.0,0,1,0,0,0
231,625,0.0015738571197299763,0.0,0.0,0.0,0.25,0.0,0.0,0,1,0,0,1
231,626,0.013027185039628056,0.0,0.0,0.0,0.4,0.0,1.0,0,1,1,0,0
231,627,0.04238161632168071,0.0,0.0,0.0,0.3333333333333333,0.0,1.0,0,1,1,0,0
231,628,0.007360062454636723,0.0,0.0,0.0,0.6,0.0,0.0,0,1,1,0,0
231,629,0.0,0.0,0.0,0.0,0.25,0.0,1.0,0,1,1,0,0
231,630,0.003139596543588522,0.0,0.0,0.6931471805599453,0.46153846153846156,0.0,1.0,0,1,2,0,0
231,631,0.024611271357000107,0.0,0.0,0.0,0.3333333333333333,0.0,0.0,10,1,1,0,0
231,632,0.012943178202614446,0.0,0.0,0.0,0.36363636363636365,0.0,1.0,0,1,2,0,0
231,633,0.00879535991441666,0.0,0.0,0.0,0.4,0.0,0.0,0,1,0,0,0
231,634,0.0019220133474706484,0.0,0.0,0.0,0.42857142857142855,0.0,0.0,0,1,0,0,0
231,635,0.0024259643524754677,0.0,0.0,0.6931471805599453,0.5,0.0,0.0,0,1,1,0,1
231,636,0.0064582908468640765,0.0,0.0,0.0,0.5454545454545454,1.0,0.0,0,1,2,0,0
231,637,0.010494191857612982,0.0,0.0,0.0,0.2,0.0,1.0,0,1,1,0,0
231,638,0.003688308595335935,0.0,0.0,0.0,0.5555555555555556,0.0,0.0,0,1,0,0,0
231,639,0.0,0.0,0.0,0.0,0.5,1.0,0.0,0,1,1,0,0
231,640,0.00911556390443647,0.0,0.0,0.6931471805599453,0.3333333333333333,0.0,0.0,0,1,2,0,0
231,641,0.018481961917475254,0.0,0.0,0.0,0.2,0.0,1.0,0,1,2,0,0
231,642,0.0,0.0,0.0,0.0,0.6,0.0,0.0,0,1,2,0,0
231,643,0.07052384539637419,0.0,0.0,0.0,0.5714285714285714,0.0,1.0,10,1,1,0,0
231,644,0.004519156771047855,0.0,0.0,0.6931471805599453,0.42857142857142855,0.0,0.0,0,1,1,0,0
231,645,0.01787096263313307,0.0,0.0,0.0,0.42857142857142855,1.0,0.0,0,1,0,0,0
231,646,0.11988506313695964,0.0,0.0,0.0,0.625,0.0,0.0,10,1,1,1,0
231,647,0.7525568689038309,1.0,1.0,0.0,0.625,0.0,0.0,100,1,1,3,0
231,648,0.016747193636933062,0.0,0.0,0.0,0.2857142857142857,0.0,1.0,10,1,3,0,0
231,649,0.0,0.0,0.0,0.0,0.5,0.0,0.0,0,1,1,0,0
231,650,0.042191148026274,0.0,0.7071067811865475,0.0,0.45454545454545453,1.0,0.0,100,1,2,1,0
231,651,0.00709170561931811,0.0,0.0,0.0,0.375,1.0,0.0,0,1,1,0,0
231,652,0.010636865939668038,0.0,0.0,0.0,0.3333333333333333,0.0,1.0,10,1,1,0,0
231,653,0.0715213177886095,0.0,0.0,0.0,0.3333333333333333,0.0,0.0,0,1,1,1,0
231,654,0.0,0.0,0.0,0.0,0.45454545454545453,0.0,0.0,0,1,2,0,0
231,655,0.12153705880394207,0.0,0.0,0.6931471805599453,0.7,0.0,0.0,20,1,3,1,0
231,656,0.005332314161356138,0.0,0.0,0.0,0.16666666666666666,0.0,1.0,0,1,2,0,0
231,657,0.02305964986794684,0.0,0.0,1.0986122886681098,0.75,0.0,0.0,0,1,3,1,0
231,658,0.10281854185452537,0.0,0.0,0.0,0.5,1.0,0.0,10,1,2,0,0
231,659,0.0,0.0,0.0,0.0,0.2857142857142857,0.0,1.0,0,1,0,0,0
231,660,0.06273165053941288,0.0,0.0,0.0,0.7,0.0,0.0,0,1,2,1,0
231,661,0.012692798778281387,0.0,0.0,0.0,0.25,0.0,1.0,10,1,2,0,0
231,662,0.002562186498972237,0.0,0.0,0.6931471805599453,0.7,0.0,0.0,0,1,2,0,0
231,663,0.07313481637738121,0.5,0.7071067811865475,0.0,0.4444444444444444,1.0,0.0,100,1,2,2,1
231,664,0.015801413647560873,0.0,0.0,0.6931471805599453,0.5555555555555556,1.0,0.0,0,1,1,0,0
231,665,0.12475926021178446,0.5,0.5773502691896258,0.6931471805599453,0.6666666666666666,0.0,0.0,100,1,3,2,0
231,666,0.0007420787193939133,0.0,0.0,0.0,0.4444444444444444,0.0,1.0,0,1,2,0,0
231,667,0.03695592845211753,0.0,0.7071067811865475,0.6931471805599453,0.5833333333333334,0.0,0.0,100,1,2,2,0
231,668,0.0998777333069194,0.0,0.0,0.0,0.42857142857142855,0.0,0.0,0,1,2,1,0
231,669,0.017798079062861096,0.0,0.0,0.6931471805599453,0.42857142857142855,0.0,0.0,10,1,3,0,0
231,670,0.001401930231824114,0.0,0.0,0.0,0.2857142857142857,0.0,1.0,0,1,1,0,0
231,671,0.0,0.0,0.0,0.6931471805599453,0.4444444444444444,0.0,0.0,0,1,1,0,0
231,672,0.05794779664568793,0.0,0.0,0.0,0.5714285714285714,1.0,0.0,10,1,1,1,0
231,673,0.008226528178983008,0.0,0.0,0.6931471805599453,0.2727272727272727,0.0,1.0,0,1,1,0,0
231,674,0.019150884607960945,0.0,0.0,0.0,0.25,0.0,1.0,0,1,1,0,0
231,675,0.07152600026603599,0.0,0.0,0.0,0.4444444444444444,1.0,0.0,0,1,1,0,0
231,676,0.03018621233342167,0.0,0.0,0.0,0.5,0.0,0.0,10,1,2,0,0
231,677,0.08780319508081035,0.0,0.0,0.6931471805599453,0.5,0.0,0.0,0,1,0,0,0
231,678,0.0,0.0,0.0,0.0,0.5,0.0,0.0,0,1,0,0,0
231,679,0.06687040551163301,0.0,0.0,0.0,0.6666666666666666,0.0,0.0,0,1,1,1,0
231,680,0.05528656732858418,0.0,0.7071067811865475,0.0,0.38461538461538464,0.0,1.0,100,1,2,2,0
231,681,0.07582408484211392,0.0,0.0,0.0,0.5,1.0,0.0,0,1,2,0,0
231,682,0.06646624347989238,0.0,0.0,0.6931471805599453,0.7142857142857143,0.0,0.0,0,1,1,1,1
232,623,0.014646048055578273,0.0,0.0,1.0986122886681098,0.7142857142857143,0.0,0.0,0,1,8,1,0
232,624,0.00712032484408479,0.0,0.0,0.0,0.2857142857142857,0.0,0.0,0,1,0,0,0
232,625,0.02483137865308529,0.0,0.0,0.0,0.25,0.0,0.0,0,1,0,0,0
232,626,0.014496205572116318,0.0,0.0,0.0,0.4,0.0,1.0,0,1,1,0,0
232,627,0.01691362859846717,0.0,0.0,0.0,0.3333333333333333,0.0,1.0,0,1,1,0,0
232,628,0.007904779387262804,0.0,0.0,0.0,0.6,0.0,0.0,0,1,1,0,1
232,629,0.004528861708185531,0.0,0.0,0.0,0.25,0.0,1.0,0,1,1,0,0
232,630,0.018213972432648374,0.0,0.0,0.6931471805599453,0.46153846153846156,0.0,1.0,0,1,2,0,0
232,631,0.03644714093598566,0.0,0.0,0.0,0.3333333333333333,0.0,0.0,0,1,1,0,0
232,632,0.013247888117613913,0.0,0.7071067811865475,0.0,0.36363636363636365,0.0,1.0,100,1,2,0,0
232,633,0.01769978620179814,0.0,0.0,0.0,0.4,0.0,0.0,0,1,0,0,0
232,634,0.004598224634566546,0.0,0.0,0.0,0.42857142857142855,0.0,0.0,0,1,0,0,0
232,635,0.005078365380261397,0.0,0.0,0.6931471805599453,0.5,0.0,0.0,0,1,1,0,0
232,636,0.03958073119395367,0.0,0.0,0.0,0.5454545454545454,1.0,0.0,0,1,2,0,0
232,637,0.016729347838578358,0.0,0.0,0.0,0.2,0.0,1.0,0,1,1,0,0
232,638,0.0041357700598873455,0.0,0.0,0.0,0.5555555555555556,0.0,0.0,0,1,0,0,0
232,639,0.003814623523082465,0.0,0.0,0.0,0.5,1.0,0.0,0,1,1,0,0
232,640,0.018395690679775836,0.0,0.0,0.6931471805599453,0.3333333333333333,0.0,0.0,0,1,2,0,0
232,641,0.019221948080441267,0.0,0.0,0.0,0.2,0.0,1.0,0,1,2,0,0
232,642,0.003992762622127084,0.0,0.0,0.0,0.6,0.0,0.0,0,1,2,0,0
232,643,0.005534147660616526,0.0,0.0,0.0,0.5714285714285714,0.0,1.0,0,1,1,0,0
232,644,0.008910694933034716,0.0,0.0,0.6931471805599453,0.42857142857142855,0.0,0.0,0,1,1,0,0
232,645,0.010850823729495184,0.0,0.0,0.0,0.42857142857142855,1.0,0.0,0,1,0,0,0
232,646,0.03439483098296275,0.0,0.0,0.0,0.625,0.0,0.0,10,1,1,1,1
232,647,0.030523945463337185,0.0,0.0,0.0,0.6666666666666666,0.0,0.0,0,1,1,2,1
232,648,0.0055778963183348955,0.0,0.0,0.0,0.2857142857142857,0.0,1.0,0,1,3,0,0
232,649,0.004251743941736737,0.0,0.0,0.0,0.5,0.0,0.0,0,1,1,0,0
232,650,0.19234040406492903,1.0,0.7071067811865475,0.0,0.5,1.0,0.0,100,1,2,2,0
232,651,0.002842643918411803,0.0,0.0,0.0,0.375,1.0,0.0,0,1,1,0,0
232,652,0.03248767308074751,0.0,0.0,0.0,0.3333333333333333,0.0,1.0,0,1,1,0,0
232,653,0.030647222740465295,0.0,0.0,0.0,0.3333333333333333,0.0,0.0,0,1,1,1,1
232,654,0.049854758898701564,0.0,0.0,0.0,0.45454545454545453,0.0,0.0,10,1,2,0,0
232,655,0.08949689158563659,0.0,0.5773502691896258,0.6931471805599453,0.7,0.0,0.0,100,1,3,1,1
232,656,0.012975287413976348,0.0,0.0,0.0,0.16666666666666666,0.0,1.0,0,1,2,0,0
232,657,0.007567918381573762,0.0,0.0,1.0986122886681098,0.75,0.0,0.0,0,1,3,1,1
232,658,0.007140136121936726,0.0,0.0,0.0,0.45454545454545453,1.0,0.0,0,1,2,0,0
232,659,0.003259683688996387,0.0,0.0,0.0,0.2857142857142857,0.0,1.0,0,1,0,0,0
232,660,0.0047419774510373425,0.0,0.0,0.0,0.7,0.0,0.0,0,1,2,1,0
232,661,0.04217236344147206,0.0,0.0,0.0,0.25,0.0,1.0,0,1,2,0,0
232,662,0.024441834465982793,0.0,0.0,0.6931471805599453,0.7,0.0,0.0,0,1,2,0,0
232,663,0.007920507848913499,0.0,0.0,0.0,0.5,1.0,0.0,10,1,2,2,0
232,664,0.013719194895859666,0.0,0.0,0.6931471805599453,0.6,1.0,0.0,0,1,1,0,0
232,665,0.053118214164196625,0.0,0.0,0.6931471805599453,0.6666666666666666,0.0,0.0,20,1,3,1,0
232,666,0.030162985459051883,0.0,0.0,0.0,0.5,0.0,1.0,0,1,2,0,0
232,667,0.2785971633748747,1.0,0.0,0.6931471805599453,0.6363636363636364,0.0,0.0,35,1,2,3,0
232,668,0.0034501256686571605,0.0,0.0,0.0,0.42857142857142855,0.0,0.0,0,1,2,1,0
232,669,0.020625024251403078,0.0,0.0,0.6931471805599453,0.42857142857142855,0.0,0.0,20,1,3,0,0
232,670,0.008955975396246683,0.0,0.0,0.0,0.2857142857142857,0.0,1.0,0,1,1,0,0
232,671,0.010371434326996635,0.0,0.0,0.6931471805599453,0.4444444444444444,0.0,0.0,0,1,1,0,0
232,672,0.2868899735893267,1.0,0.0,0.0,0.5714285714285714,1.0,0.0,35,1,1,2,0
232,673,0.006858414606605195,0.0,0.0,0.6931471805599453,0.2727272727272727,0.0,1.0,0,1,1,0,0
232,674,0.044091881468329444,0.0,0.0,0.0,0.25,0.0,1.0,0,1,1,0,0
232,675,0.06611140678185554,0.0,1.0,0.0,0.4444444444444444,1.0,0.0,100,1,1,0,0
232,676,0.0442330999909307,0.0,0.0,0.0,0.5,0.0,0.0,10,1,2,0,0
232,677,0.05744001170383146,0.0,0.0,0.6931471805599453,0.5,0.0,0.0,0,1,0,0,0
232,678,0.015258618047135637,0.0,0.0,0.0,0.5,0.0,0.0,0,1,0,0,0
232,679,0.003747685519432808,0.0,0.0,0.0,0.6666666666666666,0.0,0.0,0,1,1,1,0
232,680,0.40558399520203453,1.0,0.0,0.0,0.3333333333333333,0.0,1.0,35,1,2,3,1
232,681,0.02943318809706967,0.0,0.0,0.0,0.5,1.0,0.0,0,1,2,0,0
232,682,0.0035526717263782287,0.0,0.0,0.6931471805599453,0.625,0.0,0.0,0,1,1,1,1
233,623,0.24816236204143194,1.0,0.35355339059327373,1.0986122886681098,0.7142857142857143,0.0,0.0,100,1,8,2,0
233,624,0.020600275788152125,0.0,0.0,0.0,0.2857142857142857,0.0,0.0,10,1,0,0,0
233,625,0.020707723133975373,0.0,0.0,0.0,0.25,0.0,0.0,0,1,0,0,0
233,626,0.02460057055242824,0.0,0.0,0.0,0.4,0.0,1.0,0,1,1,0,0
233,627,0.019333709947019183,0.0,0.0,0.0,0.3333333333333333,0.0,1.0,0,1,1,0,0
233,628,0.012294206062329373,0.0,0.0,0.0,0.6,0.0,0.0,0,1,1,0,0
233,629,0.03926698196476736,0.0,0.0,0.0,0.25,0.0,1.0,0,1,1,0,0
233,630,0.006210489329675088,0.0,0.0,0.6931471805599453,0.46153846153846156,0.0,1.0,0,1,2,0,0
233,631,0.00874667187793685,0.0,0.0,0.0,0.3333333333333333,0.0,0.0,0,1,1,0,0
233,632,0.011430936923857653,0.0,0.0,0.0,0.36363636363636365,0.0,1.0,0,1,2,0,0
233,633,0.05030887115629222,0.0,0.0,0.0,0.4,0.0,0.0,0,1,0,0,0
233,634,0.019339848976889243,0.0,0.0,0.0,0.42857142857142855,0.0,0.0,0,1,0,0,0
233,635,0.028860892540653316,0.0,0.0,0.6931471805599453,0.5,0.0,0.0,0,1,1,0,0
233,636,0.047741102794661996,0.0,0.0,0.0,0.5454545454545454,1.0,0.0,0,1,2,0,0
233,637,0.01603474172733966,0.0,0.0,0.0,0.2,0.0,1.0,0,1,1,0,0
233,638,0.01939969481260772,0.0,0.0,0.0,0.5555555555555556,0.0,0.0,0,1,0,0,0
233,639,0.002012623173717282,0.0,0.0,0.0,0.5,1.0,0.0,0,1,1,0,0
233,640,0.026785214255896916,0.0,0.0,0.6931471805599453,0.3333333333333333,0.0,0.0,0,1,2,0,0
233,641,0.5687224685813684,1.0,0.7071067811865475,0.0,0.2,0.0,1.0,100,1,2,3,1
233,642,0.0021066106607426347,0.0,0.0,0.0,0.6,0.0,0.0,0,1,2,1,0
233,643,0.03630315248046839,0.0,0.0,0.0,0.5714285714285714,0.0,1.0,0,1,1,0,0
233,644,0.005474377879305401,0.0,0.0,0.6931471805599453,0.42857142857142855,0.0,0.0,0,1,1,0,0
233,645,0.014216886605140044,0.0,0.0,0.0,0.42857142857142855,1.0,0.0,0,1,0,0,0
233,646,0.04257365915369369,0.0,0.0,0.0,0.625,0.0,0.0,0,1,1,0,0
233,647,0.026681861227389102,0.0,0.0,0.0,0.6666666666666666,0.0,0.0,0,1,1,0,0
233,648,0.14059207644915703,0.75,0.5773502691896258,0.0,0.2857142857142857,0.0,1.0,100,1,3,2,0
233,649,0.0022432510925577986,0.0,0.0,0.0,0.5,0.0,0.0,0,1,1,0,0
233,650,0.006150249369411449,0.0,0.0,0.0,0.45454545454545453,1.0,0.0,0,1,2,0,0
233,651,0.018374921037836223,0.0,0.0,0.0,0.375,1.0,0.0,0,1,1,0,0
233,652,0.008348287029954528,0.0,0.0,0.0,0.3333333333333333,0.0,1.0,0,1,1,0,0
233,653,0.017849986775049786,0.0,0.0,0.0,0.3333333333333333,0.0,0.0,0,1,1,1,0
233,654,0.008436059898091104,0.0,0.0,0.0,0.45454545454545453,0.0,0.0,0,1,2,0,0
233,655,0.08323559929076077,0.0,0.5773502691896258,0.6931471805599453,0.7,0.0,0.0,100,1,3,1,0
233,656,0.48179677162469337,1.0,0.7071067811865475,0.0,0.16666666666666666,0.0,1.0,100,1,2,3,1
233,657,0.020763705188584086,0.0,0.5773502691896258,1.0986122886681098,0.75,0.0,0.0,100,1,3,0,0
233,658,0.03525873950784026,0.0,0.7071067811865475,0.0,0.45454545454545453,1.0,0.0,100,1,2,0,0
233,659,0.0017198328725664235,0.0,0.0,0.0,0.2857142857142857,0.0,1.0,0,1,0,0,0
233,660,0.0383918908318009,0.0,0.0,0.0,0.7,0.0,0.0,10,1,2,0,0
233,661,0.01755851275322177,0.0,0.0,0.0,0.25,0.0,1.0,10,1,2,0,0
233,662,0.02190062183953074,0.0,0.0,0.6931471805599453,0.7,0.0,0.0,0,1,2,0,0
233,663,0.02056910150943518,0.0,0.0,0.0,0.4444444444444444,1.0,0.0,0,1,2,0,0
233,664,0.014399628678994358,0.0,0.0,0.6931471805599453,0.6,1.0,0.0,0,1,1,0,0
233,665,0.00529479591017076,0.0,0.0,0.6931471805599453,0.6666666666666666,0.0,0.0,0,1,3,0,1
233,666,0.025145070097890798,0.0,0.0,0.0,0.4444444444444444,0.0,1.0,0,1,2,0,0
233,667,0.02938241252621698,0.0,0.0,0.6931471805599453,0.5833333333333334,0.0,0.0,0,1,2,0,0
233,668,0.10949698947528602,0.0,0.0,0.0,0.42857142857142855,0.0,0.0,10,1,2,0,1
233,669,0.049572587907013306,0.0,0.5773502691896258,0.6931471805599453,0.42857142857142855,0.0,0.0,100,1,3,2,0
233,670,0.001990768328858708,0.0,0.0,0.0,0.2857142857142857,0.0,1.0,0,1,1,1,0
233,671,0.010862235943308242,0.0,0.0,0.6931471805599453,0.4444444444444444,0.0,0.0,0,1,1,0,0
233,672,0.03451972984359175,0.0,1.0,0.0,0.5714285714285714,1.0,0.0,100,1,1,2,0
233,673,0.010093363326448546,0.0,0.0,0.6931471805599453,0.2727272727272727,0.0,1.0,0,1,1,0,0
233,674,0.012535928143244323,0.0,0.0,0.0,0.25,0.0,1.0,0,1,1,0,0
233,675,0.05230112628864285,0.0,0.0,0.0,0.4444444444444444,1.0,0.0,0,1,1,0,0
233,676,0.010054829664721451,0.0,0.0,0.0,0.5,0.0,0.0,0,1,2,0,0
233,677,0.004732786906946243,0.0,0.0,0.6931471805599453,0.5,0.0,0.0,0,1,0,0,0
233,678,0.01044900931339261,0.0,0.0,0.0,0.5,0.0,0.0,0,1,0,0,0
233,679,0.12215798566957702,0.0,0.0,0.0,0.6666666666666666,0.0,0.0,0,1,1,0,0
233,680,0.03266752135562044,0.0,0.0,0.0,0.38461538461538464,0.0,1.0,0,1,2,0,0
233,681,0.00442749415763301,0.0,0.0,0.0,0.5,1.0,0.0,0,1,2,0,0
233,682,0.09950922471561878,0.0,0.0,0.6931471805599453,0.625,0.0,0.0,10,1,1,0,0
234,623,0.4190125392795613,1.0,0.35355339059327373,1.0986122886681098,0.7142857142857143,0.0,0.0,100,1,8,2,0
234,624,0.0038451157044781066,0.0,0.0,0.0,0.3333333333333333,0.0,0.0,0,1,0,0,1
234,625,0.003381511249865822,0.0,0.0,0.0,0.25,0.0,0.0,0,1,0,1,0
234,626,0.013404686575732384,0.0,0.0,0.0,0.4,0.0,1.0,0,1,1,0,0
234,627,0.013844398125489876,0.0,0.0,0.0,0.375,0.0,1.0,0,1,1,0,0
234,628,0.0017550367371548595,0.0,0.0,0.0,0.6,0.0,0.0,0,1,1,0,0
234,629,0.002445674552618257,0.0,0.0,0.0,0.25,0.0,1.0,0,1,1,0,0
234,630,0.6070726442048306,1.0,0.7071067811865475,0.6931471805599453,0.5,0.0,1.0,100,1,2,3,0
234,631,0.02493399436283904,0.0,0.0,0.0,0.3333333333333333,0.0,0.0,0,1,1,0,0
234,632,0.5153546939363366,1.0,0.7071067811865475,0.0,0.36363636363636365,0.0,1.0,100,1,2,3,1
234,633,0.03757638113218208,0.0,0.0,0.0,0.4,0.0,0.0,0,1,0,0,0
234,634,0.007215010109622775,0.0,0.0,0.0,0.42857142857142855,0.0,0.0,0,1,0,0,0
234,635,0.008715351720203865,0.0,0.0,0.6931471805599453,0.5,0.0,0.0,0,1,1,0,0
234,636,0.010352315769667293,0.0,0.0,0.0,0.5454545454545454,1.0,0.0,0,1,2,0,0
234,637,0.016411972781317907,0.0,0.0,0.0,0.2,0.0,1.0,0,1,1,0,0
234,638,0.002233397317622974,0.0,0.0,0.0,0.5555555555555556,0.0,0.0,0,1,0,0,1
234,639,0.6745361493894626,1.0,1.0,0.0,0.5,1.0,0.0,100,1,1,3,0
234,640,0.006514078936090307,0.0,0.0,0.6931471805599453,0.3333333333333333,0.0,0.0,0,1,2,0,0
234,641,0.010668056522225062,0.0,0.0,0.0,0.2,0.0,1.0,0,1,2,0,0
234,642,0.05148000036201171,0.0,0.0,0.0,0.6,0.0,0.0,0,1,2,0,0
234,643,0.00715537558122909,0.0,0.0,0.0,0.5714285714285714,0.0,1.0,0,1,1,0,0
234,644,0.001724483276120768,0.0,0.0,0.6931471805599453,0.42857142857142855,0.0,0.0,0,1,1,0,0
234,645,0.028317915620965115,0.0,0.0,0.0,0.42857142857142855,1.0,0.0,0,1,0,0,0
234,646,0.006899521184083251,0.0,0.0,0.0,0.625,0.0,0.0,0,1,1,0,1
234,647,0.0029129010012416516,0.0,0.0,0.0,0.6666666666666666,0.0,0.0,0,1,1,0,0
234,648,0.00876422412901889,0.0,0.0,0.0,0.2857142857142857,0.0,1.0,0,1,3,0,0
234,649,0.6620536934938079,1.0,1.0,0.0,0.5,0.0,0.0,100,1,1,3,1
234,650,0.02901600253071749,0.0,0.0,0.0,0.45454545454545453,1.0,0.0,0,1,2,0,0
234,651,0.001535083723322644,0.0,0.0,0.0,0.375,1.0,0.0,0,1,1,0,0
234,652,0.0017434040595205895,0.0,0.0,0.0,0.3333333333333333,0.0,1.0,0,1,1,0,0
234,653,0.027458995536557215,0.0,0.0,0.0,0.3333333333333333,0.0,0.0,0,1,1,0,0
234,654,0.011575941069529316,0.0,0.0,0.0,0.45454545454545453,0.0,0.0,0,1,2,0,0
234,655,0.021904739123646155,0.0,0.0,0.6931471805599453,0.7,0.0,0.0,0,1,3,0,0
234,656,0.00509221392535825,0.0,0.0,0.0,0.16666666666666666,0.0,1.0,10,1,2,0,0
234,657,0.0040868250334635,0.0,0.0,1.0986122886681098,0.75,0.0,0.0,0,1,3,0,0
234,658,0.011533115219304835,0.0,0.0,0.0,0.45454545454545453,1.0,0.0,0,1,2,0,0
234,659,0.658317736853595,0.75,0.0,0.0,0.2857142857142857,0.0,1.0,35,1,0,3,0
234,660,0.33486950707739815,1.0,0.7071067811865475,0.0,0.7,0.0,0.0,100,1,2,3,1
234,661,0.01133156041117879,0.0,0.0,0.0,0.25,0.0,1.0,0,1,2,0,0
234,662,0.009343345537879067,0.0,0.0,0.6931471805599453,0.7,0.0,0.0,0,1,2,0,0
234,663,0.008250112206264338,0.0,0.0,0.0,0.4444444444444444,1.0,0.0,0,1,2,0,0
234,664,0.0018106318225161115,0.0,0.0,0.6931471805599453,0.6,1.0,0.0,0,1,1,0,0
234,665,0.004579020642044968,0.0,0.0,0.6931471805599453,0.6666666666666666,0.0,0.0,0,1,3,0,1
234,666,0.011207111448981294,0.0,0.0,0.0,0.4444444444444444,0.0,1.0,0,1,2,0,0
234,667,0.025658360625828824,0.0,0.0,0.6931471805599453,0.5833333333333334,0.0,0.0,0,1,2,0,0
234,668,0.02378276433533265,0.0,0.7071067811865475,0.0,0.42857142857142855,0.0,0.0,100,1,2,0,0
234,669,0.027289290097089868,0.0,0.0,0.6931471805599453,0.42857142857142855,0.0,0.0,10,1,3,0,0
234,670,0.025543381877928185,0.0,0.0,0.0,0.2857142857142857,0.0,1.0,0,1,1,0,0
234,671,0.0017649888951729992,0.0,0.0,0.6931471805599453,0.4444444444444444,0.0,0.0,0,1,1,0,0
234,672,0.03997188436143737,0.0,0.0,0.0,0.5714285714285714,1.0,0.0,0,1,1,0,0
234,673,0.0018307474195704888,0.0,0.0,0.6931471805599453,0.2727272727272727,0.0,1.0,0,1,1,0,0
234,674,0.021350294367424052,0.0,0.0,0.0,0.25,0.0,1.0,0,1,1,0,0
234,675,0.02518641261944065,0.0,0.0,0.0,0.4444444444444444,1.0,0.0,0,1,1,0,0
234,676,0.031656601173370325,0.0,0.0,0.0,0.5,0.0,0.0,0,1,2,0,0
234,677,0.002526092217483876,0.0,0.0,0.6931471805599453,0.5,0.0,0.0,0,1,0,0,0
234,678,0.004873681245185122,0.0,0.0,0.0,0.5,0.0,0.0,0,1,0,0,0
234,679,0.01590522076386332,0.0,0.0,0.0,0.6666666666666666,0.0,0.0,0,1,1,0,0
234,680,0.03581670027626772,0.0,0.0,0.0,0.38461538461538464,0.0,1.0,0,1,2,0,0
234,681,0.2399530067861928,1.0,0.7071067811865475,0.0,0.5,1.0,0.0,100,1,2,3,1
234,682,0.025366355064188974,0.0,0.0,0.0,0.5714285714285714,0.0,0.0,0,1,1,0,0
235,623,0.04609960565828504,0.0,0.0,1.0986122886681098,0.7142857142857143,0.0,0.0,0,1,8,1,0
235,624,0.0,0.0,0.0,0.0,0.2857142857142857,0.0,0.0,0,1,0,0,1
235,625,0.012755261376229152,0.0,0.0,0.0,0.25,0.0,0.0,0,1,0,0,0
235,626,0.09667922663515789,0.0,0.0,0.0,0.4,0.0,1.0,0,1,1,1,0
235,627,0.008935380041267312,0.0,0.0,0.0,0.3333333333333333,0.0,1.0,0,1,1,0,0
235,628,0.018624400883077256,0.0,1.0,0.0,0.6,0.0,0.0,100,1,1,2,1
235,629,0.0,0.0,0.0,0.0,0.25,0.0,1.0,0,1,1,0,0
235,630,0.028125088223599486,0.0,0.0,0.6931471805599453,0.46153846153846156,0.0,1.0,0,1,2,0,0
235,631,0.5972040677001613,1.0,1.0,0.0,0.3333333333333333,0.0,0.0,100,1,1,3,1
235,632,0.06424467268478805,0.0,0.0,0.0,0.36363636363636365,0.0,1.0,10,1,2,0,0
235,633,0.05571733824807244,0.0,0.0,0.0,0.4,0.0,0.0,0,1,0,0,0
235,634,0.02666354820617677,0.0,0.0,0.0,0.42857142857142855,0.0,0.0,0,1,0,0,0
235,635,0.0366813017136712,0.0,0.0,0.6931471805599453,0.5,0.0,0.0,0,1,1,0,0
235,636,0.03942531235184961,0.0,0.0,0.0,0.5454545454545454,1.0,0.0,0,1,2,0,0
235,637,0.04262775295783021,0.0,0.0,0.0,0.2,0.0,1.0,0,1,1,0,0
235,638,0.03584897755124854,0.0,0.0,0.0,0.5555555555555556,0.0,0.0,0,1,0,0,0
235,639,0.034876168987605254,0.0,0.0,0.0,0.5,1.0,0.0,0,1,1,0,0
235,640,0.05845825687441829,0.0,0.0,0.6931471805599453,0.3333333333333333,0.0,0.0,0,1,2,1,0
235,641,0.0705688152425747,0.0,0.0,0.0,0.2,0.0,1.0,0,1,2,1,0
235,642,0.008530945384036138,0.0,0.0,0.0,0.6,0.0,0.0,0,1,2,0,0
235,643,0.01557485129336798,0.0,0.0,0.0,0.5714285714285714,0.0,1.0,10,1,1,0,0
235,644,0.018888455663706376,0.0,1.0,0.6931471805599453,0.38461538461538464,0.0,0.0,100,1,1,2,0
235,645,0.042758750189588184,0.0,0.0,0.0,0.42857142857142855,1.0,0.0,0,1,0,0,0
235,646,0.017264530928076335,0.0,0.0,0.0,0.625,0.0,0.0,10,1,1,0,0
235,647,0.038327485132327074,0.0,0.0,0.0,0.6666666666666666,0.0,0.0,10,1,1,0,0
235,648,0.03570578234103219,0.0,0.0,0.0,0.2857142857142857,0.0,1.0,10,1,3,1,0
235,649,0.015718259864125284,0.0,0.0,0.0,0.5,0.0,0.0,0,1,1,0,0
235,650,0.034890378318650515,0.0,0.0,0.0,0.45454545454545453,1.0,0.0,10,1,2,0,0
235,651,0.012925559301008884,0.0,0.0,0.0,0.375,1.0,0.0,0,1,1,0,0
235,652,0.01506875625122304,0.0,0.0,0.0,0.3333333333333333,0.0,1.0,10,1,1,0,0
235,653,0.035948945479030076,0.0,0.0,0.0,0.3333333333333333,0.0,0.0,0,1,1,0,0
235,654,0.02798454638378213,0.0,0.0,0.0,0.45454545454545453,0.0,0.0,0,1,2,1,0
235,655,0.025512153615806915,0.0,0.0,0.6931471805599453,0.7,0.0,0.0,20,1,3,0,0
235,656,0.02300516664937738,0.0,0.0,0.0,0.16666666666666666,0.0,1.0,0,1,2,0,0
235,657,0.0,0.0,0.0,1.0986122886681098,0.75,0.0,0.0,0,1,3,0,0
235,658,0.02299789776476042,0.0,0.0,0.0,0.45454545454545453,1.0,0.0,10,1,2,0,0
235,659,0.025400980721013433,0.0,0.0,0.0,0.2857142857142857,0.0,1.0,0,1,0,0,0
235,660,0.042344777814997576,0.0,0.0,0.0,0.7,0.0,0.0,0,1,2,0,0
235,661,0.024689818768300766,0.0,0.0,0.0,0.25,0.0,1.0,10,1,2,1,0
235,662,0.0419790805160347,0.0,0.0,0.6931471805599453,0.7,0.0,0.0,0,1,2,0,0
235,663,0.02404956097133539,0.0,0.0,0.0,0.4444444444444444,1.0,0.0,10,1,2,0,0
235,664,0.039658589943029586,0.0,0.0,0.6931471805599453,0.6,1.0,0.0,0,1,1,0,0
235,665,0.01062280897936981,0.0,0.0,0.6931471805599453,0.6666666666666666,0.0,0.0,20,1,3,0,0
235,666,0.039450761043756215,0.0,0.0,0.0,0.4444444444444444,0.0,1.0,0,1,2,1,1
235,667,0.03275742383642,0.0,0.7071067811865475,0.6931471805599453,0.5454545454545454,0.0,0.0,100,1,2,2,0
235,668,0.031519590237673624,0.0,0.0,0.0,0.42857142857142855,0.0,0.0,0,1,2,0,0
235,669,0.02356103083960155,0.0,0.0,0.6931471805599453,0.42857142857142855,0.0,0.0,10,1,3,0,0
235,670,0.023576955436840456,0.0,0.0,0.0,0.2857142857142857,0.0,1.0,0,1,1,0,0
235,671,0.004013058100960664,0.0,0.0,0.6931471805599453,0.4444444444444444,0.0,0.0,0,1,1,0,0
235,672,0.02194886645432442,0.0,0.0,0.0,0.5714285714285714,1.0,0.0,10,1,1,0,0
235,673,0.016291695115665784,0.0,1.0,0.6931471805599453,0.3,0.0,1.0,100,1,1,2,0
235,674,0.6212103260686335,1.0,1.0,0.0,0.25,0.0,1.0,100,1,1,3,0
235,675,0.011779324262448522,0.0,0.0,0.0,0.4444444444444444,1.0,0.0,0,1,1,0,0
235,676,0.5670901224456737,1.0,0.7071067811865475,0.0,0.5,0.0,0.0,100,1,2,3,1
235,677,0.0,0.0,0.0,0.6931471805599453,0.5,0.0,0.0,0,1,0,0,0
235,678,0.004883864476152548,0.0,0.0,0.0,0.5,0.0,0.0,0,1,0,0,0
235,679,0.041554086631499516,0.0,0.0,0.0,0.6666666666666666,0.0,0.0,10,1,1,0,0
235,680,0.017282129957521944,0.0,0.0,0.0,0.38461538461538464,0.0,1.0,0,1,2,0,0
235,681,0.013907984839771306,0.0,0.0,0.0,0.5,1.0,0.0,10,1,2,0,0
235,682,0.03957534818414847,0.0,0.0,0.6931471805599453,0.625,0.0,0.0,0,1,1,0,1
236,623,0.1002432300883713,0.75,0.35355339059327373,1.0986122886681098,0.7142857142857143,0.0,0.0,100,1,8,2,0
236,624,0.01920225726591036,0.0,0.0,0.0,0.2857142857142857,0.0,0.0,0,1,0,0,0
236,625,0.003098181923706673,0.0,0.0,0.0,0.25,0.0,0.0,0,1,0,0,0
236,626,0.020665576326870775,0.0,0.0,0.0,0.4,0.0,1.0,0,1,1,0,0
236,627,0.012674746213346893,0.0,0.0,0.0,0.3333333333333333,0.0,1.0,0,1,1,0,0
236,628,0.003472117920667387,0.0,0.0,0.0,0.6,0.0,0.0,0,1,1,0,0
236,629,0.019338408907935346,0.0,0.0,0.0,0.25,0.0,1.0,0,1,1,0,0
236,630,0.01087007461186654,0.0,0.0,0.6931471805599453,0.46153846153846156,0.0,1.0,0,1,2,0,0
236,631,0.009401751743415293,0.0,0.0,0.0,0.3333333333333333,0.0,0.0,0,1,1,0,0
236,632,0.03890976809452642,0.0,0.0,0.0,0.36363636363636365,0.0,1.0,10,1,2,0,0
236,633,0.008939727313557105,0.0,0.0,0.0,0.4,0.0,0.0,10,1,0,0,1
236,634,0.01867792801234297,0.0,0.0,0.0,0.42857142857142855,0.0,0.0,0,1,0,0,0
236,635,0.02913753637331399,0.0,0.0,0.6931471805599453,0.5,0.0,0.0,10,1,1,0,1
236,636,0.02416040961676955,0.0,0.0,0.0,0.5454545454545454,1.0,0.0,0,1,2,0,0
236,637,0.015025397852476221,0.0,0.0,0.0,0.2,0.0,1.0,0,1,1,0,0
236,638,0.015549479711246095,0.0,0.0,0.0,0.5555555555555556,0.0,0.0,0,1,0,0,0
236,639,0.00714669228038204,0.0,0.0,0.0,0.5,1.0,0.0,0,1,1,0,0
236,640,0.02558854950459312,0.0,0.0,0.6931471805599453,0.3333333333333333,0.0,0.0,0,1,2,0,0
236,641,0.026163770270132045,0.0,0.0,0.0,0.2,0.0,1.0,10,1,2,1,0
236,642,0.0386511577817905,0.0,0.7071067811865475,0.0,0.6,0.0,0.0,100,1,2,2,0
236,643,0.00555264116389442,0.0,0.0,0.0,0.5714285714285714,0.0,1.0,0,1,1,0,0
236,644,0.002724319170681766,0.0,0.0,0.6931471805599453,0.42857142857142855,0.0,0.0,0,1,1,0,0
236,645,0.03707978441183432,0.0,0.0,0.0,0.42857142857142855,1.0,0.0,10,1,0,0,0
236,646,0.012340713461406113,0.0,0.0,0.0,0.625,0.0,0.0,10,1,1,0,0
236,647,0.003111145840794461,0.0,0.0,0.0,0.6666666666666666,0.0,0.0,0,1,1,0,0
236,648,0.01243506906933578,0.0,0.0,0.0,0.2857142857142857,0.0,1.0,10,1,3,1,0
236,649,0.008168964242943619,0.0,0.0,0.0,0.5,0.0,0.0,0,1,1,0,0
236,650,0.02722355728083751,0.0,0.0,0.0,0.45454545454545453,1.0,0.0,10,1,2,0,0
236,651,0.0014053912949477292,0.0,0.0,0.0,0.375,1.0,0.0,0,1,1,0,0
236,652,0.0015961115681192024,0.0,0.0,0.0,0.3333333333333333,0.0,1.0,0,1,1,0,0
236,653,0.24262576325998458,1.0,1.0,0.0,0.36363636363636365,0.0,0.0,100,1,1,2,1
236,654,0.044971453188720166,0.0,0.0,0.0,0.45454545454545453,0.0,0.0,10,1,2,0,0
236,655,0.03028757164803595,0.0,0.0,0.6931471805599453,0.7,0.0,0.0,0,1,3,1,0
236,656,0.005527869289100442,0.0,0.0,0.0,0.16666666666666666,0.0,1.0,0,1,2,1,0
236,657,0.03328784069203444,0.0,0.0,1.0986122886681098,0.75,0.0,0.0,10,1,3,0,0
236,658,0.005431177771002535,0.0,0.0,0.0,0.45454545454545453,1.0,0.0,0,1,2,0,0
236,659,0.0064185257129256695,0.0,0.0,0.0,0.2857142857142857,0.0,1.0,0,1,0,0,0
236,660,0.015963120064079492,0.0,0.0,0.0,0.7,0.0,0.0,10,1,2,0,0
236,661,0.04110938957110055,0.0,0.0,0.0,0.25,0.0,1.0,10,1,2,0,0
236,662,0.00855396763389697,0.0,0.0,0.6931471805599453,0.7,0.0,0.0,0,1,2,0,0
236,663,0.0018653466507983418,0.0,0.0,0.0,0.4444444444444444,1.0,0.0,0,1,2,0,0
236,664,0.011907045741669895,0.0,0.0,0.6931471805599453,0.6,1.0,0.0,0,1,1,0,0
236,665,0.0041921594581088425,0.0,0.0,0.6931471805599453,0.6666666666666666,0.0,0.0,0,1,3,0,0
236,666,0.018242344383021646,0.0,0.0,0.0,0.4444444444444444,0.0,1.0,10,1,2,0,0
236,667,0.011282422835128507,0.0,0.0,0.6931471805599453,0.5833333333333334,0.0,0.0,0,1,2,0,0
236,668,0.013043845763329703,0.0,0.0,0.0,0.42857142857142855,0.0,0.0,10,1,2,0,0
236,669,0.014130725503051706,0.0,0.0,0.6931471805599453,0.42857142857142855,0.0,0.0,0,1,3,1,1
236,670,0.6092238057396075,1.0,0.0,0.0,0.2857142857142857,0.0,1.0,35,1,1,3,1
236,671,0.0016158727965576841,0.0,0.0,0.6931471805599453,0.4444444444444444,0.0,0.0,0,1,1,0,0
236,672,0.015374413971086007,0.0,0.0,0.0,0.5714285714285714,1.0,0.0,0,1,1,1,0
236,673,0.003760905542584345,0.0,0.0,0.6931471805599453,0.3,0.0,1.0,0,1,1,0,0
236,674,0.020682530533539488,0.0,0.0,0.0,0.25,0.0,1.0,10,1,1,0,0
236,675,0.03264043002918859,0.0,0.0,0.0,0.4444444444444444,1.0,0.0,0,1,1,0,0
236,676,0.01554340631384595,0.0,0.0,0.0,0.5555555555555556,0.0,0.0,0,1,2,0,0
236,677,0.0023126738683691165,0.0,0.0,0.6931471805599453,0.5,0.0,0.0,0,1,0,0,0
236,678,0.002212990748533479,0.0,0.0,0.0,0.5,0.0,0.0,0,1,0,0,0
236,679,0.011854965519692985,0.0,0.0,0.0,0.6363636363636364,0.0,0.0,10,1,1,0,0
236,680,0.03339569677464678,0.0,0.0,0.0,0.38461538461538464,0.0,1.0,0,1,2,0,0
236,681,0.004610667049209595,0.0,0.0,0.0,0.5,1.0,0.0,10,1,2,0,0
236,682,0.01457445385749984,0.0,0.0,0.6931471805599453,0.625,0.0,0.0,10,1,1,0,0
237,623,0.029840341366185113,0.0,0.0,1.0986122886681098,0.7142857142857143,0.0,0.0,0,1,8,1,0
237,624,0.03518816073080803,0.0,0.0,0.0,0.2857142857142857,0.0,0.0,10,1,0,0,0
237,625,0.01336041149674652,0.0,0.0,0.0,0.25,0.0,0.0,0,1,0,0,0
237,626,0.03403472238465997,0.0,0.0,0.0,0.4,0.0,1.0,0,1,1,1,0
237,627,0.006664814062552073,0.0,0.0,0.0,0.3333333333333333,0.0,1.0,0,1,1,0,0
237,628,0.5714070530553403,0.4,1.0,0.0,0.6,0.0,0.0,100,1,1,3,1
237,629,0.011790198379722729,0.0,0.0,0.0,0.25,0.0,1.0,0,1,1,0,0
237,630,0.019804125196441084,0.0,0.0,0.6931471805599453,0.46153846153846156,0.0,1.0,0,1,2,0,1
237,631,0.020685382323344097,0.0,1.0,0.0,0.3333333333333333,0.0,0.0,100,1,1,2,0
237,632,0.024303416906577932,0.0,0.0,0.0,0.36363636363636365,0.0,1.0,0,1,2,0,0
237,633,0.01334043060457641,0.0,0.0,0.0,0.4,0.0,0.0,0,1,0,0,0
237,634,0.00849760536382406,0.0,0.0,0.0,0.42857142857142855,0.0,0.0,0,1,0,0,0
237,635,0.014559176768169684,0.0,0.0,0.6931471805599453,0.5,0.0,0.0,0,1,1,0,0
237,636,0.006788521838202016,0.0,0.0,0.0,0.5454545454545454,1.0,0.0,0,1,2,0,1
237,637,0.0354453122669904,0.0,0.0,0.0,0.2,0.0,1.0,0,1,1,0,0
237,638,0.012972061439102501,0.0,0.0,0.0,0.5555555555555556,0.0,0.0,0,1,0,0,0
237,639,0.03065748314528038,0.0,0.0,0.0,0.5,1.0,0.0,0,1,1,0,0
237,640,0.03922080336145334,0.0,0.0,0.6931471805599453,0.3333333333333333,0.0,0.0,0,1,2,1,0
237,641,0.026172315487320918,0.0,0.0,0.0,0.2,0.0,1.0,0,1,2,1,0
237,642,0.0047399813629058615,0.0,0.0,0.0,0.6,0.0,0.0,0,1,2,0,0
237,643,0.028002108203812152,0.0,0.0,0.0,0.5714285714285714,0.0,1.0,0,1,1,0,0
237,644,0.4731798205569296,0.4,1.0,0.6931471805599453,0.42857142857142855,0.0,0.0,100,1,1,3,0
237,645,0.01642904373946233,0.0,0.0,0.0,0.42857142857142855,1.0,0.0,0,1,0,0,1
237,646,0.0011973791631529687,0.0,0.0,0.0,0.625,0.0,0.0,0,1,1,0,0
237,647,0.010865960898027506,0.0,0.0,0.0,0.6666666666666666,0.0,0.0,0,1,1,0,0
237,648,0.017774578751161903,0.0,0.0,0.0,0.3076923076923077,0.0,1.0,0,1,3,1,0
237,649,0.016575294442561114,0.0,0.0,0.0,0.5,0.0,0.0,0,1,1,0,0
237,650,0.0034679669306118596,0.0,0.0,0.0,0.45454545454545453,1.0,0.0,0,1,2,0,0
237,651,0.0021089285872516383,0.0,0.0,0.0,0.375,1.0,0.0,0,1,1,0,0
237,652,0.016865082107421058,0.0,0.0,0.0,0.3333333333333333,0.0,1.0,0,1,1,0,0
237,653,0.005505008708151245,0.0,0.0,0.0,0.3333333333333333,0.0,0.0,0,1,1,0,1
237,654,0.0028944627046927117,0.0,0.0,0.0,0.45454545454545453,0.0,0.0,0,1,2,1,1
237,655,0.028090036904428968,0.0,0.0,0.6931471805599453,0.7,0.0,0.0,0,1,3,0,0
237,656,0.014761622225977737,0.0,0.0,0.0,0.16666666666666666,0.0,1.0,0,1,2,0,0
237,657,0.030736728202243574,0.0,0.0,1.0986122886681098,0.8181818181818182,0.0,0.0,0,1,3,0,0
237,658,0.026413465938914242,0.0,0.0,0.0,0.45454545454545453,1.0,0.0,0,1,2,0,0
237,659,0.028493937939889302,0.0,0.0,0.0,0.2857142857142857,0.0,1.0,0,1,0,0,0
237,660,0.03031141176985519,0.0,0.0,0.0,0.7,0.0,0.0,0,1,2,0,0
237,661,0.00925607091915659,0.0,0.0,0.0,0.25,0.0,1.0,0,1,2,1,0
237,662,0.01100039618099822,0.0,0.0,0.6931471805599453,0.7,0.0,0.0,0,1,2,0,0
237,663,0.017387560228293557,0.0,0.0,0.0,0.4444444444444444,1.0,0.0,0,1,2,0,0
237,664,0.01430149394254827,0.0,0.0,0.6931471805599453,0.6,1.0,0.0,0,1,1,0,0
237,665,0.0035845940264016846,0.0,0.0,0.6931471805599453,0.6666666666666666,0.0,0.0,0,1,3,0,0
237,666,0.011140582413456652,0.0,0.0,0.0,0.375,0.0,1.0,0,1,2,1,0
237,667,0.25367986250672286,0.4,0.7071067811865475,0.6931471805599453,0.5833333333333334,0.0,0.0,100,1,2,3,1
237,668,0.020506980530249505,0.0,0.0,0.0,0.42857142857142855,0.0,0.0,0,1,2,0,0
237,669,0.015080511543018163,0.0,0.0,0.6931471805599453,0.42857142857142855,0.0,0.0,0,1,3,0,0
237,670,0.003063723149077235,0.0,0.0,0.0,0.2857142857142857,0.0,1.0,0,1,1,0,0
237,671,0.010666085467401842,0.0,0.0,0.6931471805599453,0.4444444444444444,0.0,0.0,0,1,1,0,0
237,672,0.008262248318469764,0.0,0.0,0.0,0.5714285714285714,1.0,0.0,0,1,1,0,1
237,673,0.5327784563324738,0.4,1.0,0.6931471805599453,0.2727272727272727,0.0,1.0,100,1,1,3,0
237,674,0.027480532015320035,0.0,1.0,0.0,0.25,0.0,1.0,100,1,1,2,1
237,675,0.019203492246058745,0.0,0.0,0.0,0.4444444444444444,1.0,0.0,0,1,1,0,0
237,676,0.013805132237673504,0.0,0.7071067811865475,0.0,0.5,0.0,0.0,100,1,2,2,0
237,677,0.005271938787878671,0.0,0.0,0.6931471805599453,0.5,0.0,0.0,0,1,0,0,0
237,678,0.006432224676551658,0.0,0.0,0.0,0.5,0.0,0.0,0,1,0,0,0
237,679,0.02399557648562555,0.0,0.0,0.0,0.6666666666666666,0.0,0.0,0,1,1,0,0
237,680,0.005676215185674893,0.0,0.0,0.0,0.38461538461538464,0.0,1.0,0,1,2,0,0
237,681,0.013704924807758714,0.0,0.0,0.0,0.5,1.0,0.0,0,1,2,0,0
237,682,0.02687524794866978,0.0,0.0,0.6931471805599453,0.625,0.0,0.0,0,1,1,0,0
238,623,0.007839715739586339,0.0,0.0,1.0986122886681098,0.7142857142857143,0.0,0.0,0,1,8,1,0
238,624,0.00604819000112173,0.0,0.0,0.0,0.2857142857142857,0.0,0.0,0,1,0,0,0
238,625,0.002443079791716966,0.0,0.0,0.0,0.25,0.0,0.0,0,1,0,0,0
238,626,0.006558395350900571,0.0,0.0,0.0,0.4,0.0,1.0,0,1,1,0,0
238,627,0.014366878142774453,0.0,0.0,0.0,0.3333333333333333,0.0,1.0,0,1,1,0,0
238,628,0.00473758922094897,0.0,0.0,0.0,0.6,0.0,0.0,0,1,1,0,0
238,629,0.003846933489651982,0.0,0.0,0.0,0.25,0.0,1.0,0,1,1,0,1
238,630,0.004207177235007189,0.0,0.0,0.6931471805599453,0.46153846153846156,0.0,1.0,0,1,2,0,0
238,631,0.023381398128533303,0.0,0.0,0.0,0.3333333333333333,0.0,0.0,0,1,1,0,0
238,632,0.011253102379942162,0.0,0.0,0.0,0.36363636363636365,0.0,1.0,0,1,2,0,0
238,633,0.009631222104537566,0.0,0.0,0.0,0.4,0.0,0.0,0,1,0,0,0
238,634,0.003905852172011637,0.0,0.0,0.0,0.42857142857142855,0.0,0.0,0,1,0,0,0
238,635,0.004313696269132461,0.0,0.0,0.6931471805599453,0.5,0.0,0.0,0,1,1,0,0
238,636,0.004545009527267055,0.0,0.0,0.0,0.5454545454545454,1.0,0.0,0,1,2,0,0
238,637,0.014210345249435388,0.0,0.0,0.0,0.2,0.0,1.0,0,1,1,0,0
238,638,0.0035130311707519324,0.0,0.0,0.0,0.5555555555555556,0.0,0.0,0,1,0,0,0
238,639,0.003240240909727288,0.0,0.0,0.0,0.5,1.0,0.0,0,1,1,0,0
238,640,0.0034190633136435174,0.0,0.0,0.6931471805599453,0.3333333333333333,0.0,0.0,0,1,2,0,0
238,641,0.028396420448525132,0.0,0.0,0.0,0.2,0.0,1.0,0,1,2,0,0
238,642,0.003391556915842594,0.0,0.0,0.0,0.6,0.0,0.0,0,1,2,0,0
238,643,0.002817069574713465,0.0,0.0,0.0,0.5714285714285714,0.0,1.0,0,1,1,0,0
238,644,0.0051407996344363955,0.0,0.0,0.6931471805599453,0.42857142857142855,0.0,0.0,0,1,1,0,0
238,645,0.009216973245144498,0.0,0.0,0.0,0.42857142857142855,1.0,0.0,0,1,0,0,0
238,646,0.09922297167962796,0.0,0.0,0.0,0.5714285714285714,0.0,0.0,10,1,1,1,0
238,647,0.04125947323246078,0.0,1.0,0.0,0.6666666666666666,0.0,0.0,100,1,1,2,0
238,648,0.016524261350638877,0.0,0.0,0.0,0.2857142857142857,0.0,1.0,0,1,3,0,0
238,649,0.003611542416790865,0.0,0.0,0.0,0.5,0.0,0.0,0,1,1,0,0
238,650,0.26038110522170016,1.0,0.7071067811865475,0.0,0.45454545454545453,1.0,0.0,100,1,2,2,1
238,651,0.0024146160323528947,0.0,0.0,0.0,0.375,1.0,0.0,0,1,1,0,0
238,652,0.0027422943315924607,0.0,0.0,0.0,0.3333333333333333,0.0,1.0,0,1,1,0,0
238,653,0.08649154627046232,0.0,0.0,0.0,0.3333333333333333,0.0,0.0,0,1,1,1,0
238,654,0.011389771550608559,0.0,0.0,0.0,0.45454545454545453,0.0,0.0,10,1,2,0,0
238,655,0.1744779420059769,0.0,0.0,0.6931471805599453,0.7,0.0,0.0,30,1,3,1,1
238,656,0.04300265894053055,0.0,0.0,0.0,0.16666666666666666,0.0,1.0,0,1,2,0,0
238,657,0.010325555836840902,0.0,0.0,1.0986122886681098,0.7272727272727273,0.0,0.0,0,1,3,1,1
238,658,0.0025946611390788576,0.0,0.0,0.0,0.45454545454545453,1.0,0.0,0,1,2,0,0
238,659,0.0027688605121697412,0.0,0.0,0.0,0.2857142857142857,0.0,1.0,0,1,0,0,0
238,660,0.004027959571077012,0.0,0.0,0.0,0.7,0.0,0.0,0,1,2,1,0
238,661,0.009958065976925223,0.0,0.0,0.0,0.25,0.0,1.0,0,1,2,0,0
238,662,0.008559452886636015,0.0,0.0,0.6931471805599453,0.7,0.0,0.0,0,1,2,0,0
238,663,0.00501334502397935,0.0,0.7071067811865475,0.0,0.4444444444444444,1.0,0.0,100,1,2,2,0
238,664,0.0028480405080921053,0.0,0.0,0.6931471805599453,0.6,1.0,0.0,0,1,1,0,0
238,665,0.055866396161730135,0.0,0.5773502691896258,0.6931471805599453,0.6666666666666666,0.0,0.0,100,1,3,1,1
238,666,0.005983742229083913,0.0,0.0,0.0,0.4444444444444444,0.0,1.0,0,1,2,0,0
238,667,0.29179222620407286,1.0,0.7071067811865475,0.6931471805599453,0.5833333333333334,0.0,0.0,100,1,2,3,0
238,668,0.002930626906596956,0.0,0.0,0.0,0.42857142857142855,0.0,0.0,0,1,2,1,0
238,669,0.027169316649945353,0.0,0.0,0.6931471805599453,0.42857142857142855,0.0,0.0,20,1,3,0,0
238,670,0.011397239525064252,0.0,0.0,0.0,0.2857142857142857,0.0,1.0,0,1,1,0,0
238,671,0.002776246284460022,0.0,0.0,0.6931471805599453,0.4444444444444444,0.0,0.0,0,1,1,0,0
238,672,0.4091729952210423,1.0,0.0,0.0,0.5714285714285714,1.0,0.0,35,1,1,2,0
238,673,0.004352716455303031,0.0,0.0,0.6931471805599453,0.2727272727272727,0.0,1.0,0,1,1,0,0
238,674,0.03631637739648706,0.0,0.0,0.0,0.25,0.0,1.0,0,1,1,0,0
238,675,0.08773149956784933,0.0,0.0,0.0,0.4444444444444444,1.0,0.0,10,1,1,0,0
238,676,0.034950065465071525,0.0,0.0,0.0,0.5,0.0,0.0,10,1,2,0,0
238,677,0.039703570313022574,0.0,0.0,0.6931471805599453,0.5,0.0,0.0,0,1,0,0,0
238,678,0.003802160266729355,0.0,0.0,0.0,0.5,0.0,0.0,0,1,0,0,1
238,679,0.0031833820201072117,0.0,0.0,0.0,0.6666666666666666,0.0,0.0,0,1,1,1,0
238,680,0.40295396311149734,1.0,0.7071067811865475,0.0,0.38461538461538464,0.0,1.0,100,1,2,3,0
238,681,0.059636575909550266,0.0,0.0,0.0,0.5,1.0,0.0,0,1,2,0,0
238,682,0.0030177322079061038,0.0,0.0,0.6931471805599453,0.5714285714285714,0.0,0.0,0,1,1,1,1
239,623,0.11153858663613869,0.5,0.25,1.0986122886681098,0.7142857142857143,0.0,0.0,50,2,8,2,0
239,624,0.0,0.0,0.0,0.0,0.2857142857142857,0.0,0.0,0,2,0,0,0
239,625,0.0006206966302928649,0.0,0.0,0.0,0.25,0.0,0.0,0,2,0,0,0
239,626,0.011423261595544024,0.0,0.0,0.0,0.4,0.0,1.0,0,2,1,0,0
239,627,0.08061373368846178,0.0,0.0,0.0,0.3333333333333333,0.0,1.0,10,2,1,0,0
239,628,0.03356188475189682,0.0,0.0,0.0,0.6,0.0,0.0,10,2,1,0,0
239,629,0.0,0.0,0.0,0.0,0.25,0.0,1.0,0,2,1,0,0
239,630,0.011602314791324021,0.0,0.0,0.6931471805599453,0.46153846153846156,0.0,1.0,0,2,2,0,0
239,631,0.009701305484747673,0.0,0.0,0.0,0.3333333333333333,0.0,0.0,10,2,1,0,0
239,632,0.025140526700000602,0.0,0.0,0.0,0.36363636363636365,0.0,1.0,10,2,2,0,0
239,633,0.009396432722247907,0.0,0.0,0.0,0.4,0.0,0.0,0,2,0,0,0
239,634,0.0037029422948281297,0.0,0.0,0.0,0.42857142857142855,0.0,0.0,0,2,0,0,0
239,635,0.006753339007363794,0.0,0.7071067811865475,0.6931471805599453,0.5,0.0,0.0,50,2,1,0,0
239,636,0.019310463770069616,0.0,1.0,0.0,0.5454545454545454,1.0,0.0,100,2,2,2,0
239,637,0.06176173912278956,0.0,0.0,0.0,0.2,0.0,1.0,10,2,1,0,0
239,638,0.004998660004060119,0.0,0.0,0.0,0.5555555555555556,0.0,0.0,0,2,0,0,1
239,639,0.0,0.0,0.0,0.0,0.5,1.0,0.0,0,2,1,0,0
239,640,0.018279086943016044,0.0,0.5,0.6931471805599453,0.3333333333333333,0.0,0.0,50,2,2,0,0
239,641,0.019684970047219627,0.0,0.0,0.0,0.2,0.0,1.0,10,2,2,0,0
239,642,0.0,0.0,0.0,0.0,0.6,0.0,0.0,0,2,2,0,0
239,643,0.6271337449686276,1.0,0.7071067811865475,0.0,0.5714285714285714,0.0,1.0,50,2,1,3,0
239,644,0.012351048081695074,0.0,0.0,0.6931471805599453,0.42857142857142855,0.0,0.0,0,2,1,0,0
239,645,0.04136995394146791,0.0,0.0,0.0,0.42857142857142855,1.0,0.0,0,2,0,0,0
239,646,0.013229253625527312,0.0,0.0,0.0,0.625,0.0,0.0,10,2,1,0,0
239,647,0.07272018111344945,0.0,0.0,0.0,0.6666666666666666,0.0,0.0,10,2,1,1,0
239,648,0.03956803928569326,0.0,0.0,0.0,0.2857142857142857,0.0,1.0,10,2,3,0,0
239,649,0.0,0.0,0.0,0.0,0.5,0.0,0.0,0,2,1,0,0
239,650,0.052751784863189446,0.0,0.0,0.0,0.45454545454545453,1.0,0.0,0,2,2,0,0
239,651,0.0,0.0,0.0,0.0,0.375,1.0,0.0,0,2,1,0,0
239,652,0.026786621364317746,0.0,0.0,0.0,0.3333333333333333,0.0,1.0,10,2,1,0,0
239,653,0.020709128840715782,0.0,0.0,0.0,0.3333333333333333,0.0,0.0,0,2,1,0,0
239,654,0.0,0.0,0.5,0.0,0.45454545454545453,0.0,0.0,50,2,2,0,1
239,655,0.024483600384217055,0.0,0.0,0.6931471805599453,0.7,0.0,0.0,20,2,3,0,0
239,656,0.024530057290525886,0.0,0.5,0.0,0.18181818181818182,0.0,1.0,50,2,2,0,0
239,657,0.0,0.0,0.0,1.0986122886681098,0.75,0.0,0.0,0,2,3,0,0
239,658,0.6217030209834552,1.0,0.5,0.0,0.45454545454545453,1.0,0.0,50,2,2,3,0
239,659,0.0,0.0,0.0,0.0,0.2857142857142857,0.0,1.0,0,2,0,0,0
239,660,0.1073235168241981,0.0,0.0,0.0,0.7,0.0,0.0,20,2,2,0,0
239,661,0.11615025736905014,0.75,0.5,0.0,0.25,0.0,1.0,50,2,2,2,0
239,662,0.02230512768608484,0.0,0.5,0.6931471805599453,0.7,0.0,0.0,50,2,2,1,0
239,663,0.0127677487024086,0.0,0.0,0.0,0.4444444444444444,1.0,0.0,0,2,2,0,0
239,664,0.0,0.0,0.0,0.6931471805599453,0.6,1.0,0.0,0,2,1,0,0
239,665,0.07040597157011977,0.0,0.0,0.6931471805599453,0.6666666666666666,0.0,0.0,20,2,3,1,1
239,666,0.010268270769003662,0.0,0.5,0.0,0.4444444444444444,0.0,1.0,50,2,2,2,0
239,667,0.014355612822980634,0.0,0.0,0.6931471805599453,0.5833333333333334,0.0,0.0,0,2,2,0,0
239,668,0.1588668114174937,0.0,0.0,0.0,0.42857142857142855,0.0,0.0,20,2,2,0,0
239,669,0.011725259657298839,0.0,0.4082482904638631,0.0,0.3333333333333333,0.0,0.0,50,2,3,0,0
239,670,0.010697672425768705,0.0,0.7071067811865475,0.0,0.3333333333333333,0.0,1.0,50,2,1,0,0
239,671,0.009266474828644924,0.0,0.7071067811865475,0.6931471805599453,0.4444444444444444,0.0,0.0,50,2,1,2,0
239,672,0.009836662214085554,0.0,0.0,0.0,0.5714285714285714,1.0,0.0,10,2,1,0,0
239,673,0.017129223204012004,0.0,0.0,0.6931471805599453,0.2727272727272727,0.0,1.0,10,2,1,0,0
239,674,0.010255810624374938,0.0,0.0,0.0,0.25,0.0,1.0,0,2,1,0,0
239,675,0.08246589076747884,0.0,0.0,0.0,0.4444444444444444,1.0,0.0,10,2,1,0,0
239,676,0.015369215734364233,0.0,0.0,0.0,0.5,0.0,0.0,10,2,2,0,0
239,677,0.12202014918756292,0.0,0.0,0.6931471805599453,0.45454545454545453,0.0,0.0,10,2,0,1,0
239,678,0.006330306981647696,0.0,0.0,0.0,0.5,0.0,0.0,0,2,0,0,0
239,679,0.14278899071601944,0.0,0.0,0.0,0.6666666666666666,0.0,0.0,0,2,1,0,0
239,680,0.07628145686492849,0.0,0.0,0.0,0.38461538461538464,0.0,1.0,10,2,2,0,0
239,681,0.084331763426316,0.0,0.0,0.0,0.5,1.0,0.0,10,2,2,1,0
239,682,0.10414929763233303,0.0,0.0,0.6931471805599453,0.625,0.0,0.0,20,2,1,0,0
240,623,0.02026795995292731,0.0,0.35355339059327373,1.0986122886681098,0.7142857142857143,0.0,0.0,100,1,8,1,0
240,624,0.0037851442624699905,0.0,0.0,0.0,0.2857142857142857,0.0,0.0,0,1,0,0,0
240,625,0.011196893826058539,0.0,0.0,0.0,0.25,0.0,0.0,0,1,0,0,0
240,626,0.012305794002178662,0.0,0.0,0.0,0.4,0.0,1.0,0,1,1,0,0
240,627,0.013628470027837798,0.0,0.0,0.0,0.3333333333333333,0.0,1.0,0,1,1,0,0
240,628,0.01803393710074351,0.0,0.0,0.0,0.6,0.0,0.0,0,1,1,0,0
240,629,0.0024075298930356453,0.0,0.0,0.0,0.25,0.0,1.0,0,1,1,0,0
240,630,0.028278983684401928,0.0,0.0,0.6931471805599453,0.46153846153846156,0.0,1.0,0,1,2,0,0
240,631,0.013762691897178422,0.0,0.0,0.0,0.3333333333333333,0.0,0.0,0,1,1,0,0
240,632,0.03694460572584065,0.0,0.0,0.0,0.36363636363636365,0.0,1.0,0,1,2,0,0
240,633,0.03422408939737262,0.0,0.0,0.0,0.4,0.0,0.0,0,1,0,0,0
240,634,0.0046873550261587954,0.0,0.0,0.0,0.42857142857142855,0.0,0.0,0,1,0,0,0
240,635,0.00977793766361946,0.0,0.0,0.6931471805599453,0.5,0.0,0.0,0,1,1,0,0
240,636,0.5120319699939655,1.0,0.7071067811865475,0.0,0.5454545454545454,1.0,0.0,100,1,2,3,0
240,637,0.04430519558887782,0.0,0.0,0.0,0.2,0.0,1.0,0,1,1,0,0
240,638,0.0021985635003833734,0.0,0.0,0.0,0.5555555555555556,0.0,0.0,0,1,0,0,0
240,639,0.00466018663236639,0.0,0.0,0.0,0.5,1.0,0.0,0,1,1,0,0
240,640,0.009227643813976541,0.0,0.0,0.6931471805599453,0.3333333333333333,0.0,0.0,0,1,2,0,0
240,641,0.024927263770140314,0.0,0.0,0.0,0.2,0.0,1.0,0,1,2,0,0
240,642,0.012537449319277784,0.0,0.0,0.0,0.6,0.0,0.0,0,1,2,0,0
240,643,0.058942517114403445,0.0,1.0,0.0,0.5714285714285714,0.0,1.0,100,1,1,2,0
240,644,0.007757408421856941,0.0,0.0,0.6931471805599453,0.42857142857142855,0.0,0.0,0,1,1,0,0
240,645,0.04112039820806325,0.0,0.0,0.0,0.42857142857142855,1.0,0.0,0,1,0,0,0
240,646,0.020267925592910595,0.0,0.0,0.0,0.625,0.0,0.0,0,1,1,0,0
240,647,0.037581140659042146,0.0,0.0,0.0,0.6666666666666666,0.0,0.0,0,1,1,1,0
240,648,0.02400891411213911,0.0,0.0,0.0,0.2857142857142857,0.0,1.0,0,1,3,0,0
240,649,0.0037271556296344256,0.0,0.0,0.0,0.5,0.0,0.0,0,1,1,0,0
240,650,0.03146826445805004,0.0,0.0,0.0,0.45454545454545453,1.0,0.0,0,1,2,0,0
240,651,0.00867642718065422,0.0,0.0,0.0,0.375,1.0,0.0,0,1,1,0,0
240,652,0.05491630227513156,0.0,0.0,0.0,0.3333333333333333,0.0,1.0,0,1,1,0,0
240,653,0.020603701729708074,0.0,0.0,0.0,0.3333333333333333,0.0,0.0,0,1,1,0,0
240,654,0.08211330865855604,0.0,0.0,0.0,0.45454545454545453,0.0,0.0,0,1,2,0,0
240,655,0.057071659702279065,0.0,0.0,0.6931471805599453,0.7,0.0,0.0,0,1,3,0,0
240,656,0.011695458102976165,0.0,0.0,0.0,0.16666666666666666,0.0,1.0,0,1,2,0,0
240,657,0.004023083703077464,0.0,0.0,1.0986122886681098,0.75,0.0,0.0,0,1,3,0,0
240,658,0.05953791781588398,0.0,0.7071067811865475,0.0,0.45454545454545453,1.0,0.0,100,1,2,2,1
240,659,0.001732838498670716,0.0,0.0,0.0,0.2857142857142857,0.0,1.0,0,1,0,0,0
240,660,0.03382874317855248,0.0,0.0,0.0,0.7,0.0,0.0,0,1,2,0,1
240,661,0.08694619064168227,0.0,0.7071067811865475,0.0,0.25,0.0,1.0,100,1,2,1,0
240,662,0.3075801176531811,1.0,0.7071067811865475,0.6931471805599453,0.7,0.0,0.0,100,1,2,2,1
240,663,0.010840940066158555,0.0,0.0,0.0,0.4444444444444444,1.0,0.0,0,1,2,0,0
240,664,0.0045990447797885576,0.0,0.0,0.6931471805599453,0.6,1.0,0.0,0,1,1,0,0
240,665,0.025443320991952175,0.0,0.0,0.6931471805599453,0.6666666666666666,0.0,0.0,0,1,3,1,0
240,666,0.5975451063450182,1.0,0.7071067811865475,0.0,0.4444444444444444,0.0,1.0,100,1,2,3,0
240,667,0.03606597695140011,0.0,0.0,0.6931471805599453,0.5833333333333334,0.0,0.0,0,1,2,0,0
240,668,0.035006315027903086,0.0,0.0,0.0,0.42857142857142855,0.0,0.0,0,1,2,0,0
240,669,0.01195013309706476,0.0,0.0,0.6931471805599453,0.42857142857142855,0.0,0.0,0,1,3,0,0
240,670,0.004609578589744976,0.0,1.0,0.0,0.2857142857142857,0.0,1.0,100,1,1,0,0
240,671,0.5018623586862192,1.0,1.0,0.6931471805599453,0.4444444444444444,0.0,0.0,100,1,1,3,0
240,672,0.03613770840277919,0.0,0.0,0.0,0.5714285714285714,1.0,0.0,0,1,1,0,0
240,673,0.015669541417694735,0.0,0.0,0.6931471805599453,0.2727272727272727,0.0,1.0,0,1,1,0,0
240,674,0.01761655038400944,0.0,0.0,0.0,0.25,0.0,1.0,0,1,1,0,0
240,675,0.04685761484053177,0.0,0.0,0.0,0.4444444444444444,1.0,0.0,0,1,1,0,0
240,676,0.015620255562486798,0.0,0.0,0.0,0.5,0.0,0.0,0,1,2,0,0
240,677,0.038983475207445696,0.0,0.0,0.6931471805599453,0.5,0.0,0.0,0,1,0,1,0
240,678,0.00849347323971135,0.0,0.0,0.0,0.5,0.0,0.0,0,1,0,0,0
240,679,0.029090398031905572,0.0,0.0,0.0,0.6666666666666666,0.0,0.0,0,1,1,0,0
240,680,0.04776719683487051,0.0,0.0,0.0,0.38461538461538464,0.0,1.0,0,1,2,0,0
240,681,0.023860282424172288,0.0,0.0,0.0,0.5,1.0,0.0,0,1,2,1,0
240,682,0.03823432776036799,0.0,0.0,0.6931471805599453,0.625,0.0,0.0,0,1,1,0,0
241,623,0.011302035613910579,0.0,0.0,1.0986122886681098,0.7142857142857143,0.0,0.0,0,1,8,0,0
241,624,0.47816511327015154,1.0,0.0,0.0,0.2857142857142857,0.0,0.0,35,1,0,3,1
241,625,0.0,0.0,0.0,0.0,0.25,0.0,0.0,0,1,0,0,0
241,626,0.0,0.0,0.0,0.0,0.4,0.0,1.0,0,1,1,0,0
241,627,0.03999283251575633,0.0,0.0,0.0,0.3333333333333333,0.0,1.0,0,1,1,0,0
241,628,0.006260494420751217,0.0,0.0,0.0,0.6,0.0,0.0,0,1,1,0,0
241,629,0.6889498221726614,1.0,1.0,0.0,0.25,0.0,1.0,100,1,1,3,1
241,630,0.004120924678882528,0.0,0.0,0.6931471805599453,0.46153846153846156,0.0,1.0,0,1,2,0,0
241,631,0.0,0.0,0.0,0.0,0.3333333333333333,0.0,0.0,0,1,1,0,0
241,632,0.009176715998763746,0.0,0.0,0.0,0.4,0.0,1.0,0,1,2,1,0
241,633,0.0,0.0,0.0,0.0,0.4,0.0,0.0,0,1,0,0,0
241,634,0.029183278106826947,0.0,0.0,0.0,0.42857142857142855,0.0,0.0,0,1,0,0,0
241,635,0.013771394333283341,0.0,0.0,0.6931471805599453,0.5,0.0,0.0,0,1,1,0,0
241,636,0.008459448084212454,0.0,0.0,0.0,0.5454545454545454,1.0,0.0,0,1,2,0,0
241,637,0.036838937846608646,0.0,1.0,0.0,0.2,0.0,1.0,100,1,1,2,0
241,638,0.02622911609018716,0.0,0.0,0.0,0.5555555555555556,0.0,0.0,0,1,0,0,0
241,639,0.0,0.0,0.0,0.0,0.5,1.0,0.0,0,1,1,0,0
241,640,0.025006977391015095,0.0,0.0,0.6931471805599453,0.3333333333333333,0.0,0.0,0,1,2,0,0
241,641,0.04693401544968943,0.0,0.0,0.0,0.2,0.0,1.0,10,1,2,0,0
241,642,0.021335390695339698,0.0,0.0,0.0,0.6,0.0,0.0,0,1,2,0,0
241,643,0.004139160263042881,0.0,0.0,0.0,0.5714285714285714,0.0,1.0,0,1,1,0,0
241,644,0.020637321852139453,0.0,0.0,0.6931471805599453,0.42857142857142855,0.0,0.0,10,1,1,0,0
241,645,0.007989118465352213,0.0,0.0,0.0,0.5,1.0,0.0,0,1,0,1,1
241,646,0.0,0.0,0.0,0.0,0.625,0.0,0.0,0,1,1,0,0
241,647,0.0,0.0,0.0,0.0,0.6666666666666666,0.0,0.0,0,1,1,0,0
241,648,0.022615040965442562,0.0,0.0,0.0,0.2857142857142857,0.0,1.0,10,1,3,0,0
241,649,0.0,0.0,0.0,0.0,0.5,0.0,0.0,0,1,1,0,0
241,650,0.0012642109238432957,0.0,0.0,0.0,0.45454545454545453,1.0,0.0,0,1,2,1,0
241,651,0.028610157798726166,0.0,0.0,0.0,0.375,1.0,0.0,0,1,1,0,0
241,652,0.006716546922369729,0.0,0.0,0.0,0.3333333333333333,0.0,1.0,0,1,1,0,0
241,653,0.0021592973896205608,0.0,0.0,0.0,0.3333333333333333,0.0,0.0,0,1,1,0,0
241,654,0.0,0.0,0.0,0.0,0.45454545454545453,0.0,0.0,0,1,2,0,1
241,655,0.027809699263659414,0.0,0.0,0.6931471805599453,0.7777777777777778,0.0,0.0,0,1,3,1,0
241,656,0.06690410432727532,0.0,0.0,0.0,0.16666666666666666,0.0,1.0,0,1,2,0,0
241,657,0.5353710034228931,1.0,0.5773502691896258,1.0986122886681098,0.75,0.0,0.0,100,1,3,3,1
241,658,0.007626530758854823,0.0,0.0,0.0,0.45454545454545453,1.0,0.0,0,1,2,0,0
241,659,0.0,0.0,0.0,0.0,0.2857142857142857,0.0,1.0,0,1,0,0,0
241,660,0.0039453763829441265,0.0,0.0,0.0,0.7,0.0,0.0,0,1,2,0,0
241,661,0.0,0.0,0.0,0.0,0.25,0.0,1.0,0,1,2,0,0
241,662,0.013143425937262084,0.0,0.7071067811865475,0.6931471805599453,0.7,0.0,0.0,100,1,2,2,0
241,663,0.0,0.0,0.0,0.0,0.5,1.0,0.0,0,1,2,0,0
241,664,0.012614347742228527,0.0,0.0,0.6931471805599453,0.6,1.0,0.0,0,1,1,0,0
241,665,0.0,0.0,0.0,0.6931471805599453,0.6666666666666666,0.0,0.0,0,1,3,0,0
241,666,0.012357778615512568,0.0,0.0,0.0,0.4444444444444444,0.0,1.0,0,1,2,0,0
241,667,0.042054493604019,0.0,0.0,0.6931471805599453,0.5833333333333334,0.0,0.0,10,1,2,0,0
241,668,0.005023892550628611,0.0,0.0,0.0,0.42857142857142855,0.0,0.0,0,1,2,0,0
241,669,0.007575515052635648,0.0,0.0,0.6931471805599453,0.42857142857142855,0.0,0.0,0,1,3,0,0
241,670,0.0,0.0,0.0,0.0,0.2857142857142857,0.0,1.0,0,1,1,0,0
241,671,0.01698613164829245,0.0,0.0,0.6931471805599453,0.4444444444444444,0.0,0.0,0,1,1,0,0
241,672,0.0,0.0,0.0,0.0,0.5714285714285714,1.0,0.0,0,1,1,0,0
241,673,0.01735070132332167,0.0,0.0,0.6931471805599453,0.2727272727272727,0.0,1.0,0,1,1,0,0
241,674,0.0,0.0,0.0,0.0,0.25,0.0,1.0,0,1,1,0,0
241,675,0.039806166423569024,0.0,0.0,0.0,0.4444444444444444,1.0,0.0,0,1,1,1,0
241,676,0.0019484322527763282,0.0,0.0,0.0,0.5,0.0,0.0,0,1,2,0,0
241,677,0.0038919602372235176,0.0,0.0,0.6931471805599453,0.5,0.0,0.0,0,1,0,0,0
241,678,0.0,0.0,0.0,0.0,0.5,0.0,0.0,0,1,0,0,0
241,679,0.00207867006667826,0.0,0.0,0.0,0.6666666666666666,0.0,0.0,0,1,1,0,0
241,680,0.014532989090523923,0.0,0.0,0.0,0.38461538461538464,0.0,1.0,0,1,2,0,0
241,681,0.0,0.0,0.0,0.0,0.5,1.0,0.0,0,1,2,0,0
241,682,0.0022168355563956126,0.0,0.0,0.6931471805599453,0.625,0.0,0.0,0,1,1,0,0
242,623,0.026611001657558774,0.0,0.0,1.0986122886681098,0.7142857142857143,0.0,0.0,10,1,8,1,0
242,624,0.0,0.0,0.0,0.0,0.2857142857142857,0.0,0.0,0,1,0,0,0
242,625,0.018837500181997834,0.0,0.0,0.0,0.25,0.0,0.0,10,1,0,0,0
242,626,0.01968466935936479,0.0,0.0,0.0,0.4,0.0,1.0,0,1,1,0,0
242,627,0.0,0.0,0.0,0.0,0.3333333333333333,0.0,1.0,0,1,1,0,0
242,628,0.03262493455397226,0.0,0.0,0.0,0.6,0.0,0.0,0,1,1,0,0
242,629,0.0,0.0,0.0,0.0,0.25,0.0,1.0,0,1,1,0,0
242,630,0.04492096565351251,0.0,0.0,0.6931471805599453,0.46153846153846156,0.0,1.0,10,1,2,0,0
242,631,0.01652329759591026,0.0,0.0,0.0,0.3333333333333333,0.0,0.0,0,1,1,0,0
242,632,0.05251330082943813,0.0,0.0,0.0,0.36363636363636365,0.0,1.0,0,1,2,0,0
242,633,0.21572038192433596,0.0,0.0,0.0,0.4,0.0,0.0,10,1,0,0,0
242,634,0.10570842681902205,0.0,0.0,0.0,0.42857142857142855,0.0,0.0,0,1,0,0,0
242,635,0.10377850460497033,0.0,0.0,0.6931471805599453,0.5,0.0,0.0,0,1,1,0,0
242,636,0.09907589704770656,0.0,0.0,0.0,0.5454545454545454,1.0,0.0,0,1,2,1,0
242,637,0.012806205022127858,0.0,0.0,0.0,0.2,0.0,1.0,0,1,1,0,0
242,638,0.111678512400035,0.0,0.0,0.0,0.5555555555555556,0.0,0.0,0,1,0,0,0
242,639,0.021226107757882123,0.0,0.0,0.0,0.5,1.0,0.0,0,1,1,0,0
242,640,0.061553261719879765,0.0,0.0,0.6931471805599453,0.3333333333333333,0.0,0.0,10,1,2,0,0
242,641,0.04285387987873564,0.0,0.0,0.0,0.2,0.0,1.0,10,1,2,0,0
242,642,0.0038867108686162174,0.0,0.0,0.0,0.6,0.0,0.0,0,1,2,0,0
242,643,0.02505729712233856,0.0,0.0,0.0,0.5714285714285714,0.0,1.0,0,1,1,1,0
242,644,0.004428722331013856,0.0,0.0,0.6931471805599453,0.42857142857142855,0.0,0.0,0,1,1,0,0
242,645,0.022333905633031295,0.0,0.0,0.0,0.42857142857142855,1.0,0.0,0,1,0,0,0
242,646,0.0,0.0,0.0,0.0,0.625,0.0,0.0,0,1,1,0,0
242,647,0.18031718393890075,1.0,0.0,0.0,0.6666666666666666,0.0,0.0,35,1,1,3,1
242,648,0.027532961079734655,0.0,0.0,0.0,0.2857142857142857,0.0,1.0,0,1,3,0,0
242,649,0.0204387186429078,0.0,0.0,0.0,0.5,0.0,0.0,0,1,1,0,0
242,650,0.013883970420628474,0.0,0.0,0.0,0.45454545454545453,1.0,0.0,0,1,2,0,0
242,651,0.006316976781548957,0.0,0.0,0.0,0.375,1.0,0.0,10,1,1,0,0
242,652,0.040194987001348416,0.0,0.0,0.0,0.3333333333333333,0.0,1.0,10,1,1,0,0
242,653,0.010542126907641333,0.0,0.0,0.0,0.3333333333333333,0.0,0.0,0,1,1,0,0
242,654,0.020237132435250972,0.0,0.0,0.0,0.45454545454545453,0.0,0.0,10,1,2,0,0
242,655,0.028372075216222946,0.0,0.0,0.6931471805599453,0.7,0.0,0.0,10,1,3,0,0
242,656,0.1318343153754156,0.0,0.0,0.0,0.16666666666666666,0.0,1.0,20,1,2,0,0
242,657,0.0,0.0,0.0,1.0986122886681098,0.75,0.0,0.0,0,1,3,0,0
242,658,0.04061677773002169,0.0,0.0,0.0,0.45454545454545453,1.0,0.0,0,1,2,1,1
242,659,0.010988170216502117,0.0,0.0,0.0,0.2857142857142857,0.0,1.0,0,1,0,0,0
242,660,0.02910739599061043,0.0,0.0,0.0,0.7,0.0,0.0,0,1,2,0,1
242,661,0.010778795506814919,0.0,0.0,0.0,0.25,0.0,1.0,0,1,2,1,0
242,662,0.0093870305468513,0.0,0.0,0.6931471805599453,0.7,0.0,0.0,0,1,2,1,0
242,663,0.0018918599569105984,0.0,0.0,0.0,0.4444444444444444,1.0,0.0,10,1,2,0,0
242,664,0.0024832115358744107,0.0,0.0,0.6931471805599453,0.6,1.0,0.0,0,1,1,0,0
242,665,0.010624123169762578,0.0,0.5773502691896258,0.6931471805599453,0.6666666666666666,0.0,0.0,100,1,3,2,0
242,666,0.017421259918589373,0.0,0.0,0.0,0.4444444444444444,0.0,1.0,10,1,2,1,0
242,667,0.0,0.0,0.0,0.6931471805599453,0.5833333333333334,0.0,0.0,0,1,2,0,1
242,668,0.014579722128935583,0.0,0.0,0.0,0.42857142857142855,0.0,0.0,0,1,2,0,0
242,669,0.08468942714307068,0.0,0.0,0.6931471805599453,0.42857142857142855,0.0,0.0,10,1,3,0,0
242,670,0.010217381343512747,0.0,0.0,0.0,0.2857142857142857,0.0,1.0,0,1,1,0,0
242,671,0.0,0.0,0.0,0.6931471805599453,0.4444444444444444,0.0,0.0,0,1,1,1,0
242,672,0.0,0.0,0.0,0.0,0.5714285714285714,1.0,0.0,0,1,1,0,0
242,673,0.016139663855560888,0.0,0.0,0.6931471805599453,0.2727272727272727,0.0,1.0,0,1,1,0,0
242,674,0.010548858000666978,0.0,0.0,0.0,0.25,0.0,1.0,0,1,1,0,0
242,675,0.02334399137724797,0.0,0.0,0.0,0.4444444444444444,1.0,0.0,10,1,1,0,0
242,676,0.010834822087577321,0.0,0.0,0.0,0.5,0.0,0.0,0,1,2,0,0
242,677,0.01563788761597852,0.0,0.0,0.6931471805599453,0.5,0.0,0.0,0,1,0,2,0
242,678,0.010104579932526522,0.0,0.0,0.0,0.5,0.0,0.0,10,1,0,0,0
242,679,0.012046523466085778,0.0,0.0,0.0,0.6666666666666666,0.0,0.0,0,1,1,0,0
242,680,0.00983661847132491,0.0,0.0,0.0,0.38461538461538464,0.0,1.0,0,1,2,0,0
242,681,0.021986152551609947,0.0,0.7071067811865475,0.0,0.5,1.0,0.0,100,1,2,1,0
242,682,0.02034775535006606,0.0,0.0,0.6931471805599453,0.625,0.0,0.0,0,1,1,0,0
243,623,0.010003358581718044,0.0,0.35355339059327373,1.0986122886681098,0.7142857142857143,0.0,0.0,100,1,8,0,0
243,624,0.030030650389571742,0.0,0.0,0.0,0.2857142857142857,0.0,0.0,0,1,0,2,0
243,625,0.0014272564845392145,0.0,0.0,0.0,0.25,0.0,0.0,0,1,0,0,0
243,626,0.004615874772653088,0.0,0.0,0.0,0.4,0.0,1.0,0,1,1,0,0
243,627,0.04725278210868461,0.0,0.0,0.0,0.3333333333333333,0.0,1.0,10,1,1,0,0
243,628,0.009217734389175041,0.0,0.0,0.0,0.6,0.0,0.0,0,1,1,0,0
243,629,0.0255655720409581,0.0,0.0,0.0,0.2857142857142857,0.0,1.0,0,1,1,2,0
243,630,0.009706789019439705,0.0,0.0,0.6931471805599453,0.46153846153846156,0.0,1.0,0,1,2,0,0
243,631,0.021708945066064602,0.0,0.0,0.0,0.3333333333333333,0.0,0.0,0,1,1,0,0
243,632,0.030572145750503054,0.0,0.0,0.0,0.36363636363636365,0.0,1.0,0,1,2,1,0
243,633,0.00968481736649469,0.0,0.0,0.0,0.4,0.0,0.0,0,1,0,0,0
243,634,0.010210634877273193,0.0,0.0,0.0,0.42857142857142855,0.0,0.0,0,1,0,0,0
243,635,0.01513996727342877,0.0,0.0,0.6931471805599453,0.5,0.0,0.0,0,1,1,0,0
243,636,0.013878611793139789,0.0,0.0,0.0,0.5454545454545454,1.0,0.0,0,1,2,0,0
243,637,0.748710213779577,1.0,0.0,0.0,0.2,0.0,1.0,35,1,1,3,1
243,638,0.013462533301432968,0.0,0.0,0.0,0.5555555555555556,0.0,0.0,0,1,0,0,0
243,639,0.006196409221421131,0.0,0.0,0.0,0.5,1.0,0.0,0,1,1,0,0
243,640,0.009235227599608646,0.0,0.0,0.6931471805599453,0.3333333333333333,0.0,0.0,0,1,2,0,0
243,641,0.007954373192800417,0.0,0.0,0.0,0.2,0.0,1.0,0,1,2,0,0
243,642,0.007724344095738326,0.0,0.0,0.0,0.6,0.0,0.0,0,1,2,0,0
243,643,0.056802175026751445,0.0,0.0,0.0,0.5714285714285714,0.0,1.0,10,1,1,0,0
243,644,0.007692175538246461,0.0,0.0,0.6931471805599453,0.46153846153846156,0.0,0.0,10,1,1,0,0
243,645,0.029713264396408243,0.0,0.0,0.0,0.42857142857142855,1.0,0.0,0,1,0,1,1
243,646,0.0011579798737794017,0.0,0.0,0.0,0.625,0.0,0.0,0,1,1,0,0
243,647,0.008925119306938475,0.0,0.0,0.0,0.6666666666666666,0.0,0.0,0,1,1,0,0
243,648,0.002845177636255079,0.0,0.0,0.0,0.2857142857142857,0.0,1.0,0,1,3,0,0
243,649,0.0057073261856208585,0.0,0.0,0.0,0.5,0.0,0.0,0,1,1,0,0
243,650,0.026089825423693577,0.0,0.0,0.0,0.45454545454545453,1.0,0.0,0,1,2,1,0
243,651,0.04011811249697016,0.0,0.0,0.0,0.375,1.0,0.0,10,1,1,0,0
243,652,0.008861811093945722,0.0,0.0,0.0,0.3333333333333333,0.0,1.0,0,1,1,0,0
243,653,0.004267879028376041,0.0,0.0,0.0,0.3333333333333333,0.0,0.0,0,1,1,0,0
243,654,0.004962462595922651,0.0,0.0,0.0,0.45454545454545453,0.0,0.0,0,1,2,0,0
243,655,0.04111486211246693,0.0,0.0,0.6931471805599453,0.7,0.0,0.0,0,1,3,1,0
243,656,0.008463690201353099,0.0,0.0,0.0,0.16666666666666666,0.0,1.0,0,1,2,0,0
243,657,0.027787505434000527,0.0,0.0,1.0986122886681098,0.75,0.0,0.0,10,1,3,2,0
243,658,0.049620702474663894,0.0,0.0,0.0,0.45454545454545453,1.0,0.0,0,1,2,0,0
243,659,0.005295255922814482,0.0,0.0,0.0,0.2857142857142857,0.0,1.0,0,1,0,0,0
243,660,0.012714513536871122,0.0,0.0,0.0,0.7,0.0,0.0,0,1,2,0,1
243,661,0.013153756161038116,0.0,0.0,0.0,0.25,0.0,1.0,10,1,2,0,0
243,662,0.5497297079784849,1.0,0.0,0.6931471805599453,0.7,0.0,0.0,35,1,2,3,1
243,663,0.0073024751898384905,0.0,0.7071067811865475,0.0,0.4444444444444444,1.0,0.0,100,1,2,0,0
243,664,0.1040994457404455,0.0,0.0,0.6931471805599453,0.6,1.0,0.0,0,1,1,0,0
243,665,0.0042061737028728325,0.0,0.5773502691896258,0.6931471805599453,0.6666666666666666,0.0,0.0,100,1,3,0,0
243,666,0.009489066751376302,0.0,0.0,0.0,0.4444444444444444,0.0,1.0,0,1,2,0,0
243,667,0.0020751643238081344,0.0,0.0,0.6931471805599453,0.5833333333333334,0.0,0.0,0,1,2,0,0
243,668,0.008453137226623242,0.0,0.0,0.0,0.42857142857142855,0.0,0.0,0,1,2,0,0
243,669,0.012124185953134449,0.0,0.0,0.6931471805599453,0.42857142857142855,0.0,0.0,0,1,3,0,0
243,670,0.0018731194906516702,0.0,0.0,0.0,0.2857142857142857,0.0,1.0,0,1,1,0,0
243,671,0.009460785201496985,0.0,0.0,0.6931471805599453,0.4444444444444444,0.0,0.0,0,1,1,0,0
243,672,0.0030002265471569273,0.0,0.0,0.0,0.6666666666666666,1.0,0.0,0,1,1,0,0
243,673,0.012796735463744392,0.0,0.0,0.6931471805599453,0.2727272727272727,0.0,1.0,0,1,1,0,0
243,674,0.015017302872293565,0.0,0.0,0.0,0.25,0.0,1.0,0,1,1,0,0
243,675,0.07717925892103357,0.0,0.0,0.0,0.5,1.0,0.0,10,1,1,1,0
243,676,0.02855866372062717,0.0,0.0,0.0,0.5,0.0,0.0,10,1,2,0,0
243,677,0.006515925109608406,0.0,0.0,0.6931471805599453,0.5,0.0,0.0,0,1,0,0,0
243,678,0.0038309032138070906,0.0,0.0,0.0,0.5,0.0,0.0,0,1,0,0,0
243,680,0.038392882438966186,0.0,0.0,0.0,0.38461538461538464,0.0,1.0,10,1,2,0,0
243,681,0.005807133553831435,0.0,0.0,0.0,0.5,1.0,0.0,0,1,2,0,0
243,682,0.00400591579763824,0.0,0.0,0.6931471805599453,0.625,0.0,0.0,0,1,1,0,0
244,623,0.0264062488927768,0.0,0.35355339059327373,1.0986122886681098,0.7142857142857143,0.0,0.0,100,1,8,1,0
244,624,0.006965262362904192,0.0,0.0,0.0,0.2857142857142857,0.0,0.0,10,1,0,0,1
244,625,0.0028135180474922234,0.0,0.0,0.0,0.25,0.0,0.0,0,1,0,0,0
244,626,0.003857182607517022,0.0,0.0,0.0,0.4,0.0,1.0,0,1,1,0,0
244,627,0.44371845377104585,1.0,0.0,0.0,0.3333333333333333,0.0,1.0,35,1,1,3,0
244,628,0.005188745285062716,0.0,0.0,0.0,0.6,0.0,0.0,0,1,1,0,0
244,629,0.020453962545779386,0.0,0.0,0.0,0.25,0.0,1.0,10,1,1,0,0
244,630,0.02131080559776821,0.0,0.0,0.6931471805599453,0.46153846153846156,0.0,1.0,10,1,2,2,0
244,631,0.0035573613885817065,0.0,0.0,0.0,0.3333333333333333,0.0,0.0,0,1,1,0,0
244,632,0.03267048838392559,0.0,0.0,0.0,0.36363636363636365,0.0,1.0,10,1,2,0,0
244,633,0.027163053892163697,0.0,0.0,0.0,0.4,0.0,0.0,0,1,0,0,0
244,634,0.004498087051454172,0.0,0.0,0.0,0.42857142857142855,0.0,0.0,0,1,0,0,0
244,635,0.004967771558568111,0.0,0.0,0.6931471805599453,0.5,0.0,0.0,0,1,1,0,1
244,636,0.01158106267005681,0.0,0.0,0.0,0.5454545454545454,1.0,0.0,0,1,2,0,0
244,637,0.02308734786907961,0.0,0.0,0.0,0.2,0.0,1.0,0,1,1,0,0
244,638,0.00404570355574304,0.0,0.0,0.0,0.5555555555555556,0.0,0.0,0,1,0,0,0
244,639,0.0037315507699130033,0.0,0.0,0.0,0.5,1.0,0.0,0,1,1,0,0
244,640,0.003937487580663122,0.0,0.0,0.6931471805599453,0.3333333333333333,0.0,0.0,0,1,2,0,0
244,641,0.004029958504807846,0.0,0.0,0.0,0.2,0.0,1.0,0,1,2,0,0
244,642,0.029109414157397533,0.5,0.0,0.0,0.6,0.0,0.0,35,1,2,2,0
244,643,0.09482041571381856,0.0,0.0,0.0,0.5714285714285714,0.0,1.0,10,1,1,0,0
244,644,0.020426666258749858,0.0,0.0,0.6931471805599453,0.42857142857142855,0.0,0.0,10,1,1,0,0
244,645,0.03898708765508913,0.0,0.0,0.0,0.42857142857142855,1.0,0.0,0,1,0,0,0
244,646,0.0022813066708208076,0.0,0.0,0.0,0.625,0.0,0.0,0,1,1,0,0
244,647,0.027710690994946812,0.0,0.0,0.0,0.6666666666666666,0.0,0.0,0,1,1,0,0
244,648,0.0034982348880942707,0.0,0.0,0.0,0.2857142857142857,0.0,1.0,0,1,3,0,0
244,649,0.004159151822783347,0.0,0.0,0.0,0.5,0.0,0.0,0,1,1,0,0
244,650,0.046736645418789705,0.0,0.0,0.0,0.45454545454545453,1.0,0.0,10,1,2,0,0
244,651,0.005115590453208748,0.0,0.0,0.0,0.375,1.0,0.0,10,1,1,0,0
244,652,0.043543516773052474,0.0,0.0,0.0,0.3333333333333333,0.0,1.0,20,1,1,2,0
244,653,0.003808276359660627,0.0,0.0,0.0,0.3333333333333333,0.0,0.0,0,1,1,0,0
244,654,0.0028623068514620352,0.0,0.0,0.0,0.45454545454545453,0.0,0.0,0,1,2,0,0
244,655,0.01968214586826297,0.0,0.0,0.6931471805599453,0.7,0.0,0.0,0,1,3,0,0
244,656,0.0034427950933841496,0.0,0.0,0.0,0.18181818181818182,0.0,1.0,0,1,2,0,0
244,657,0.0074031084568420315,0.0,0.0,1.0986122886681098,0.75,0.0,0.0,10,1,3,0,1
244,658,0.15345678570475538,0.0,0.0,0.0,0.45454545454545453,1.0,0.0,10,1,2,0,0
244,659,0.0031886961074256374,0.0,0.0,0.0,0.2857142857142857,0.0,1.0,0,1,0,0,0
244,660,0.06489369577994782,0.0,0.0,0.0,0.7,0.0,0.0,10,1,2,0,1
244,661,0.0200926607391305,0.0,0.0,0.0,0.25,0.0,1.0,10,1,2,0,0
244,662,0.019707721873182184,0.0,0.0,0.6931471805599453,0.7,0.0,0.0,10,1,2,0,0
244,663,0.003690816269476901,0.0,0.7071067811865475,0.0,0.4444444444444444,1.0,0.0,100,1,2,1,0
244,664,0.008788648772103856,0.0,0.0,0.6931471805599453,0.6,1.0,0.0,0,1,1,0,0
244,665,0.050122363297607345,0.0,0.5773502691896258,0.6931471805599453,0.6666666666666666,0.0,0.0,100,1,3,1,0
244,666,0.012795789914550281,0.0,0.0,0.0,0.5,0.0,1.0,0,1,2,0,0
244,667,0.011848659744598505,0.0,0.0,0.6931471805599453,0.5833333333333334,0.0,0.0,10,1,2,0,0
244,668,0.08598725897249283,0.0,0.0,0.0,0.5,0.0,0.0,10,1,2,0,0
244,669,0.004101450484222192,0.0,0.0,0.6931471805599453,0.42857142857142855,0.0,0.0,0,1,3,0,0
244,670,0.0036910302868820364,0.0,0.0,0.0,0.2857142857142857,0.0,1.0,0,1,1,0,0
244,671,0.013307372970859956,0.0,0.0,0.6931471805599453,0.4444444444444444,0.0,0.0,10,1,1,0,0
244,672,0.005914849786746822,0.0,0.0,0.0,0.5714285714285714,1.0,0.0,0,1,1,0,0
244,673,0.013803624045533848,0.0,0.0,0.6931471805599453,0.2727272727272727,0.0,1.0,10,1,1,0,0
244,674,0.0035233340784585855,0.0,0.0,0.0,0.25,0.0,1.0,0,1,1,0,0
244,675,0.4663637158940631,1.0,0.0,0.0,0.4444444444444444,1.0,0.0,35,1,1,3,1
244,676,0.02287071383318899,0.5,0.0,0.0,0.5,0.0,0.0,35,1,2,3,1
244,677,0.08642065468787656,0.0,0.0,0.6931471805599453,0.5,0.0,0.0,20,1,0,0,0
244,678,0.004378672594390727,0.0,0.0,0.0,0.5,0.0,0.0,0,1,0,1,0
244,679,0.08170911734124633,0.0,0.0,0.0,0.6666666666666666,0.0,0.0,0,1,1,0,0
244,680,0.47762609894517616,1.0,0.0,0.0,0.3333333333333333,0.0,1.0,35,1,2,3,1
244,681,0.0564840718982893,0.0,0.0,0.0,0.5,1.0,0.0,10,1,2,0,0
244,682,0.04728724556826947,0.0,0.0,0.6931471805599453,0.625,0.0,0.0,10,1,1,0,0
245,623,0.03833170099641974,0.0,0.0,1.0986122886681098,0.7142857142857143,0.0,0.0,0,1,8,1,0
245,624,0.0028106385464526772,0.0,0.0,0.0,0.2857142857142857,0.0,0.0,0,1,0,0,0
245,625,0.002282194742857675,0.0,0.0,0.0,0.25,0.0,0.0,0,1,0,0,0
245,626,0.008438328997091666,0.0,0.0,0.0,0.4,0.0,1.0,0,1,1,0,0
245,627,0.0414786239895818,0.0,0.0,0.0,0.3333333333333333,0.0,1.0,0,1,1,0,0
245,628,0.009760280176904338,0.0,0.0,0.0,0.6,0.0,0.0,0,1,1,0,1
245,629,0.001787698394007175,0.0,0.0,0.0,0.25,0.0,1.0,0,1,1,0,0
245,630,0.014488419766788179,0.0,0.0,0.6931471805599453,0.46153846153846156,0.0,1.0,0,1,2,0,0
245,631,0.03110525080878017,0.0,0.0,0.0,0.3333333333333333,0.0,0.0,10,1,1,0,0
245,632,0.014315900629158107,0.0,0.0,0.0,0.36363636363636365,0.0,1.0,0,1,2,0,0
245,633,0.015207892733210238,0.0,0.0,0.0,0.4,0.0,0.0,0,1,0,0,0
245,634,0.00348057030429631,0.0,0.0,0.0,0.42857142857142855,0.0,0.0,0,1,0,0,0
245,635,0.007260555106094367,0.0,0.0,0.6931471805599453,0.5,0.0,0.0,0,1,1,0,0
245,636,0.011924920243177897,0.0,0.0,0.0,0.5454545454545454,1.0,0.0,0,1,2,0,0
245,637,0.01199655013470269,0.0,0.0,0.0,0.2,0.0,1.0,0,1,1,0,0
245,638,0.0016325315212607238,0.0,0.0,0.0,0.5555555555555556,0.0,0.0,0,1,0,0,0
245,639,0.011029880933719845,0.0,0.0,0.0,0.5,1.0,0.0,0,1,1,0,0
245,640,0.014850147300925307,0.0,0.0,0.6931471805599453,0.3333333333333333,0.0,0.0,0,1,2,0,0
245,641,0.010960057958441289,0.0,0.0,0.0,0.2,0.0,1.0,0,1,2,0,0
245,642,0.007555073919331919,0.0,0.0,0.0,0.6,0.0,0.0,0,1,2,0,0
245,643,0.0503628531376021,0.0,0.0,0.0,0.5714285714285714,0.0,1.0,10,1,1,0,0
245,644,0.0024171728457310472,0.0,0.0,0.6931471805599453,0.42857142857142855,0.0,0.0,0,1,1,0,0
245,645,0.02364104114939357,0.0,0.0,0.0,0.42857142857142855,1.0,0.0,0,1,0,0,0
245,646,0.08058864683029034,0.0,0.0,0.0,0.625,0.0,0.0,10,1,1,1,0
245,647,0.6636985767414006,1.0,1.0,0.0,0.6666666666666666,0.0,0.0,100,1,1,3,1
245,648,0.032378478539434034,0.0,0.0,0.0,0.2857142857142857,0.0,1.0,10,1,3,0,0
245,649,0.006983700590673716,0.0,0.0,0.0,0.5,0.0,0.0,0,1,1,0,0
245,650,0.023621999488978834,0.0,0.7071067811865475,0.0,0.45454545454545453,1.0,0.0,100,1,2,1,0
245,651,0.005089947135073859,0.0,0.0,0.0,0.375,1.0,0.0,0,1,1,0,0
245,652,0.022788844866369912,0.0,0.0,0.0,0.3333333333333333,0.0,1.0,10,1,1,0,0
245,653,0.049094382943405304,0.0,0.0,0.0,0.3333333333333333,0.0,0.0,0,1,1,1,0
245,654,0.0011550045855186477,0.0,0.0,0.0,0.45454545454545453,0.0,0.0,0,1,2,0,0
245,655,0.06791236900991326,0.0,0.0,0.6931471805599453,0.7,0.0,0.0,20,1,3,1,0
245,656,0.008945183563029322,0.0,0.0,0.0,0.16666666666666666,0.0,1.0,0,1,2,0,0
245,657,0.022497464503683066,0.0,0.0,1.0986122886681098,0.75,0.0,0.0,0,1,3,1,0
245,658,0.07204121178559131,0.0,0.0,0.0,0.45454545454545453,1.0,0.0,10,1,2,0,0
245,659,0.013499340659357602,0.0,0.0,0.0,0.2857142857142857,0.0,1.0,0,1,0,0,0
245,660,0.08387078283607786,0.0,0.0,0.0,0.7,0.0,0.0,0,1,2,1,0
245,661,0.011167691356861544,0.0,0.0,0.0,0.25,0.0,1.0,10,1,2,0,0
245,662,0.010986631720361654,0.0,0.0,0.6931471805599453,0.7,0.0,0.0,0,1,2,0,0
245,663,0.08370620599734384,0.5,0.7071067811865475,0.0,0.4444444444444444,1.0,0.0,100,1,2,2,0
245,664,0.0077601453783319695,0.0,0.0,0.6931471805599453,0.6,1.0,0.0,0,1,1,0,0
245,665,0.09703087260504618,0.5,0.5773502691896258,0.6931471805599453,0.6666666666666666,0.0,0.0,100,1,3,2,0
245,666,0.015094317831954845,0.0,0.0,0.0,0.4444444444444444,0.0,1.0,0,1,2,0,0
245,667,0.015666021359663877,0.0,0.7071067811865475,0.6931471805599453,0.5833333333333334,0.0,0.0,100,1,2,2,0
245,668,0.09624426616360025,0.0,0.0,0.0,0.42857142857142855,0.0,0.0,0,1,2,1,0
245,669,0.01658401957426399,0.0,0.0,0.6931471805599453,0.42857142857142855,0.0,0.0,10,1,3,0,0
245,670,0.0014894129553088928,0.0,0.0,0.0,0.2857142857142857,0.0,1.0,0,1,1,0,0
245,671,0.012729122789996538,0.0,0.0,0.6931471805599453,0.4444444444444444,0.0,0.0,0,1,1,0,0
245,672,0.023722685676156867,0.0,0.0,0.0,0.5714285714285714,1.0,0.0,10,1,1,1,1
245,673,0.005548456852917281,0.0,0.0,0.6931471805599453,0.2727272727272727,0.0,1.0,0,1,1,0,0
245,674,0.020369883845369557,0.0,0.0,0.0,0.25,0.0,1.0,0,1,1,0,1
245,675,0.046748380109977554,0.0,0.0,0.0,0.4444444444444444,1.0,0.0,0,1,1,0,0
245,676,0.04258157445469007,0.0,0.0,0.0,0.5,0.0,0.0,10,1,2,0,0
245,677,0.0630822698674024,0.0,0.0,0.6931471805599453,0.5,0.0,0.0,0,1,0,0,0
245,678,0.027666926113472396,0.0,0.0,0.0,0.5,0.0,0.0,0,1,0,0,1
245,679,0.0941230276216794,0.0,0.0,0.0,0.6666666666666666,0.0,0.0,0,1,1,1,1
245,680,0.0475333972549697,0.0,0.7071067811865475,0.0,0.38461538461538464,0.0,1.0,100,1,2,2,0
245,681,0.0552943275067027,0.0,0.0,0.0,0.5,1.0,0.0,0,1,2,0,0
245,682,0.09691117918655115,0.0,0.0,0.6931471805599453,0.625,0.0,0.0,0,1,1,1,0
246,623,0.004770071417026784,0.0,0.0,1.0986122886681098,0.7142857142857143,0.0,0.0,0,2,8,1,1
246,624,0.01008614886442056,0.0,0.0,0.0,0.2857142857142857,0.0,0.0,0,2,0,0,0
246,625,0.015405415478757366,0.0,0.0,0.0,0.25,0.0,0.0,0,2,0,0,0
246,626,0.008876660931721764,0.0,0.0,0.0,0.4,0.0,1.0,0,2,1,0,0
246,627,0.02422834399383684,0.0,0.0,0.0,0.3333333333333333,0.0,1.0,0,2,1,0,0
246,628,0.0038938823409275423,0.0,0.0,0.0,0.6,0.0,0.0,0,2,1,0,0
246,629,0.00950204335078066,0.0,0.0,0.0,0.25,0.0,1.0,0,2,1,0,0
246,630,0.005869783463791222,0.0,0.0,0.6931471805599453,0.46153846153846156,0.0,1.0,0,2,2,0,0
246,631,0.00907753186961354,0.0,0.0,0.0,0.3333333333333333,0.0,0.0,0,2,1,0,0
246,632,0.016959282786853793,0.0,0.0,0.0,0.36363636363636365,0.0,1.0,0,2,2,0,0
246,633,0.0,0.0,0.0,0.0,0.4,0.0,0.0,0,2,0,1,0
246,634,0.00688623012163896,0.0,0.0,0.0,0.42857142857142855,0.0,0.0,0,2,0,1,0
246,635,0.01304017935906347,0.0,0.0,0.6931471805599453,0.5,0.0,0.0,0,2,1,1,0
246,636,0.025509606073200092,0.0,0.0,0.0,0.5454545454545454,1.0,0.0,0,2,2,1,1
246,637,0.07694941488101947,0.0,0.0,0.0,0.2,0.0,1.0,0,2,1,0,0
246,638,0.009910861672839852,0.0,0.0,0.0,0.5555555555555556,0.0,0.0,0,2,0,1,0
246,639,0.0,0.0,0.0,0.0,0.5,1.0,0.0,0,2,1,0,0
246,640,0.012058217236470159,0.0,0.0,0.6931471805599453,0.3333333333333333,0.0,0.0,0,2,2,1,0
246,641,0.027533800276729293,0.0,0.0,0.0,0.2,0.0,1.0,0,2,2,0,0
246,642,0.004784044184882867,0.0,0.0,0.0,0.6,0.0,0.0,0,2,2,0,0
246,643,0.021467314037881487,0.0,0.0,0.0,0.5714285714285714,0.0,1.0,0,2,1,1,0
246,644,0.0035869103841757884,0.0,0.0,0.6931471805599453,0.42857142857142855,0.0,0.0,0,2,1,0,0
246,645,0.017192887847530855,0.0,0.0,0.0,0.42857142857142855,1.0,0.0,0,2,0,0,0
246,646,0.012628786415321289,0.0,0.0,0.0,0.625,0.0,0.0,0,2,1,0,1
246,647,0.012639386661338481,0.0,0.0,0.0,0.6666666666666666,0.0,0.0,0,2,1,2,0
246,648,0.030480163611114074,0.0,0.4082482904638631,0.0,0.3076923076923077,0.0,1.0,50,2,3,2,0
246,649,0.0,0.0,0.0,0.0,0.5,0.0,0.0,0,2,1,0,0
246,650,0.009250405440082014,0.0,0.0,0.0,0.45454545454545453,1.0,0.0,0,2,2,0,0
246,651,0.4599023015004231,0.6,0.7071067811865475,0.0,0.375,1.0,0.0,50,2,1,3,1
246,652,0.011681952639719433,0.0,0.0,0.0,0.3333333333333333,0.0,1.0,0,2,1,0,0
246,653,0.012482482626026008,0.0,0.0,0.0,0.3333333333333333,0.0,0.0,0,2,1,0,0
246,654,0.036675423860034716,0.0,0.0,0.0,0.45454545454545453,0.0,0.0,0,2,2,1,0
246,655,0.05199928762609929,0.0,0.0,0.6931471805599453,0.7,0.0,0.0,0,2,3,0,0
246,656,0.012618428774991025,0.0,0.0,0.0,0.16666666666666666,0.0,1.0,0,2,2,1,0
246,657,0.008534534635993414,0.0,0.0,1.0986122886681098,0.75,0.0,0.0,0,2,3,0,0
246,658,0.03558368574374536,0.0,0.0,0.0,0.45454545454545453,1.0,0.0,0,2,2,1,0
246,659,0.0,0.0,0.0,0.0,0.2857142857142857,0.0,1.0,0,2,0,0,0
246,660,0.01954872322720777,0.0,0.0,0.0,0.7,0.0,0.0,0,2,2,0,0
246,661,0.03514561093504048,0.0,0.0,0.0,0.2857142857142857,0.0,1.0,0,2,2,1,0
246,662,0.06928027973305886,0.0,0.0,0.6931471805599453,0.7,0.0,0.0,0,2,2,1,0
246,663,0.011675703566410366,0.0,0.0,0.0,0.4444444444444444,1.0,0.0,0,2,2,0,0
246,664,0.3945345944383637,0.6,0.7071067811865475,0.6931471805599453,0.6666666666666666,1.0,0.0,50,2,1,3,1
246,665,0.2506310625700953,0.4,0.4082482904638631,0.6931471805599453,0.6666666666666666,0.0,0.0,50,2,3,3,1
246,666,0.03214995522668926,0.0,0.0,0.0,0.4444444444444444,0.0,1.0,0,2,2,1,0
246,667,0.020943664688286172,0.0,0.0,0.6931471805599453,0.5833333333333334,0.0,0.0,0,2,2,0,0
246,668,0.024028036996769454,0.0,0.0,0.0,0.42857142857142855,0.0,0.0,0,2,2,0,0
246,669,0.0035878338492819676,0.0,0.0,0.6931471805599453,0.42857142857142855,0.0,0.0,0,2,3,1,0
246,670,0.004390002675608526,0.0,0.0,0.0,0.2857142857142857,0.0,1.0,0,2,1,0,0
246,671,0.006527835956739691,0.0,0.0,0.6931471805599453,0.4444444444444444,0.0,0.0,0,2,1,1,0
246,672,0.0,0.0,0.0,0.0,0.5714285714285714,1.0,0.0,0,2,1,0,0
246,673,0.006529205275283974,0.0,0.0,0.6931471805599453,0.2727272727272727,0.0,1.0,0,2,1,0,0
246,674,0.01387400867437953,0.0,0.0,0.0,0.25,0.0,1.0,0,2,1,0,0
246,675,0.041164254747291115,0.0,0.0,0.0,0.4444444444444444,1.0,0.0,0,2,1,0,0
246,676,0.007050605325927268,0.0,0.0,0.0,0.5,0.0,0.0,0,2,2,0,0
246,677,0.3821569050128527,0.4,0.0,0.6931471805599453,0.5,0.0,0.0,20,2,0,3,0
246,678,0.0026811902568214564,0.0,0.0,0.0,0.5,0.0,0.0,0,2,0,0,0
246,679,0.024588895511650673,0.0,0.0,0.0,0.6666666666666666,0.0,0.0,0,2,1,0,0
246,680,0.027454880080819623,0.0,0.0,0.0,0.38461538461538464,0.0,1.0,0,2,2,0,0
246,681,0.2850665468476563,0.4,0.5,0.0,0.5,1.0,0.0,50,2,2,2,1
246,682,0.011481004458029177,0.0,0.0,0.6931471805599453,0.625,0.0,0.0,0,2,1,0,0
247,623,0.009496809690303363,0.0,0.35355339059327373,1.0986122886681098,0.6923076923076923,0.0,0.0,100,1,8,1,0
247,624,0.0032326162563480736,0.0,0.0,0.0,0.2857142857142857,0.0,0.0,0,1,0,0,0
247,625,0.009272642590470052,0.0,0.0,0.0,0.25,0.0,0.0,0,1,0,0,0
247,626,0.024521269326280962,0.0,1.0,0.0,0.4,0.0,1.0,100,1,1,2,1
247,627,0.011630657601785388,0.0,0.0,0.0,0.3333333333333333,0.0,1.0,0,1,1,0,0
247,628,0.001930115494612565,0.0,0.0,0.0,0.6,0.0,0.0,0,1,1,1,0
247,629,0.0035251118401692398,0.0,0.0,0.0,0.25,0.0,1.0,0,1,1,0,0
247,630,0.013442862173524316,0.0,0.0,0.6931471805599453,0.46153846153846156,0.0,1.0,0,1,2,0,0
247,631,0.00960215526032294,0.0,0.0,0.0,0.3333333333333333,0.0,0.0,0,1,1,1,0
247,632,0.04887812470418652,0.0,0.0,0.0,0.36363636363636365,0.0,1.0,10,1,2,0,0
247,633,0.024549788314501338,0.0,0.0,0.0,0.4,0.0,0.0,10,1,0,0,0
247,634,0.025706936665592626,0.0,0.0,0.0,0.5,0.0,0.0,0,1,0,0,0
247,635,0.016426486714927406,0.0,0.0,0.6931471805599453,0.5,0.0,0.0,0,1,1,0,0
247,636,0.0799624719002391,0.0,0.0,0.0,0.5454545454545454,1.0,0.0,0,1,2,0,0
247,637,0.018289342953610153,0.0,0.0,0.0,0.2,0.0,1.0,0,1,1,0,0
247,638,0.026077751572807558,0.0,0.0,0.0,0.5555555555555556,0.0,0.0,0,1,0,0,0
247,639,0.005066123575662469,0.0,0.0,0.0,0.5,1.0,0.0,0,1,1,0,0
247,640,0.010846645992803106,0.0,0.7071067811865475,0.6931471805599453,0.3333333333333333,0.0,0.0,100,1,2,2,0
247,641,0.0324071653846645,0.0,0.7071067811865475,0.0,0.2,0.0,1.0,100,1,2,2,0
247,642,0.008484846844429432,0.0,0.0,0.0,0.6,0.0,0.0,0,1,2,0,0
247,643,0.006251132948742447,0.0,0.0,0.0,0.5714285714285714,0.0,1.0,0,1,1,0,0
247,644,0.0011853082278785118,0.0,0.0,0.6931471805599453,0.38461538461538464,0.0,0.0,0,1,1,1,0
247,645,0.042527695382598506,0.0,0.0,0.0,0.42857142857142855,1.0,0.0,10,1,0,0,0
247,646,0.0,0.0,0.0,0.0,0.625,0.0,0.0,0,1,1,0,0
247,647,0.003057603612066595,0.0,0.0,0.0,0.6666666666666666,0.0,0.0,0,1,1,0,0
247,648,0.004244230450954299,0.0,0.5773502691896258,0.0,0.2857142857142857,0.0,1.0,100,1,3,2,0
247,649,0.0028232241125783404,0.0,0.0,0.0,0.5,0.0,0.0,0,1,1,0,0
247,650,0.03588418628074244,0.0,0.0,0.0,0.45454545454545453,1.0,0.0,20,1,2,0,0
247,651,0.005566762579833248,0.0,0.0,0.0,0.375,1.0,0.0,0,1,1,0,0
247,652,0.002329813465541898,0.0,0.0,0.0,0.3333333333333333,0.0,1.0,0,1,1,0,0
247,653,0.009880198886739662,0.0,0.0,0.0,0.3333333333333333,0.0,0.0,10,1,1,0,0
247,654,0.28118607019453845,1.0,0.7071067811865475,0.0,0.45454545454545453,0.0,0.0,100,1,2,3,0
247,655,0.014727748964214166,0.0,0.0,0.6931471805599453,0.7,0.0,0.0,0,1,3,0,0
247,656,0.03450363720185831,0.0,0.0,0.0,0.16666666666666666,0.0,1.0,0,1,2,0,0
247,657,0.01547537761972356,0.0,0.0,1.0986122886681098,0.75,0.0,0.0,0,1,3,0,0
247,658,0.008114114909057248,0.0,0.0,0.0,0.45454545454545453,1.0,0.0,0,1,2,0,0
247,659,0.0,0.0,0.0,0.0,0.2857142857142857,0.0,1.0,0,1,0,0,0
247,660,0.025039996101613744,0.0,0.0,0.0,0.7,0.0,0.0,10,1,2,0,0
247,661,0.5492098167526483,1.0,0.7071067811865475,0.0,0.25,0.0,1.0,100,1,2,3,0
247,662,0.029696047369361853,0.0,0.0,0.6931471805599453,0.7,0.0,0.0,0,1,2,0,0
247,663,0.005460005681236846,0.0,0.0,0.0,0.4444444444444444,1.0,0.0,0,1,2,0,0
247,664,0.01566387197583379,0.0,0.0,0.6931471805599453,0.6,1.0,0.0,0,1,1,0,0
247,665,0.0,0.0,0.0,0.6931471805599453,0.6666666666666666,0.0,0.0,0,1,3,0,0
247,666,0.20448719708679794,1.0,0.7071067811865475,0.0,0.4444444444444444,0.0,1.0,100,1,2,2,0
247,667,0.02087036543715453,0.0,0.0,0.6931471805599453,0.5833333333333334,0.0,0.0,10,1,2,1,0
247,668,0.022460576372045484,0.0,0.0,0.0,0.42857142857142855,0.0,0.0,10,1,2,0,0
247,669,0.010022844506678804,0.0,0.0,0.6931471805599453,0.42857142857142855,0.0,0.0,0,1,3,0,0
247,670,0.010509884375605974,0.0,0.0,0.0,0.2857142857142857,0.0,1.0,0,1,1,0,0
247,671,0.011873466449713849,0.0,0.0,0.6931471805599453,0.4444444444444444,0.0,0.0,0,1,1,0,0
247,672,0.02547409016912973,0.0,0.0,0.0,0.5714285714285714,1.0,0.0,10,1,1,0,0
247,673,0.002157195686287498,0.0,0.0,0.6931471805599453,0.2727272727272727,0.0,1.0,0,1,1,1,0
247,674,0.023745385006918744,0.0,0.0,0.0,0.25,0.0,1.0,10,1,1,1,0
247,675,0.01707122299576204,0.0,0.0,0.0,0.375,1.0,0.0,0,1,1,0,0
247,676,0.009897393347049976,0.0,0.0,0.0,0.5,0.0,0.0,0,1,2,1,0
247,677,0.0,0.0,0.0,0.6931471805599453,0.5,0.0,0.0,0,1,0,0,0
247,678,0.0016191578706953936,0.0,0.0,0.0,0.5,0.0,0.0,0,1,0,0,0
247,679,0.022640819124872164,0.0,0.0,0.0,0.6666666666666666,0.0,0.0,10,1,1,0,0
247,680,0.027255658996667924,0.0,0.0,0.0,0.38461538461538464,0.0,1.0,0,1,2,0,0
247,681,0.003260675865698391,0.0,0.0,0.0,0.5,1.0,0.0,10,1,2,0,0
247,682,0.023884791819396775,0.0,0.0,0.6931471805599453,0.625,0.0,0.0,10,1,1,0,1
248,623,0.1227049307771533,0.5,0.35355339059327373,1.0986122886681098,0.7142857142857143,0.0,0.0,100,1,8,2,0
248,624,0.00341351067213617,0.0,0.0,0.0,0.2857142857142857,0.0,0.0,0,1,0,0,0
248,625,0.011921870030302234,0.0,0.0,0.0,0.25,0.0,0.0,0,1,0,0,0
248,626,0.012007871532014394,0.0,0.0,0.0,0.4,0.0,1.0,0,1,1,0,0
248,627,0.1014468811199308,0.0,0.0,0.0,0.3333333333333333,0.0,1.0,10,1,1,0,0
248,628,0.03060410928891149,0.0,0.0,0.0,0.6,0.0,0.0,10,1,1,0,0
248,629,0.0021711534392090245,0.0,0.0,0.0,0.25,0.0,1.0,0,1,1,0,0
248,630,0.02999040354543841,0.0,0.0,0.6931471805599453,0.46153846153846156,0.0,1.0,0,1,2,0,0
248,631,0.009835563316833018,0.0,0.0,0.0,0.3333333333333333,0.0,0.0,10,1,1,0,0
248,632,0.03466620172430667,0.0,0.0,0.0,0.36363636363636365,0.0,1.0,10,1,2,0,0
248,633,0.009853294825126487,0.0,0.0,0.0,0.4,0.0,0.0,0,1,0,0,0
248,634,0.003215782689591669,0.0,0.0,0.0,0.42857142857142855,0.0,0.0,0,1,0,0,0
248,635,0.005626355691612396,0.0,0.0,0.6931471805599453,0.5,0.0,0.0,0,1,1,0,0
248,636,0.01849045132405297,0.0,0.7071067811865475,0.0,0.5454545454545454,1.0,0.0,100,1,2,2,1
248,637,0.06183522535190531,0.0,0.0,0.0,0.2,0.0,1.0,10,1,1,0,0
248,638,0.0019827038156348736,0.0,0.0,0.0,0.5555555555555556,0.0,0.0,0,1,0,0,0
248,639,0.0018287449507364934,0.0,0.0,0.0,0.5,1.0,0.0,0,1,1,0,0
248,640,0.018070277480913707,0.0,0.0,0.6931471805599453,0.3333333333333333,0.0,0.0,0,1,2,0,0
248,641,0.025310402626225338,0.0,0.0,0.0,0.2,0.0,1.0,10,1,2,0,0
248,642,0.00732936951682382,0.0,0.0,0.0,0.6,0.0,0.0,0,1,2,0,0
248,643,0.5163437913650626,1.0,1.0,0.0,0.5714285714285714,0.0,1.0,100,1,1,3,0
248,644,0.013115627752037867,0.0,0.0,0.6931471805599453,0.42857142857142855,0.0,0.0,0,1,1,0,0
248,645,0.052893686607722895,0.0,0.0,0.0,0.42857142857142855,1.0,0.0,0,1,0,0,0
248,646,0.01833120240971057,0.0,0.0,0.0,0.625,0.0,0.0,10,1,1,0,0
248,647,0.07389724052942602,0.0,0.0,0.0,0.75,0.0,0.0,10,1,1,1,0
248,648,0.038160735736958676,0.0,0.0,0.0,0.2857142857142857,0.0,1.0,10,1,3,0,0
248,649,0.0020383021334153934,0.0,0.0,0.0,0.5,0.0,0.0,0,1,1,0,0
248,650,0.06720549103027824,0.0,0.0,0.0,0.45454545454545453,1.0,0.0,0,1,2,0,0
248,651,0.0013627742504813897,0.0,0.0,0.0,0.375,1.0,0.0,0,1,1,0,0
248,652,0.061280480331420084,0.0,0.0,0.0,0.3333333333333333,0.0,1.0,10,1,1,0,0
248,653,0.026436982753634534,0.0,0.0,0.0,0.3333333333333333,0.0,0.0,0,1,1,0,1
248,654,0.0014027490244201343,0.0,0.0,0.0,0.45454545454545453,0.0,0.0,0,1,2,0,0
248,655,0.03253333954822092,0.0,0.0,0.6931471805599453,0.7,0.0,0.0,20,1,3,0,0
248,656,0.020603499546497293,0.0,0.0,0.0,0.16666666666666666,0.0,1.0,10,1,2,0,0
248,657,0.0036280887076126076,0.0,0.0,1.0986122886681098,0.7272727272727273,0.0,0.0,0,1,3,0,1
248,658,0.7187618562640427,1.0,0.7071067811865475,0.0,0.45454545454545453,1.0,0.0,100,1,2,3,1
248,659,0.0015627046944945346,0.0,0.0,0.0,0.3076923076923077,0.0,1.0,0,1,0,0,0
248,660,0.10162953135825042,0.0,0.0,0.0,0.7,0.0,0.0,20,1,2,0,1
248,661,0.0969687854741362,0.75,0.7071067811865475,0.0,0.25,0.0,1.0,100,1,2,2,0
248,662,0.02631886826714129,0.0,0.7071067811865475,0.6931471805599453,0.7,0.0,0.0,100,1,2,1,0
248,663,0.0077283305947772616,0.0,0.0,0.0,0.4444444444444444,1.0,0.0,0,1,2,0,0
248,664,0.0016073927352225146,0.0,0.0,0.6931471805599453,0.6,1.0,0.0,0,1,1,0,0
248,665,0.08433671081625477,0.0,0.0,0.6931471805599453,0.6666666666666666,0.0,0.0,20,1,3,1,0
248,666,0.015282209411374554,0.0,0.7071067811865475,0.0,0.4444444444444444,0.0,1.0,100,1,2,2,0
248,667,0.012899262783245154,0.0,0.0,0.6931471805599453,0.5833333333333334,0.0,0.0,0,1,2,0,0
248,668,0.16267285629118575,0.0,0.0,0.0,0.42857142857142855,0.0,0.0,20,1,2,0,0
248,669,0.010308993984455263,0.0,0.0,0.6931471805599453,0.42857142857142855,0.0,0.0,10,1,3,0,0
248,670,0.009911793991269055,0.0,1.0,0.0,0.2857142857142857,0.0,1.0,100,1,1,0,0
248,671,0.017495357695341603,0.0,1.0,0.6931471805599453,0.4444444444444444,0.0,0.0,100,1,1,2,1
248,672,0.011024954244941258,0.0,0.0,0.0,0.5714285714285714,1.0,0.0,10,1,1,0,0
248,673,0.017783871476921807,0.0,0.0,0.6931471805599453,0.2727272727272727,0.0,1.0,10,1,1,0,0
248,674,0.008308478143993993,0.0,0.0,0.0,0.25,0.0,1.0,0,1,1,0,0
248,675,0.10859307558675466,0.0,0.0,0.0,0.4444444444444444,1.0,0.0,10,1,1,0,0
248,676,0.019793502634240477,0.0,0.0,0.0,0.5,0.0,0.0,10,1,2,0,0
248,677,0.1500714602403321,0.0,0.0,0.6931471805599453,0.5,0.0,0.0,10,1,0,1,1
248,678,0.015242052056897368,0.0,0.0,0.0,0.5,0.0,0.0,0,1,0,0,0
248,679,0.13048640173958598,0.0,0.0,0.0,0.6666666666666666,0.0,0.0,0,1,1,0,0
248,680,0.11195577507107295,0.0,0.0,0.0,0.38461538461538464,0.0,1.0,10,1,2,0,0
248,681,0.1004763751068081,0.0,0.0,0.0,0.5,1.0,0.0,10,1,2,1,0
248,682,0.10314158206957186,0.0,0.0,0.6931471805599453,0.625,0.0,0.0,20,1,1,0,0
249,623,0.0,0.0,0.0,1.0986122886681098,0.7142857142857143,0.0,0.0,0,1,8,1,0
249,624,0.0,0.0,0.0,0.0,0.2857142857142857,0.0,0.0,0,1,0,0,1
249,625,0.0,0.0,0.0,0.0,0.25,0.0,0.0,0,1,0,0,0
249,626,0.00727002545959096,0.0,0.0,0.0,0.4,0.0,1.0,0,1,1,1,0
249,627,0.07890103997934769,0.0,0.0,0.0,0.3333333333333333,0.0,1.0,10,1,1,0,0
249,628,0.44886306366159306,1.0,1.0,0.0,0.6,0.0,0.0,100,1,1,3,1
249,629,0.04980258111071875,0.0,0.0,0.0,0.25,0.0,1.0,0,1,1,0,0
249,630,0.0,0.0,0.0,0.6931471805599453,0.46153846153846156,0.0,1.0,0,1,2,0,0
249,631,0.011919114744356177,0.0,1.0,0.0,0.3333333333333333,0.0,0.0,100,1,1,2,0
249,632,0.007075406540134717,0.0,0.0,0.0,0.36363636363636365,0.0,1.0,0,1,2,0,0
249,633,0.0,0.0,0.0,0.0,0.4,0.0,0.0,0,1,0,0,0
249,634,0.0,0.0,0.0,0.0,0.42857142857142855,0.0,0.0,0,1,0,0,0
249,635,0.0,0.0,0.0,0.6931471805599453,0.5,0.0,0.0,0,1,1,0,0
249,636,0.0,0.0,0.0,0.0,0.5454545454545454,1.0,0.0,0,1,2,0,0
249,637,0.013850600757066915,0.0,0.0,0.0,0.2,0.0,1.0,0,1,1,0,0
249,638,0.0,0.0,0.0,0.0,0.5555555555555556,0.0,0.0,0,1,0,0,0
249,639,0.0,0.0,0.0,0.0,0.5,1.0,0.0,0,1,1,0,0
249,640,0.0,0.0,0.0,0.6931471805599453,0.3333333333333333,0.0,0.0,0,1,2,1,1
249,641,0.0,0.0,0.0,0.0,0.2222222222222222,0.0,1.0,0,1,2,1,0
249,642,0.0,0.0,0.0,0.0,0.6,0.0,0.0,0,1,2,0,0
249,643,0.0,0.0,0.0,0.0,0.5714285714285714,0.0,1.0,0,1,1,0,0
249,644,0.7693811766187578,1.0,1.0,0.6931471805599453,0.42857142857142855,0.0,0.0,100,1,1,3,1
249,645,0.006159804865383586,0.0,0.0,0.0,0.42857142857142855,1.0,0.0,0,1,0,0,0
249,646,0.0,0.0,0.0,0.0,0.625,0.0,0.0,0,1,1,0,0
249,647,0.0,0.0,0.0,0.0,0.6666666666666666,0.0,0.0,0,1,1,0,0
249,648,0.0,0.0,0.0,0.0,0.2857142857142857,0.0,1.0,0,1,3,1,0
249,649,0.0,0.0,0.0,0.0,0.5,0.0,0.0,0,1,1,0,0
249,650,0.0,0.0,0.0,0.0,0.45454545454545453,1.0,0.0,0,1,2,0,0
249,651,0.0,0.0,0.0,0.0,0.375,1.0,0.0,0,1,1,0,0
249,652,0.0,0.0,0.0,0.0,0.3333333333333333,0.0,1.0,0,1,1,0,0
249,653,0.0,0.0,0.0,0.0,0.3333333333333333,0.0,0.0,0,1,1,0,0
249,654,0.0,0.0,0.0,0.0,0.45454545454545453,0.0,0.0,0,1,2,1,1
249,655,0.012355541944558717,0.0,0.0,0.6931471805599453,0.6666666666666666,0.0,0.0,0,1,3,0,0
249,656,0.0,0.0,0.0,0.0,0.16666666666666666,0.0,1.0,0,1,2,0,0
249,657,0.0,0.0,0.0,1.0986122886681098,0.75,0.0,0.0,0,1,3,0,0
249,658,0.0,0.0,0.0,0.0,0.45454545454545453,1.0,0.0,0,1,2,0,0
249,659,0.0,0.0,0.0,0.0,0.2857142857142857,0.0,1.0,0,1,0,0,0
249,660,0.009213744676942552,0.0,0.0,0.0,0.7,0.0,0.0,0,1,2,0,0
249,661,0.0,0.0,0.0,0.0,0.25,0.0,1.0,0,1,2,1,0
249,662,0.0033816631851138635,0.0,0.0,0.6931471805599453,0.7777777777777778,0.0,0.0,0,1,2,0,0
249,663,0.031194989154957102,0.0,0.0,0.0,0.4444444444444444,1.0,0.0,0,1,2,0,0
249,664,0.0,0.0,0.0,0.6931471805599453,0.6,1.0,0.0,0,1,1,0,0
249,665,0.0,0.0,0.0,0.6931471805599453,0.6666666666666666,0.0,0.0,0,1,3,0,0
249,666,0.025604084176146357,0.0,0.0,0.0,0.4444444444444444,0.0,1.0,0,1,2,1,0
249,667,0.08328249926723837,0.0,0.7071067811865475,0.6931471805599453,0.5833333333333334,0.0,0.0,100,1,2,2,0
249,668,0.011734225424138349,0.0,0.0,0.0,0.5,0.0,0.0,0,1,2,0,0
249,669,0.0046541226594059605,0.0,0.0,0.6931471805599453,0.42857142857142855,0.0,0.0,0,1,3,0,0
249,670,0.0,0.0,0.0,0.0,0.2857142857142857,0.0,1.0,0,1,1,0,0
249,671,0.03142911503893441,0.0,0.0,0.6931471805599453,0.4444444444444444,0.0,0.0,10,1,1,0,1
249,672,0.0052201408089627924,0.0,0.0,0.0,0.5714285714285714,1.0,0.0,0,1,1,0,1
249,673,0.5592711034845227,1.0,1.0,0.6931471805599453,0.2727272727272727,0.0,1.0,100,1,1,3,0
249,674,0.010118262881531507,0.0,1.0,0.0,0.25,0.0,1.0,100,1,1,2,0
249,675,0.08458303408607323,0.0,0.0,0.0,0.4444444444444444,1.0,0.0,10,1,1,0,0
249,676,0.006295746769775478,0.0,0.7071067811865475,0.0,0.5,0.0,0.0,100,1,2,2,0
249,677,0.0,0.0,0.0,0.6931471805599453,0.5,0.0,0.0,0,1,0,0,0
249,678,0.009235124046284602,0.0,0.0,0.0,0.5,0.0,0.0,0,1,0,0,0
249,679,0.0,0.0,0.0,0.0,0.6666666666666666,0.0,0.0,0,1,1,0,0
249,680,0.04695878904256242,0.0,0.0,0.0,0.38461538461538464,0.0,1.0,10,1,2,0,0
249,681,0.0,0.0,0.0,0.0,0.5,1.0,0.0,0,1,2,0,0
249,682,0.013811973592380561,0.0,0.0,0.6931471805599453,0.625,0.0,0.0,0,1,1,0,0
250,623,0.1813778194668577,0.5,0.25,1.0986122886681098,0.7142857142857143,0.0,0.0,50,2,8,2,1
250,624,0.0,0.0,0.0,0.0,0.2857142857142857,0.0,0.0,0,2,0,0,0
250,625,0.001432920006981347,0.0,0.0,0.0,0.25,0.0,0.0,0,2,0,0,0
250,626,0.039610897099594,0.0,0.0,0.0,0.4,0.0,1.0,0,2,1,0,0
250,627,0.023859352964336587,0.0,0.0,0.0,0.3333333333333333,0.0,1.0,10,2,1,0,0
250,628,0.03025509479069484,0.0,0.0,0.0,0.6,0.0,0.0,10,2,1,0,1
250,629,0.0,0.0,0.7071067811865475,0.0,0.25,0.0,1.0,50,2,1,0,0
250,630,0.04039048574125835,0.0,0.0,0.6931471805599453,0.46153846153846156,0.0,1.0,10,2,2,0,0
250,631,0.026364868844419038,0.0,0.0,0.0,0.3333333333333333,0.0,0.0,0,2,1,0,0
250,632,0.07404241145284407,0.0,0.0,0.0,0.36363636363636365,0.0,1.0,30,2,2,0,0
250,633,0.0258126371173473,0.0,0.0,0.0,0.4,0.0,0.0,10,2,0,0,0
250,634,0.008171103766231747,0.0,0.0,0.0,0.42857142857142855,0.0,0.0,0,2,0,0,1
250,635,0.02072905615185338,0.0,0.0,0.6931471805599453,0.5,0.0,0.0,10,2,1,0,0
250,636,0.02542967977416468,0.0,0.0,0.0,0.5454545454545454,1.0,0.0,10,2,2,0,0
250,637,0.024220990168600506,0.0,0.7071067811865475,0.0,0.2,0.0,1.0,50,2,1,0,0
250,638,0.005770065094356952,0.0,0.0,0.0,0.5555555555555556,0.0,0.0,0,2,0,0,0
250,639,0.008077243668827155,0.0,0.0,0.0,0.5,1.0,0.0,0,2,1,0,0
250,640,0.053200307184912046,0.0,0.0,0.6931471805599453,0.3333333333333333,0.0,0.0,0,2,2,0,0
250,641,0.10515334786240277,0.0,0.0,0.0,0.2,0.0,1.0,30,2,2,0,0
250,642,0.01932340054395435,0.0,0.0,0.0,0.6,0.0,0.0,0,2,2,0,0
250,643,0.10083761429181091,0.0,0.0,0.0,0.5714285714285714,0.0,1.0,10,2,1,0,0
250,644,0.011243661768298933,0.0,0.0,0.6931471805599453,0.42857142857142855,0.0,0.0,10,2,1,0,0
250,645,0.07726208680619576,0.0,0.0,0.0,0.42857142857142855,1.0,0.0,10,2,0,0,0
250,646,0.029913317217334888,0.0,0.0,0.0,0.625,0.0,0.0,0,2,1,2,1
250,647,0.022578222145793345,0.0,0.0,0.0,0.6666666666666666,0.0,0.0,10,2,1,1,0
250,648,0.049069877941825844,0.0,0.0,0.0,0.2857142857142857,0.0,1.0,20,2,3,0,0
250,649,0.004501082019722523,0.0,0.0,0.0,0.5,0.0,0.0,0,2,1,0,0
250,650,0.06579439399486608,0.0,0.0,0.0,0.45454545454545453,1.0,0.0,10,2,2,1,0
250,651,0.007436270446035825,0.0,0.0,0.0,0.375,1.0,0.0,0,2,1,0,0
250,652,0.044898203953129434,0.0,0.0,0.0,0.3333333333333333,0.0,1.0,10,2,1,0,0
250,653,0.026349734846265713,0.0,0.0,0.0,0.3333333333333333,0.0,0.0,10,2,1,2,0
250,654,0.020027566944718127,0.0,0.0,0.0,0.45454545454545453,0.0,0.0,10,2,2,0,0
250,655,0.04844529961502946,0.0,0.0,0.6931471805599453,0.7,0.0,0.0,20,2,3,2,1
250,656,0.06885380259117954,0.0,0.0,0.0,0.16666666666666666,0.0,1.0,10,2,2,0,0
250,657,0.01253362264308904,0.0,0.4082482904638631,1.0986122886681098,0.75,0.0,0.0,50,2,3,2,1
250,658,0.1166108930483273,0.0,0.0,0.0,0.45454545454545453,1.0,0.0,35,2,2,0,0
250,659,0.0,0.0,0.0,0.0,0.2857142857142857,0.0,1.0,0,2,0,0,0
250,660,0.5310449764165055,1.0,0.0,0.0,0.7,0.0,0.0,35,2,2,3,1
250,661,0.03756655608320586,0.0,0.0,0.0,0.25,0.0,1.0,30,2,2,0,0
250,662,0.03021339987454874,0.0,0.5,0.6931471805599453,0.7,0.0,0.0,50,2,2,0,0
250,663,0.026994507782892092,0.0,0.5,0.0,0.4444444444444444,1.0,0.0,50,2,2,1,0
250,664,0.014624057091820134,0.0,0.0,0.6931471805599453,0.6,1.0,0.0,0,2,1,0,0
250,665,0.030187641742573927,0.0,0.4082482904638631,0.6931471805599453,0.6666666666666666,0.0,0.0,50,2,3,1,0
250,666,0.062194982521966966,0.0,0.0,0.0,0.4444444444444444,0.0,1.0,10,2,2,0,0
250,667,0.020898599132713858,0.0,0.0,0.6931471805599453,0.5833333333333334,0.0,0.0,0,2,2,1,0
250,668,0.5846077797340776,1.0,0.0,0.0,0.42857142857142855,0.0,0.0,35,2,2,3,1
250,669,0.04456187099291946,0.0,0.0,0.6931471805599453,0.42857142857142855,0.0,0.0,20,2,3,0,0
250,670,0.004831053798117066,0.0,0.0,0.0,0.2857142857142857,0.0,1.0,0,2,1,0,0
250,671,0.041387148348270744,0.0,0.0,0.6931471805599453,0.4444444444444444,0.0,0.0,0,2,1,0,0
250,672,0.0425948158170464,0.0,0.0,0.0,0.5714285714285714,1.0,0.0,20,2,1,1,0
250,673,0.0257294886603624,0.0,0.0,0.6931471805599453,0.2727272727272727,0.0,1.0,0,2,1,0,0
250,674,0.03437072352514847,0.0,0.0,0.0,0.25,0.0,1.0,20,2,1,0,0
250,675,0.02795274524241515,0.0,0.0,0.0,0.4444444444444444,1.0,0.0,10,2,1,0,0
250,676,0.026289595042091708,0.0,0.0,0.0,0.5,0.0,0.0,30,2,2,0,0
250,677,0.048255047066623924,0.0,0.0,0.6931471805599453,0.5,0.0,0.0,10,2,0,0,0
250,678,0.01764946597261284,0.0,0.0,0.0,0.5,0.0,0.0,0,2,0,0,0
250,679,0.6847727034943736,1.0,0.0,0.0,0.6666666666666666,0.0,0.0,35,2,1,3,1
250,680,0.014455515705482471,0.0,0.0,0.0,0.38461538461538464,0.0,1.0,10,2,2,1,1
250,681,0.0377025294085358,0.0,0.0,0.0,0.5,1.0,0.0,30,2,2,0,0
250,682,0.7322034458460813,1.0,0.0,0.6931471805599453,0.625,0.0,0.0,35,2,1,3,1
251,623,0.01005926430976515,0.0,0.0,1.0986122886681098,0.6923076923076923,0.0,0.0,0,2,8,1,1
251,624,0.003424070018782283,0.0,0.0,0.0,0.2857142857142857,0.0,0.0,0,2,0,0,0
251,625,0.009175448498406832,0.0,0.0,0.0,0.25,0.0,0.0,0,2,0,0,0
251,626,0.02364622767816048,0.0,0.0,0.0,0.5,0.0,1.0,0,2,1,2,0
251,627,0.007311532768646228,0.0,0.0,0.0,0.3333333333333333,0.0,1.0,0,2,1,0,0
251,628,0.006832297908215603,0.0,0.0,0.0,0.6,0.0,0.0,0,2,1,1,0
251,629,0.0037338888403703765,0.0,0.7071067811865475,0.0,0.2857142857142857,0.0,1.0,50,2,1,0,0
251,630,0.010451986844491197,0.0,0.0,0.6931471805599453,0.46153846153846156,0.0,1.0,0,2,2,0,0
251,631,0.009217504943871347,0.0,0.0,0.0,0.3333333333333333,0.0,0.0,0,2,1,1,0
251,632,0.05177296285794768,0.0,0.0,0.0,0.36363636363636365,0.0,1.0,10,2,2,0,0
251,633,0.025231942527680105,0.0,0.0,0.0,0.4,0.0,0.0,10,2,0,0,0
251,634,0.055970601749850954,0.0,0.0,0.0,0.42857142857142855,0.0,0.0,0,2,0,0,0
251,635,0.05944795516478158,0.0,0.0,0.6931471805599453,0.5,0.0,0.0,0,2,1,0,0
251,636,0.10622325864152284,0.0,0.0,0.0,0.5454545454545454,1.0,0.0,0,2,2,0,0
251,637,0.019372540971327852,0.0,0.7071067811865475,0.0,0.2,0.0,1.0,50,2,1,0,0
251,638,0.0645664357581238,0.0,0.0,0.0,0.5555555555555556,0.0,0.0,0,2,0,0,0
251,639,0.00536616798013285,0.0,0.0,0.0,0.5,1.0,0.0,0,2,1,0,0
251,640,0.02191250586120909,0.0,0.0,0.6931471805599453,0.3333333333333333,0.0,0.0,0,2,2,2,1
251,641,0.033029751003284924,0.0,0.0,0.0,0.2222222222222222,0.0,1.0,10,2,2,2,0
251,642,0.06469771305897863,0.0,0.0,0.0,0.6,0.0,0.0,0,2,2,0,0
251,643,0.004665366078404322,0.0,0.0,0.0,0.5714285714285714,0.0,1.0,0,2,1,0,0
251,644,0.004195419142104337,0.0,0.0,0.6931471805599453,0.42857142857142855,0.0,0.0,0,2,1,1,1
251,645,0.045046425303808715,0.0,0.0,0.0,0.42857142857142855,1.0,0.0,10,2,0,0,0
251,646,0.0161562907837232,0.0,0.0,0.0,0.625,0.0,0.0,0,2,1,0,0
251,647,0.001461590697313771,0.0,0.0,0.0,0.6666666666666666,0.0,0.0,0,2,1,0,0
251,648,0.004495597710175787,0.0,0.0,0.0,0.2857142857142857,0.0,1.0,10,2,3,2,0
251,649,0.0029904313638215592,0.0,0.0,0.0,0.5,0.0,0.0,0,2,1,0,0
251,650,0.038009450132227084,0.0,0.0,0.0,0.45454545454545453,1.0,0.0,20,2,2,0,0
251,651,0.005896457649080675,0.0,0.0,0.0,0.375,1.0,0.0,0,2,1,0,0
251,652,0.0,0.0,0.0,0.0,0.3333333333333333,0.0,1.0,0,2,1,0,0
251,653,0.018961505645980592,0.0,0.0,0.0,0.3333333333333333,0.0,0.0,10,2,1,0,0
251,654,0.34007145473861744,1.0,0.0,0.0,0.45454545454545453,0.0,0.0,35,2,2,3,1
251,655,0.02468101780257729,0.0,0.0,0.6931471805599453,0.7,0.0,0.0,0,2,3,0,0
251,656,0.032390511664234,0.0,0.0,0.0,0.16666666666666666,0.0,1.0,0,2,2,0,0
251,657,0.01639191674327959,0.0,0.4082482904638631,1.0986122886681098,0.75,0.0,0.0,50,2,3,0,0
251,658,0.008594678546981134,0.0,0.0,0.0,0.45454545454545453,1.0,0.0,0,2,2,0,1
251,659,0.0,0.0,0.0,0.0,0.2857142857142857,0.0,1.0,0,2,0,0,0
251,660,0.02527914324084704,0.0,0.0,0.0,0.7,0.0,0.0,10,2,2,0,0
251,661,0.49149570137198656,1.0,0.0,0.0,0.2857142857142857,0.0,1.0,35,2,2,3,0
251,662,0.03145481474149397,0.0,0.5,0.6931471805599453,0.7,0.0,0.0,50,2,2,0,0
251,663,0.005783378004979931,0.0,0.0,0.0,0.4444444444444444,1.0,0.0,0,2,2,0,0
251,664,0.027837340763066265,0.0,0.0,0.6931471805599453,0.6,1.0,0.0,0,2,1,0,0
251,665,0.01762216857182333,0.0,0.4082482904638631,0.6931471805599453,0.6666666666666666,0.0,0.0,50,2,3,0,0
251,666,0.2500276304157635,1.0,0.0,0.0,0.4444444444444444,0.0,1.0,35,2,2,2,1
251,667,0.026949502347606673,0.0,0.0,0.6931471805599453,0.5833333333333334,0.0,0.0,10,2,2,1,0
251,668,0.02107580229683452,0.0,0.0,0.0,0.42857142857142855,0.0,0.0,10,2,2,0,0
251,669,0.02324777694749794,0.0,0.0,0.6931471805599453,0.42857142857142855,0.0,0.0,0,2,3,0,0
251,670,0.010924903678813106,0.0,0.0,0.0,0.2857142857142857,0.0,1.0,0,2,1,0,0
251,671,0.012576680083707683,0.0,0.0,0.6931471805599453,0.4444444444444444,0.0,0.0,0,2,1,0,0
251,672,0.015643801218752054,0.0,0.0,0.0,0.5714285714285714,1.0,0.0,10,2,1,0,0
251,673,0.0076364026362990105,0.0,0.0,0.6931471805599453,0.2727272727272727,0.0,1.0,0,2,1,1,0
251,674,0.02191202570585421,0.0,0.0,0.0,0.25,0.0,1.0,10,2,1,1,0
251,675,0.010903448652674508,0.0,0.0,0.0,0.4444444444444444,1.0,0.0,0,2,1,0,0
251,676,0.0074504689481445854,0.0,0.0,0.0,0.5,0.0,0.0,0,2,2,1,0
251,677,0.01945080297417551,0.0,0.0,0.6931471805599453,0.5,0.0,0.0,0,2,0,0,0
251,678,0.0017150535297334383,0.0,0.0,0.0,0.5,0.0,0.0,0,2,0,0,0
251,679,0.02004932186265562,0.0,0.0,0.0,0.6666666666666666,0.0,0.0,10,2,1,0,0
251,680,0.0255829670801246,0.0,0.0,0.0,0.38461538461538464,0.0,1.0,0,2,2,0,0
251,681,0.02388057837578694,0.0,0.5,0.0,0.5,1.0,0.0,50,2,2,0,0
251,682,0.02250317500718351,0.0,0.0,0.6931471805599453,0.625,0.0,0.0,10,2,1,0,0
252,623,0.10974376256241847,0.5,0.35355339059327373,1.0986122886681098,0.7142857142857143,0.0,0.0,100,1,8,2,0
252,624,0.0,0.0,0.0,0.0,0.2857142857142857,0.0,0.0,0,1,0,0,0
252,625,0.010794789827324557,0.0,0.0,0.0,0.25,0.0,0.0,0,1,0,0,1
252,626,0.01035869228911476,0.0,0.0,0.0,0.4,0.0,1.0,0,1,1,0,0
252,627,0.06082024060523551,0.0,0.0,0.0,0.3333333333333333,0.0,1.0,10,1,1,0,0
252,628,0.0297382174057143,0.0,0.0,0.0,0.6,0.0,0.0,10,1,1,0,0
252,629,0.0,0.0,0.0,0.0,0.25,0.0,1.0,0,1,1,0,0
252,630,0.030780756906907136,0.0,0.0,0.6931471805599453,0.46153846153846156,0.0,1.0,0,1,2,0,0
252,631,0.008285404250984207,0.0,0.0,0.0,0.3333333333333333,0.0,0.0,10,1,1,0,0
252,632,0.025954715923436594,0.0,0.0,0.0,0.36363636363636365,0.0,1.0,10,1,2,0,0
252,633,0.008162766340098314,0.0,0.0,0.0,0.4,0.0,0.0,0,1,0,0,0
252,634,0.0010355335786645734,0.0,0.0,0.0,0.42857142857142855,0.0,0.0,0,1,0,0,0
252,635,0.003267805634623404,0.0,0.0,0.6931471805599453,0.5,0.0,0.0,0,1,1,0,0
252,636,0.016304685939501833,0.0,0.7071067811865475,0.0,0.5454545454545454,1.0,0.0,100,1,2,2,0
252,637,0.08836163727990509,0.0,0.0,0.0,0.2,0.0,1.0,10,1,1,0,0
252,638,0.0,0.0,0.0,0.0,0.5555555555555556,0.0,0.0,0,1,0,0,1
252,639,0.0,0.0,0.0,0.0,0.5,1.0,0.0,0,1,1,0,0
252,640,0.026640753940565927,0.0,0.0,0.6931471805599453,0.3333333333333333,0.0,0.0,0,1,2,0,0
252,641,0.02389107227946052,0.0,0.0,0.0,0.2,0.0,1.0,10,1,2,0,0
252,642,0.005544456377743939,0.0,0.0,0.0,0.6,0.0,0.0,0,1,2,0,0
252,643,0.6818702887768323,1.0,1.0,0.0,0.5,0.0,1.0,100,1,1,3,1
252,644,0.01186159226820446,0.0,0.0,0.6931471805599453,0.42857142857142855,0.0,0.0,0,1,1,0,1
252,645,0.04055922731250234,0.0,0.0,0.0,0.42857142857142855,1.0,0.0,0,1,0,0,0
252,646,0.017624846951112202,0.0,0.0,0.0,0.625,0.0,0.0,10,1,1,0,0
252,647,0.06785064411117873,0.0,0.0,0.0,0.625,0.0,0.0,10,1,1,1,0
252,648,0.03731587596062621,0.0,0.0,0.0,0.2857142857142857,0.0,1.0,10,1,3,0,0
252,649,0.0,0.0,0.0,0.0,0.5,0.0,0.0,0,1,1,0,1
252,650,0.047016501548103676,0.0,0.0,0.0,0.45454545454545453,1.0,0.0,0,1,2,0,0
252,651,0.0,0.0,0.0,0.0,0.375,1.0,0.0,0,1,1,0,0
252,652,0.06772915749610164,0.0,0.0,0.0,0.3333333333333333,0.0,1.0,10,1,1,0,0
252,653,0.025157165938877547,0.0,0.0,0.0,0.3333333333333333,0.0,0.0,0,1,1,0,0
252,654,0.0,0.0,0.0,0.0,0.45454545454545453,0.0,0.0,0,1,2,0,0
252,655,0.031010104791724186,0.0,0.0,0.6931471805599453,0.7,0.0,0.0,20,1,3,0,0
252,656,0.019366884107168185,0.0,0.0,0.0,0.16666666666666666,0.0,1.0,10,1,2,0,0
252,657,0.0,0.0,0.0,1.0986122886681098,0.75,0.0,0.0,0,1,3,0,0
252,658,0.6904921195430922,1.0,0.7071067811865475,0.0,0.5,1.0,0.0,100,1,2,3,1
252,659,0.0,0.0,0.0,0.0,0.2857142857142857,0.0,1.0,0,1,0,0,0
252,660,0.09360957326261618,0.0,0.0,0.0,0.7,0.0,0.0,20,1,2,0,1
252,661,0.1056954070110234,0.75,0.7071067811865475,0.0,0.25,0.0,1.0,100,1,2,2,0
252,662,0.03018787571327114,0.0,0.7071067811865475,0.6931471805599453,0.7,0.0,0.0,100,1,2,1,0
252,663,0.009113883675176496,0.0,0.0,0.0,0.4444444444444444,1.0,0.0,0,1,2,0,0
252,664,0.010175772644356243,0.0,0.0,0.6931471805599453,0.6,1.0,0.0,0,1,1,0,0
252,665,0.06461116360836154,0.0,0.0,0.6931471805599453,0.6666666666666666,0.0,0.0,20,1,3,1,0
252,666,0.013359188199015638,0.0,0.7071067811865475,0.0,0.4444444444444444,0.0,1.0,100,1,2,2,0
252,667,0.011154925759491327,0.0,0.0,0.6931471805599453,0.5833333333333334,0.0,0.0,0,1,2,0,0
252,668,0.13699957683773237,0.0,0.0,0.0,0.42857142857142855,0.0,0.0,20,1,2,0,0
252,669,0.008497017931988617,0.0,0.0,0.6931471805599453,0.42857142857142855,0.0,0.0,10,1,3,0,0
252,670,0.008296253417561128,0.0,1.0,0.0,0.2857142857142857,0.0,1.0,100,1,1,0,0
252,671,0.016308925972208916,0.0,1.0,0.6931471805599453,0.4444444444444444,0.0,0.0,100,1,1,2,0
252,672,0.008319481368103053,0.0,0.0,0.0,0.5714285714285714,1.0,0.0,10,1,1,0,1
252,673,0.016544538593201298,0.0,0.0,0.6931471805599453,0.2727272727272727,0.0,1.0,10,1,1,0,0
252,674,0.0067390500079021415,0.0,0.0,0.0,0.25,0.0,1.0,0,1,1,0,0
252,675,0.06426433002941402,0.0,0.0,0.0,0.4444444444444444,1.0,0.0,10,1,1,0,0
252,676,0.012210549212604064,0.0,0.0,0.0,0.5,0.0,0.0,10,1,2,0,0
252,677,0.11025618501986813,0.0,0.0,0.6931471805599453,0.5,0.0,0.0,10,1,0,1,0
252,678,0.01340805732601877,0.0,0.0,0.0,0.5,0.0,0.0,0,1,0,0,0
252,679,0.12948201316946442,0.0,0.0,0.0,0.6666666666666666,0.0,0.0,0,1,1,0,0
252,680,0.06122065368426133,0.0,0.0,0.0,0.38461538461538464,0.0,1.0,10,1,2,0,0
252,681,0.07450757603410024,0.0,0.0,0.0,0.5,1.0,0.0,10,1,2,1,0
252,682,0.09530092859480338,0.0,0.0,0.6931471805599453,0.625,0.0,0.0,20,1,1,0,0
253,623,0.018149603860397188,0.0,0.0,1.0986122886681098,0.7142857142857143,0.0,0.0,0,1,8,0,0
253,624,0.006490960971447279,0.0,0.0,0.0,0.2857142857142857,0.0,0.0,10,1,0,0,0
253,625,0.0,0.0,0.0,0.0,0.25,0.0,0.0,0,1,0,0,0
253,626,0.0,0.0,0.0,0.0,0.4,0.0,1.0,0,1,1,0,0
253,627,0.0,0.0,0.0,0.0,0.3333333333333333,0.0,1.0,0,1,1,0,0
253,628,0.004741133543179144,0.0,0.0,0.0,0.6,0.0,0.0,0,1,1,0,0
253,629,0.007078265783150917,0.0,0.0,0.0,0.25,0.0,1.0,10,1,1,0,0
253,630,0.009669126944413096,0.0,0.0,0.6931471805599453,0.46153846153846156,0.0,1.0,0,1,2,0,0
253,631,0.01296154184922209,0.0,0.0,0.0,0.3333333333333333,0.0,0.0,0,1,1,0,0
253,632,0.01655486578235242,0.0,0.0,0.0,0.36363636363636365,0.0,1.0,0,1,2,0,0
253,633,0.09151542397388567,0.0,0.0,0.0,0.4,0.0,0.0,10,1,0,2,0
253,634,0.545396426247058,1.0,0.0,0.0,0.42857142857142855,0.0,0.0,35,1,0,3,0
253,635,0.45079684560513034,1.0,1.0,0.0,0.42857142857142855,0.0,0.0,100,1,1,3,1
253,636,0.37536871521800386,1.0,0.7071067811865475,0.0,0.5454545454545454,1.0,0.0,100,1,2,3,0
253,637,0.03722266012100544,0.0,0.0,0.0,0.2,0.0,1.0,0,1,1,0,0
253,638,0.4904201678590414,1.0,0.0,0.0,0.5555555555555556,0.0,0.0,30,1,0,3,1
253,639,0.01092606562204066,0.0,0.0,0.0,0.5,1.0,0.0,0,1,1,0,0
253,640,0.14054512649102457,0.75,0.7071067811865475,0.0,0.2727272727272727,0.0,0.0,100,1,2,3,1
253,641,0.005655571452373567,0.0,0.0,0.0,0.2,0.0,1.0,0,1,2,0,0
253,642,0.0066465360055083505,0.0,0.0,0.0,0.6,0.0,0.0,0,1,2,0,0
253,643,0.0,0.0,0.0,0.0,0.5714285714285714,0.0,1.0,0,1,1,0,0
253,644,0.0029114855376464652,0.0,0.0,0.6931471805599453,0.42857142857142855,0.0,0.0,0,1,1,0,0
253,645,0.006597688111325264,0.0,0.0,0.0,0.42857142857142855,1.0,0.0,0,1,0,0,0
253,646,0.0,0.0,0.0,0.0,0.625,0.0,0.0,0,1,1,0,0
253,647,0.02069719374305135,0.0,0.0,0.0,0.6666666666666666,0.0,0.0,10,1,1,0,0
253,648,0.029843431460609166,0.0,0.0,0.0,0.2857142857142857,0.0,1.0,0,1,3,1,0
253,649,0.010239035784001847,0.0,0.0,0.0,0.5,0.0,0.0,0,1,1,0,0
253,650,0.0,0.0,0.0,0.0,0.45454545454545453,1.0,0.0,0,1,2,0,0
253,651,0.0,0.0,0.0,0.0,0.375,1.0,0.0,0,1,1,1,0
253,652,0.0,0.0,0.0,0.0,0.3333333333333333,0.0,1.0,0,1,1,0,0
253,653,0.016213541124625877,0.0,0.0,0.0,0.36363636363636365,0.0,0.0,0,1,1,0,0
253,654,0.09581099938443038,0.5,0.7071067811865475,0.0,0.45454545454545453,0.0,0.0,100,1,2,3,1
253,655,0.00970987687523802,0.0,0.0,0.6931471805599453,0.7,0.0,0.0,0,1,3,0,0
253,656,0.049193619384213655,0.0,0.7071067811865475,0.0,0.16666666666666666,0.0,1.0,100,1,2,2,0
253,657,0.02415800091040173,0.0,0.0,1.0986122886681098,0.75,0.0,0.0,10,1,3,0,0
253,658,0.0,0.0,0.0,0.0,0.45454545454545453,1.0,0.0,0,1,2,0,0
253,659,0.005944428653225218,0.0,0.0,0.0,0.2857142857142857,0.0,1.0,0,1,0,0,0
253,660,0.005764782743078598,0.0,0.0,0.0,0.7,0.0,0.0,0,1,2,0,0
253,661,0.025425823310727867,0.0,0.0,0.0,0.25,0.0,1.0,0,1,2,0,0
253,662,0.009084347695851888,0.0,0.0,0.6931471805599453,0.7,0.0,0.0,0,1,2,0,0
253,663,0.0,0.0,0.0,0.0,0.4444444444444444,1.0,0.0,0,1,2,0,0
253,664,0.0,0.0,0.0,0.6931471805599453,0.6,1.0,0.0,0,1,1,1,0
253,665,0.0,0.0,0.0,0.6931471805599453,0.6666666666666666,0.0,0.0,0,1,3,0,0
253,666,0.017368796142186622,0.0,0.0,0.0,0.4444444444444444,0.0,1.0,0,1,2,0,1
253,667,0.0,0.0,0.0,0.6931471805599453,0.5833333333333334,0.0,0.0,0,1,2,0,0
253,668,0.0,0.0,0.0,0.0,0.42857142857142855,0.0,0.0,0,1,2,0,0
253,669,0.3601295673034847,1.0,0.5773502691896258,0.6931471805599453,0.42857142857142855,0.0,0.0,100,1,3,2,1
253,670,0.020965175920755637,0.0,0.0,0.0,0.2857142857142857,0.0,1.0,0,1,1,0,0
253,671,0.0,0.0,0.0,0.6931471805599453,0.4444444444444444,0.0,0.0,0,1,1,0,0
253,672,0.0,0.0,0.0,0.0,0.5714285714285714,1.0,0.0,0,1,1,0,0
253,673,0.005299008982086955,0.0,0.0,0.6931471805599453,0.2727272727272727,0.0,1.0,0,1,1,0,0
253,674,0.0,0.0,0.0,0.0,0.25,0.0,1.0,0,1,1,0,0
253,675,0.00567482364766478,0.0,0.0,0.0,0.4444444444444444,1.0,0.0,0,1,1,0,0
253,676,0.004667866156726706,0.0,0.0,0.0,0.5,0.0,0.0,0,1,2,0,1
253,677,0.0,0.0,0.0,0.6931471805599453,0.5,0.0,0.0,0,1,0,0,0
253,678,0.0,0.0,0.0,0.0,0.5,0.0,0.0,0,1,0,0,0
253,679,0.0,0.0,0.0,0.0,0.6666666666666666,0.0,0.0,0,1,1,0,0
253,680,0.0,0.0,0.0,0.0,0.38461538461538464,0.0,1.0,0,1,2,0,0
253,681,0.004477123434980556,0.0,0.0,0.0,0.5,1.0,0.0,0,1,2,0,0
253,682,0.0,0.0,0.0,0.6931471805599453,0.625,0.0,0.0,0,1,1,0,0
254,623,0.03933443511339365,0.0,0.0,1.0986122886681098,0.7142857142857143,0.0,0.0,10,2,8,1,0
254,624,0.0037722952298987547,0.0,0.0,0.0,0.2857142857142857,0.0,0.0,0,2,0,0,0
254,625,0.03719639751688841,0.0,0.0,0.0,0.25,0.0,0.0,0,2,0,0,0
254,626,0.04293926099888813,0.0,0.0,0.0,0.4,0.0,1.0,0,2,1,0,0
254,627,0.14594080272704937,0.0,0.7071067811865475,0.0,0.3333333333333333,0.0,1.0,50,2,1,2,0
254,628,0.01309974859637524,0.0,0.0,0.0,0.6,0.0,0.0,0,2,1,0,0
254,629,0.0023993573036000045,0.0,0.0,0.0,0.25,0.0,1.0,0,2,1,0,0
254,630,0.23239669140380337,1.0,0.5,0.6931471805599453,0.46153846153846156,0.0,1.0,50,2,2,3,0
254,631,0.03250315118744078,0.0,0.0,0.0,0.3333333333333333,0.0,0.0,10,2,1,0,0
254,632,0.012240051175062584,0.0,0.0,0.0,0.36363636363636365,0.0,1.0,0,2,2,0,0
254,633,0.0375189869996887,0.0,0.0,0.0,0.4,0.0,0.0,0,2,0,0,0
254,634,0.004671443353253426,0.0,0.0,0.0,0.42857142857142855,0.0,0.0,0,2,0,0,0
254,635,0.009744745523292058,0.0,0.7071067811865475,0.6931471805599453,0.5,0.0,0.0,50,2,1,0,0
254,636,0.01730705683454305,0.0,0.5,0.0,0.5454545454545454,1.0,0.0,50,2,2,0,0
254,637,0.025029584214539637,0.0,0.0,0.0,0.2,0.0,1.0,0,2,1,0,0
254,638,0.002191100267262657,0.0,0.0,0.0,0.5555555555555556,0.0,0.0,0,2,0,0,0
254,639,0.00202095921676073,0.0,0.0,0.0,0.5,1.0,0.0,0,2,1,0,0
254,640,0.06300350624862422,0.0,0.5,0.6931471805599453,0.3333333333333333,0.0,0.0,50,2,2,0,1
254,641,0.036450307210648056,0.0,0.0,0.0,0.2,0.0,1.0,10,2,2,0,0
254,642,0.023320631305520728,0.0,0.5,0.0,0.6,0.0,0.0,50,2,2,1,1
254,643,0.03229472117290404,0.0,0.0,0.0,0.5714285714285714,0.0,1.0,20,2,1,0,0
254,644,0.0032442057009786163,0.0,0.0,0.6931471805599453,0.42857142857142855,0.0,0.0,0,2,1,0,1
254,645,0.019582004819796807,0.0,0.0,0.0,0.42857142857142855,1.0,0.0,0,2,0,0,0
254,646,0.03522303252305741,0.0,0.0,0.0,0.625,0.0,0.0,10,2,1,0,0
254,647,0.041405650562262517,0.0,0.0,0.0,0.6666666666666666,0.0,0.0,10,2,1,0,0
254,648,0.031225288660518432,0.0,0.0,0.0,0.2857142857142857,0.0,1.0,10,2,3,0,0
254,649,0.00225254236869385,0.0,0.0,0.0,0.5,0.0,0.0,0,2,1,0,0
254,650,0.00913084848953015,0.0,0.0,0.0,0.45454545454545453,1.0,0.0,0,2,2,0,0
254,651,0.018868683062436543,0.0,0.0,0.0,0.375,1.0,0.0,10,2,1,0,0
254,652,0.5282790619718978,1.0,0.7071067811865475,0.0,0.3333333333333333,0.0,1.0,50,2,1,3,0
254,653,0.03930299845077609,0.0,0.0,0.0,0.3333333333333333,0.0,0.0,0,2,1,0,0
254,654,0.0015501880503141184,0.0,0.5,0.0,0.45454545454545453,0.0,0.0,50,2,2,0,0
254,655,0.04072044148719599,0.0,0.0,0.6931471805599453,0.7,0.0,0.0,10,2,3,0,1
254,656,0.015302346198115005,0.0,0.5,0.0,0.16666666666666666,0.0,1.0,50,2,2,0,0
254,657,0.0040094269624215825,0.0,0.0,1.0986122886681098,0.75,0.0,0.0,0,2,3,0,0
254,658,0.03888660454032258,0.0,0.0,0.0,0.45454545454545453,1.0,0.0,10,2,2,0,0
254,659,0.0017269562134085998,0.0,0.0,0.0,0.2857142857142857,0.0,1.0,0,2,0,0,0
254,660,0.016348639209488383,0.0,0.0,0.0,0.7,0.0,0.0,0,2,2,0,0
254,661,0.007978262830581805,0.0,0.0,0.0,0.25,0.0,1.0,10,2,2,0,0
254,662,0.011475443426939515,0.0,0.0,0.6931471805599453,0.7,0.0,0.0,10,2,2,0,0
254,663,0.0216721882904659,0.0,0.0,0.0,0.4444444444444444,1.0,0.0,10,2,2,1,0
254,664,0.047627000910306326,0.0,0.0,0.6931471805599453,0.6,1.0,0.0,0,2,1,0,0
254,665,0.01571717769907928,0.0,0.0,0.6931471805599453,0.6666666666666666,0.0,0.0,10,2,3,1,1
254,666,0.01390264464689404,0.0,0.0,0.0,0.4444444444444444,0.0,1.0,10,2,2,0,0
254,667,0.013520899133498038,0.0,0.0,0.6931471805599453,0.5833333333333334,0.0,0.0,0,2,2,0,0
254,668,0.01860853661374622,0.0,0.0,0.0,0.42857142857142855,0.0,0.0,0,2,2,0,1
254,669,0.01486379061021342,0.0,0.4082482904638631,0.6931471805599453,0.42857142857142855,0.0,0.0,50,2,3,0,0
254,670,0.010953594930349126,0.0,0.0,0.0,0.2857142857142857,0.0,1.0,0,2,1,0,0
254,671,0.012326111166384102,0.0,0.0,0.6931471805599453,0.4444444444444444,0.0,0.0,0,2,1,0,0
254,672,0.014770485219619454,0.0,0.0,0.0,0.5714285714285714,1.0,0.0,0,2,1,0,0
254,673,0.007446854860072745,0.0,0.0,0.6931471805599453,0.2727272727272727,0.0,1.0,0,2,1,0,0
254,674,0.015038985571382345,0.0,0.0,0.0,0.25,0.0,1.0,0,2,1,0,0
254,675,0.10901367312782084,0.0,0.0,0.0,0.4444444444444444,1.0,0.0,20,2,1,2,0
254,676,0.044460091555348635,0.0,0.5,0.0,0.5,0.0,0.0,50,2,2,2,0
254,677,0.02028725950194518,0.0,0.0,0.6931471805599453,0.5,0.0,0.0,0,2,0,0,0
254,678,0.03131546167011572,0.0,0.0,0.0,0.5,0.0,0.0,10,2,0,1,1
254,679,0.016566115467147913,0.0,0.0,0.0,0.6666666666666666,0.0,0.0,0,2,1,0,1
254,680,0.1024803231919676,0.0,0.5,0.0,0.38461538461538464,0.0,1.0,50,2,2,2,0
254,681,0.005639477002539256,0.0,0.0,0.0,0.5,1.0,0.0,0,2,2,0,0
254,682,0.020027168068891783,0.0,0.0,0.6931471805599453,0.625,0.0,0.0,0,2,1,0,0
255,623,0.01656561171816697,0.0,0.35355339059327373,1.0986122886681098,0.7142857142857143,0.0,0.0,100,1,8,1,0
255,624,0.0029325556000594478,0.0,0.0,0.0,0.2857142857142857,0.0,0.0,0,1,0,0,0
255,625,0.001675695518518913,0.0,0.0,0.0,0.25,0.0,0.0,0,1,0,0,0
255,626,0.005544866470792317,0.0,0.0,0.0,0.4,0.0,1.0,0,1,1,0,0
255,627,0.012390386226986207,0.0,0.0,0.0,0.3333333333333333,0.0,1.0,0,1,1,0,0
255,628,0.01489080534925247,0.0,0.0,0.0,0.6,0.0,0.0,0,1,1,0,0
255,629,0.0018652433779432944,0.0,0.0,0.0,0.25,0.0,1.0,0,1,1,0,0
255,630,0.013295062471618834,0.0,0.0,0.6931471805599453,0.46153846153846156,0.0,1.0,0,1,2,0,0
255,631,0.01923029688919304,0.0,0.0,0.0,0.36363636363636365,0.0,0.0,10,1,1,0,0
255,632,0.01924072412261233,0.0,0.0,0.0,0.36363636363636365,0.0,1.0,0,1,2,0,0
255,633,0.03761809696400499,0.0,0.0,0.0,0.4,0.0,0.0,0,1,0,0,0
255,634,0.01715982676109438,0.0,0.0,0.0,0.42857142857142855,0.0,0.0,0,1,0,0,0
255,635,0.025135084463580187,0.0,0.0,0.6931471805599453,0.5,0.0,0.0,0,1,1,0,0
255,636,0.01690193479405897,0.0,0.0,0.0,0.5454545454545454,1.0,0.0,0,1,2,0,0
255,637,0.018473298327013055,0.0,0.0,0.0,0.2,0.0,1.0,0,1,1,0,0
255,638,0.019103339427110833,0.0,0.0,0.0,0.5555555555555556,0.0,0.0,0,1,0,0,0
255,639,0.0015710793846754403,0.0,0.0,0.0,0.5,1.0,0.0,0,1,1,0,0
255,640,0.009549996668074861,0.0,0.0,0.6931471805599453,0.3333333333333333,0.0,0.0,0,1,2,0,0
255,641,0.020880759922841528,0.0,0.0,0.0,0.2,0.0,1.0,0,1,2,0,0
255,642,0.010948653153528592,0.0,0.0,0.0,0.6,0.0,0.0,0,1,2,0,0
255,643,0.021727345645298306,0.0,0.0,0.0,0.5714285714285714,0.0,1.0,10,1,1,0,0
255,644,0.009848893691297548,0.0,0.0,0.6931471805599453,0.42857142857142855,0.0,0.0,0,1,1,0,0
255,645,0.020081142917739058,0.0,0.0,0.0,0.42857142857142855,1.0,0.0,0,1,0,0,0
255,646,0.01358074063095279,0.0,0.0,0.0,0.625,0.0,0.0,10,1,1,1,0
255,647,0.5994340899371982,1.0,0.0,0.0,0.6666666666666666,0.0,0.0,35,1,1,3,1
255,648,0.01895862749410447,0.0,0.0,0.0,0.2857142857142857,0.0,1.0,10,1,3,0,0
255,649,0.0017511104871454123,0.0,0.0,0.0,0.5,0.0,0.0,0,1,1,0,0
255,650,0.01156864077072848,0.0,0.0,0.0,0.45454545454545453,1.0,0.0,10,1,2,1,0
255,651,0.010169609626501305,0.0,0.0,0.0,0.375,1.0,0.0,0,1,1,0,0
255,652,0.02310454248283136,0.0,0.0,0.0,0.3333333333333333,0.0,1.0,10,1,1,0,0
255,653,0.01458415525822223,0.0,0.0,0.0,0.3333333333333333,0.0,0.0,0,1,1,1,0
255,654,0.00658529622775769,0.0,0.0,0.0,0.45454545454545453,0.0,0.0,0,1,2,0,0
255,655,0.029089266673789797,0.0,0.0,0.6931471805599453,0.7,0.0,0.0,20,1,3,1,0
255,656,0.036452756813138414,0.0,0.0,0.0,0.16666666666666666,0.0,1.0,0,1,2,0,0
255,657,0.005734113008602025,0.0,0.0,1.0986122886681098,0.75,0.0,0.0,0,1,3,1,1
255,658,0.027426178129671054,0.0,0.0,0.0,0.45454545454545453,1.0,0.0,10,1,2,0,0
255,659,0.0013425235317079814,0.0,0.0,0.0,0.2857142857142857,0.0,1.0,0,1,0,0,0
255,660,0.05089857982300448,0.0,0.0,0.0,0.7777777777777778,0.0,0.0,0,1,2,1,1
255,661,0.007796364468393513,0.0,0.0,0.0,0.25,0.0,1.0,10,1,2,0,0
255,662,0.011585604221928923,0.0,0.0,0.6931471805599453,0.7,0.0,0.0,0,1,2,0,0
255,663,0.08415177874009666,0.5,0.0,0.0,0.4444444444444444,1.0,0.0,35,1,2,2,0
255,664,0.027327595803938558,0.0,0.0,0.6931471805599453,0.6,1.0,0.0,0,1,1,0,0
255,665,0.06890498767902775,0.5,0.0,0.6931471805599453,0.625,0.0,0.0,35,1,3,2,1
255,666,0.01593684508956721,0.0,0.0,0.0,0.4444444444444444,0.0,1.0,0,1,2,0,0
255,667,0.016449143876086834,0.0,0.0,0.6931471805599453,0.5833333333333334,0.0,0.0,10,1,2,2,0
255,668,0.07542063509171558,0.0,0.0,0.0,0.42857142857142855,0.0,0.0,0,1,2,1,0
255,669,0.027128289878638693,0.0,0.0,0.6931471805599453,0.42857142857142855,0.0,0.0,10,1,3,0,0
255,670,0.0030574586266498465,0.0,0.0,0.0,0.2857142857142857,0.0,1.0,0,1,1,0,0
255,671,0.018163345395423847,0.0,0.0,0.6931471805599453,0.4444444444444444,0.0,0.0,0,1,1,0,0
255,672,0.013644991292047819,0.0,0.0,0.0,0.5714285714285714,1.0,0.0,10,1,1,1,0
255,673,0.018029941674630366,0.0,0.0,0.6931471805599453,0.2727272727272727,0.0,1.0,0,1,1,0,0
255,674,0.02473389251860153,0.0,0.0,0.0,0.25,0.0,1.0,0,1,1,0,0
255,675,0.014916134383399279,0.0,0.0,0.0,0.4444444444444444,1.0,0.0,0,1,1,0,0
255,676,0.020122427716893432,0.0,0.0,0.0,0.5,0.0,0.0,10,1,2,0,0
255,677,0.010507133709360284,0.0,0.0,0.6931471805599453,0.5,0.0,0.0,0,1,0,0,0
255,678,0.00551573866569662,0.0,0.0,0.0,0.5,0.0,0.0,0,1,0,0,0
255,679,0.048032681169230707,0.0,0.0,0.0,0.6666666666666666,0.0,0.0,0,1,1,1,0
255,680,0.020288221766248143,0.0,0.0,0.0,0.38461538461538464,0.0,1.0,0,1,2,2,0
255,681,0.008360962792563232,0.0,0.0,0.0,0.5,1.0,0.0,0,1,2,0,1
255,682,0.055901079548795404,0.0,0.0,0.6931471805599453,0.625,0.0,0.0,0,1,1,1,0
256,623,0.0,0.0,0.0,1.0986122886681098,0.7142857142857143,0.0,0.0,0,1,8,1,0
256,624,0.012142675754064679,0.0,0.0,0.0,0.2857142857142857,0.0,0.0,0,1,0,0,0
256,625,0.0,0.0,0.0,0.0,0.25,0.0,0.0,0,1,0,0,0
256,626,0.007313361048499918,0.0,0.0,0.0,0.4,0.0,1.0,0,1,1,1,0
256,627,0.07937135786915966,0.0,0.0,0.0,0.3333333333333333,0.0,1.0,10,1,1,0,0
256,628,0.40666420903033135,1.0,1.0,0.0,0.6,0.0,0.0,100,1,1,3,1
256,629,0.054519949867179236,0.0,0.0,0.0,0.25,0.0,1.0,0,1,1,0,0
256,630,0.0026012973695047036,0.0,0.0,0.6931471805599453,0.46153846153846156,0.0,1.0,0,1,2,0,0
256,631,0.005995081446996746,0.0,1.0,0.0,0.3333333333333333,0.0,0.0,100,1,1,2,0
256,632,0.007117582033314389,0.0,0.0,0.0,0.36363636363636365,0.0,1.0,0,1,2,0,0
256,633,0.0,0.0,0.0,0.0,0.4,0.0,0.0,0,1,0,0,0
256,634,0.0,0.0,0.0,0.0,0.42857142857142855,0.0,0.0,0,1,0,0,0
256,635,0.0,0.0,0.0,0.6931471805599453,0.5,0.0,0.0,0,1,1,0,0
256,636,0.0,0.0,0.0,0.0,0.5454545454545454,1.0,0.0,0,1,2,0,0
256,637,0.018230373636734135,0.0,0.0,0.0,0.2222222222222222,0.0,1.0,0,1,1,0,0
256,638,0.0,0.0,0.0,0.0,0.5555555555555556,0.0,0.0,0,1,0,0,0
256,639,0.0,0.0,0.0,0.0,0.5,1.0,0.0,0,1,1,0,0
256,640,0.0,0.0,0.0,0.6931471805599453,0.36363636363636365,0.0,0.0,0,1,2,1,1
256,641,0.0,0.0,0.0,0.0,0.2,0.0,1.0,0,1,2,1,0
256,642,0.0,0.0,0.0,0.0,0.6,0.0,0.0,0,1,2,0,0
256,643,0.0,0.0,0.0,0.0,0.5714285714285714,0.0,1.0,0,1,1,0,0
256,644,0.7420434177899967,1.0,1.0,0.6931471805599453,0.42857142857142855,0.0,0.0,100,1,1,3,0
256,645,0.006196522587059993,0.0,0.0,0.0,0.42857142857142855,1.0,0.0,0,1,0,0,0
256,646,0.0,0.0,0.0,0.0,0.625,0.0,0.0,0,1,1,0,1
256,647,0.006331407019451424,0.0,0.0,0.0,0.6666666666666666,0.0,0.0,0,1,1,0,0
256,648,0.0,0.0,0.0,0.0,0.2857142857142857,0.0,1.0,0,1,3,1,0
256,649,0.0,0.0,0.0,0.0,0.5,0.0,0.0,0,1,1,0,0
256,650,0.0,0.0,0.0,0.0,0.5,1.0,0.0,0,1,2,0,0
256,651,0.0,0.0,0.0,0.0,0.375,1.0,0.0,0,1,1,0,0
256,652,0.00678358886064102,0.0,0.0,0.0,0.3333333333333333,0.0,1.0,0,1,1,0,0
256,653,0.0,0.0,0.0,0.0,0.3333333333333333,0.0,0.0,0,1,1,0,0
256,654,0.0,0.0,0.0,0.0,0.4,0.0,0.0,0,1,2,1,0
256,655,0.012429191574733042,0.0,0.0,0.6931471805599453,0.7,0.0,0.0,0,1,3,0,0
256,656,0.0,0.0,0.0,0.0,0.16666666666666666,0.0,1.0,0,1,2,0,0
256,657,0.0,0.0,0.0,1.0986122886681098,0.75,0.0,0.0,0,1,3,0,0
256,658,0.0,0.0,0.0,0.0,0.45454545454545453,1.0,0.0,0,1,2,0,0
256,659,0.0,0.0,0.0,0.0,0.2857142857142857,0.0,1.0,0,1,0,0,0
256,660,0.009268666499961112,0.0,0.0,0.0,0.7,0.0,0.0,0,1,2,0,0
256,661,0.0,0.0,0.0,0.0,0.25,0.0,1.0,0,1,2,1,0
256,662,0.0034018207989259747,0.0,0.0,0.6931471805599453,0.7,0.0,0.0,0,1,2,0,0
256,663,0.03455919099994104,0.0,0.0,0.0,0.4444444444444444,1.0,0.0,0,1,2,0,1
256,664,0.010570429418699043,0.0,0.0,0.6931471805599453,0.6,1.0,0.0,0,1,1,0,0
256,665,0.003562219616640129,0.0,0.0,0.6931471805599453,0.6666666666666666,0.0,0.0,0,1,3,0,0
256,666,0.02575670648433704,0.0,0.0,0.0,0.4444444444444444,0.0,1.0,0,1,2,1,1
256,667,0.08377893441338966,0.0,0.7071067811865475,0.6931471805599453,0.5833333333333334,0.0,0.0,100,1,2,2,0
256,668,0.01180417147480515,0.0,0.0,0.0,0.42857142857142855,0.0,0.0,0,1,2,0,0
256,669,0.004681865223365458,0.0,0.0,0.6931471805599453,0.42857142857142855,0.0,0.0,0,1,3,0,0
256,670,0.0,0.0,0.0,0.0,0.2857142857142857,0.0,1.0,0,1,1,0,0
256,671,0.031616459528533515,0.0,0.0,0.6931471805599453,0.4444444444444444,0.0,0.0,10,1,1,0,0
256,672,0.005251257326697355,0.0,0.0,0.0,0.5714285714285714,1.0,0.0,0,1,1,0,0
256,673,0.5109841372589287,1.0,1.0,0.6931471805599453,0.2727272727272727,0.0,1.0,100,1,1,3,0
256,674,0.005089288204531164,0.0,1.0,0.0,0.2857142857142857,0.0,1.0,100,1,1,2,0
256,675,0.08508722153551203,0.0,0.0,0.0,0.4444444444444444,1.0,0.0,10,1,1,0,0
256,676,0.00633327482183064,0.0,0.7071067811865475,0.0,0.5,0.0,0.0,100,1,2,2,0
256,677,0.0,0.0,0.0,0.6931471805599453,0.5,0.0,0.0,0,1,0,0,0
256,678,0.009290173308686433,0.0,0.0,0.0,0.5,0.0,0.0,0,1,0,0,0
256,679,0.0,0.0,0.0,0.0,0.6666666666666666,0.0,0.0,0,1,1,0,0
256,680,0.04723870371258964,0.0,0.0,0.0,0.38461538461538464,0.0,1.0,10,1,2,0,0
256,681,0.0,0.0,0.0,0.0,0.5,1.0,0.0,0,1,2,0,0
256,682,0.013894304804691674,0.0,0.0,0.6931471805599453,0.625,0.0,0.0,0,1,1,0,0
257,623,0.015049254863963208,0.0,0.0,1.0986122886681098,0.7142857142857143,0.0,0.0,10,1,8,0,0
257,624,0.022314305078962177,0.0,0.0,0.0,0.2857142857142857,0.0,0.0,0,1,0,2,1
257,625,0.0,0.0,0.0,0.0,0.25,0.0,0.0,0,1,0,0,0
257,626,0.002470259749565603,0.0,0.0,0.0,0.4,0.0,1.0,0,1,1,0,0
257,627,0.04939414136722495,0.0,0.0,0.0,0.3333333333333333,0.0,1.0,10,1,1,0,0
257,628,0.004343933440415055,0.0,0.0,0.0,0.6,0.0,0.0,0,1,1,0,0
257,629,0.018970886704829836,0.0,1.0,0.0,0.25,0.0,1.0,100,1,1,2,0
257,630,0.012261166675817517,0.0,0.0,0.6931471805599453,0.46153846153846156,0.0,1.0,0,1,2,0,0
257,631,0.005063352047182647,0.0,0.0,0.0,0.3333333333333333,0.0,0.0,0,1,1,0,1
257,632,0.015812247599054488,0.0,0.0,0.0,0.36363636363636365,0.0,1.0,0,1,2,1,0
257,633,0.0,0.0,0.0,0.0,0.4,0.0,0.0,0,1,0,0,0
257,634,0.0038410669204575155,0.0,0.0,0.0,0.42857142857142855,0.0,0.0,0,1,0,0,0
257,635,0.007273675245841236,0.0,0.0,0.6931471805599453,0.5,0.0,0.0,0,1,1,0,0
257,636,0.0022346361206412564,0.0,0.0,0.0,0.5454545454545454,1.0,0.0,0,1,2,0,0
257,637,0.5942920665380967,1.0,1.0,0.0,0.2,0.0,1.0,100,1,1,3,1
257,638,0.0055281746692070945,0.0,0.0,0.0,0.5555555555555556,0.0,0.0,0,1,0,0,0
257,639,0.0,0.0,0.0,0.0,0.5,1.0,0.0,0,1,1,0,0
257,640,0.006725947075331344,0.0,0.0,0.6931471805599453,0.3333333333333333,0.0,0.0,0,1,2,0,0
257,641,0.005506655298141984,0.0,0.0,0.0,0.2,0.0,1.0,0,1,2,0,0
257,642,0.005336979316685157,0.0,0.0,0.0,0.6,0.0,0.0,0,1,2,0,0
257,643,0.11151127440642976,0.0,0.0,0.0,0.5714285714285714,0.0,1.0,10,1,1,0,0
257,644,0.004001481966165849,0.0,0.0,0.6931471805599453,0.42857142857142855,0.0,0.0,10,1,1,0,0
257,645,0.01876015346319955,0.0,0.0,0.0,0.42857142857142855,1.0,0.0,0,1,0,1,0
257,646,0.0,0.0,0.0,0.0,0.625,0.0,0.0,0,1,1,0,0
257,647,0.011733877291288273,0.0,0.0,0.0,0.6666666666666666,0.0,0.0,0,1,1,0,0
257,648,0.0009957045675872583,0.0,0.0,0.0,0.2857142857142857,0.0,1.0,0,1,3,0,0
257,649,0.0,0.0,0.0,0.0,0.5,0.0,0.0,0,1,1,0,1
257,650,0.00446755880038659,0.0,0.0,0.0,0.45454545454545453,1.0,0.0,0,1,2,1,0
257,651,0.018946015407799353,0.0,0.0,0.0,0.375,1.0,0.0,10,1,1,0,0
257,652,0.02147295442641802,0.0,0.0,0.0,0.3333333333333333,0.0,1.0,0,1,1,0,0
257,653,0.005628166423878238,0.0,0.0,0.0,0.3333333333333333,0.0,0.0,0,1,1,0,0
257,654,0.011064025257751808,0.0,0.0,0.0,0.45454545454545453,0.0,0.0,0,1,2,0,0
257,655,0.017333377766170558,0.0,0.0,0.6931471805599453,0.7,0.0,0.0,0,1,3,1,1
257,656,0.004410117311986241,0.0,0.0,0.0,0.16666666666666666,0.0,1.0,0,1,2,0,0
257,657,0.013012557554977194,0.0,0.5773502691896258,1.0986122886681098,0.75,0.0,0.0,100,1,3,2,0
257,658,0.10224139876477632,0.0,0.0,0.0,0.45454545454545453,1.0,0.0,0,1,2,0,0
257,659,0.0,0.0,0.0,0.0,0.2857142857142857,0.0,1.0,0,1,0,0,0
257,660,0.006602174997754782,0.0,0.0,0.0,0.7,0.0,0.0,0,1,2,0,0
257,661,0.02797911873096038,0.0,0.0,0.0,0.25,0.0,1.0,10,1,2,0,0
257,662,0.32747559657254266,1.0,0.7071067811865475,0.6931471805599453,0.7,0.0,0.0,100,1,2,3,1
257,663,0.01092029864496841,0.0,0.0,0.0,0.4444444444444444,1.0,0.0,0,1,2,0,0
257,664,0.0678981299616257,0.0,0.0,0.6931471805599453,0.6,1.0,0.0,0,1,1,0,0
257,665,0.006601794472833751,0.0,0.0,0.6931471805599453,0.6666666666666666,0.0,0.0,0,1,3,0,0
257,666,0.006674131054780765,0.0,0.0,0.0,0.4444444444444444,0.0,1.0,0,1,2,0,0
257,667,0.0,0.0,0.0,0.6931471805599453,0.5833333333333334,0.0,0.0,0,1,2,0,0
257,668,0.006485192699346181,0.0,0.0,0.0,0.42857142857142855,0.0,0.0,0,1,2,0,0
257,669,0.006792854324548579,0.0,0.0,0.6931471805599453,0.42857142857142855,0.0,0.0,0,1,3,0,0
257,670,0.003353498543572322,0.0,0.0,0.0,0.2857142857142857,0.0,1.0,0,1,1,0,0
257,671,0.007282316830166649,0.0,0.0,0.6931471805599453,0.4444444444444444,0.0,0.0,0,1,1,0,0
257,672,0.008958819891703822,0.0,0.0,0.0,0.5714285714285714,1.0,0.0,0,1,1,0,0
257,673,0.007283844413204423,0.0,0.0,0.6931471805599453,0.2727272727272727,0.0,1.0,0,1,1,0,0
257,674,0.007738776490469111,0.0,0.0,0.0,0.25,0.0,1.0,0,1,1,0,0
257,675,0.048969103721838304,0.0,0.0,0.0,0.4444444444444444,1.0,0.0,10,1,1,1,0
257,676,0.007108371965735435,0.0,0.0,0.0,0.5,0.0,0.0,10,1,2,0,0
257,677,0.003907522406488548,0.0,0.0,0.6931471805599453,0.5,0.0,0.0,0,1,0,0,0
257,678,0.0014955397976852327,0.0,0.0,0.0,0.5,0.0,0.0,0,1,0,0,0
257,679,0.007305536506780531,0.0,0.0,0.0,0.6666666666666666,0.0,0.0,0,1,1,0,0
257,680,0.04855394257110834,0.0,0.0,0.0,0.38461538461538464,0.0,1.0,10,1,2,0,0
257,681,0.0,0.0,0.0,0.0,0.5,1.0,0.0,0,1,2,0,0
257,682,0.0022256996680664904,0.0,0.0,0.6931471805599453,0.625,0.0,0.0,0,1,1,0,0
258,623,0.015478778550549684,0.0,0.0,1.0986122886681098,0.7142857142857143,0.0,0.0,0,2,8,1,0
258,624,0.0010976136910375357,0.0,0.0,0.0,0.2857142857142857,0.0,0.0,0,2,0,0,0
258,625,0.0004543525849575776,0.0,0.0,0.0,0.25,0.0,0.0,0,2,0,0,0
258,626,0.010404861568397338,0.0,0.0,0.0,0.4,0.0,1.0,0,2,1,1,1
258,627,0.043687186014392365,0.0,0.0,0.0,0.3333333333333333,0.0,1.0,10,2,1,0,0
258,628,0.2781866347574941,0.4,0.7071067811865475,0.0,0.5,0.0,0.0,50,2,1,3,0
258,629,0.013754531084474464,0.0,0.0,0.0,0.25,0.0,1.0,0,2,1,0,0
258,630,0.01993065203577202,0.0,0.0,0.6931471805599453,0.46153846153846156,0.0,1.0,0,2,2,0,0
258,631,0.013790207924669185,0.0,0.7071067811865475,0.0,0.3333333333333333,0.0,0.0,50,2,1,2,1
258,632,0.028590689005128365,0.0,0.0,0.0,0.36363636363636365,0.0,1.0,0,2,2,0,0
258,633,0.006875951655794117,0.0,0.0,0.0,0.4,0.0,0.0,0,2,0,0,0
258,634,0.005014389715140797,0.0,0.0,0.0,0.42857142857142855,0.0,0.0,0,2,0,0,0
258,635,0.008290894984399177,0.0,0.0,0.6931471805599453,0.5,0.0,0.0,0,2,1,0,0
258,636,0.03127352752818555,0.0,0.0,0.0,0.5454545454545454,1.0,0.0,0,2,2,1,0
258,637,0.034947034610007345,0.0,0.0,0.0,0.2,0.0,1.0,0,2,1,0,0
258,638,0.00813551373566787,0.0,0.0,0.0,0.5555555555555556,0.0,0.0,0,2,0,0,0
258,639,0.008465632332990521,0.0,0.0,0.0,0.5,1.0,0.0,0,2,1,0,0
258,640,0.00912339654686454,0.0,0.0,0.6931471805599453,0.3333333333333333,0.0,0.0,0,2,2,1,0
258,641,0.005362815775622911,0.0,0.0,0.0,0.2,0.0,1.0,0,2,2,1,0
258,642,0.02700511296284637,0.0,0.0,0.0,0.6,0.0,0.0,0,2,2,0,0
258,643,0.054425168934299537,0.0,0.0,0.0,0.5714285714285714,0.0,1.0,0,2,1,1,0
258,644,0.2730796931222257,0.4,0.7071067811865475,0.6931471805599453,0.42857142857142855,0.0,0.0,50,2,1,3,1
258,645,0.023593053029858826,0.0,0.0,0.0,0.42857142857142855,1.0,0.0,0,2,0,0,0
258,646,0.022894377170412667,0.0,0.0,0.0,0.625,0.0,0.0,0,2,1,0,0
258,647,0.03311492858251248,0.0,0.0,0.0,0.6666666666666666,0.0,0.0,0,2,1,2,0
258,648,0.01857674827499226,0.0,0.0,0.0,0.2857142857142857,0.0,1.0,10,2,3,1,0
258,650,0.028767654000311765,0.0,0.0,0.0,0.45454545454545453,1.0,0.0,10,2,2,0,0
258,651,0.0019181385991479684,0.0,0.0,0.0,0.375,1.0,0.0,0,2,1,0,0
258,652,0.026773304772593924,0.0,0.0,0.0,0.3333333333333333,0.0,1.0,0,2,1,0,0
258,653,0.031746137399359435,0.0,0.0,0.0,0.3333333333333333,0.0,0.0,10,2,1,0,0
258,654,0.0371445755545782,0.0,0.0,0.0,0.45454545454545453,0.0,0.0,0,2,2,1,0
258,655,0.04903717135299181,0.0,0.0,0.6931471805599453,0.7,0.0,0.0,0,2,3,0,0
258,656,0.008116824374635305,0.0,0.0,0.0,0.16666666666666666,0.0,1.0,0,2,2,0,0
258,657,0.003499857016383988,0.0,0.0,1.0986122886681098,0.75,0.0,0.0,0,2,3,0,0
258,658,0.07974110602661322,0.0,0.0,0.0,0.45454545454545453,1.0,0.0,0,2,2,1,0
258,659,0.00722972358736063,0.0,0.0,0.0,0.2857142857142857,0.0,1.0,0,2,0,0,0
258,660,0.03966014384683796,0.0,0.0,0.0,0.7,0.0,0.0,0,2,2,0,0
258,661,0.04166824826637316,0.0,0.0,0.0,0.25,0.0,1.0,0,2,2,1,0
258,662,0.03535359092878835,0.0,0.0,0.6931471805599453,0.7,0.0,0.0,0,2,2,1,1
258,663,0.010297706281991382,0.0,0.0,0.0,0.4444444444444444,1.0,0.0,0,2,2,0,0
258,664,0.005091940432837802,0.0,0.0,0.6931471805599453,0.6,1.0,0.0,0,2,1,0,0
258,665,0.4373372537771842,0.6,0.4082482904638631,0.6931471805599453,0.6666666666666666,0.0,0.0,50,2,3,3,1
258,666,0.05082611376154056,0.0,0.0,0.0,0.4444444444444444,0.0,1.0,20,2,2,1,0
258,667,0.04674914256463945,0.0,0.5,0.6931471805599453,0.5833333333333334,0.0,0.0,50,2,2,2,0
258,668,0.04588178812097107,0.0,0.0,0.0,0.42857142857142855,0.0,0.0,0,2,2,0,0
258,669,0.007958450266200193,0.0,0.0,0.6931471805599453,0.42857142857142855,0.0,0.0,0,2,3,0,0
258,670,0.007859768376836117,0.0,0.0,0.0,0.2857142857142857,0.0,1.0,0,2,1,0,0
258,671,0.02823370457245796,0.0,0.0,0.6931471805599453,0.4444444444444444,0.0,0.0,10,2,1,1,0
258,672,0.02195216200804787,0.0,0.0,0.0,0.5714285714285714,1.0,0.0,0,2,1,0,0
258,673,0.3216761532274239,0.4,0.7071067811865475,0.0,0.2,0.0,1.0,50,2,1,3,1
258,674,0.016199577212814145,0.0,0.7071067811865475,0.0,0.25,0.0,1.0,50,2,1,2,0
258,675,0.06604743870443176,0.0,0.0,0.0,0.4444444444444444,1.0,0.0,10,2,1,0,0
258,676,0.007058518166593918,0.0,0.5,0.0,0.5,0.0,0.0,50,2,2,2,0
258,677,0.5358630884330626,0.6,0.0,0.0,0.45454545454545453,0.0,0.0,30,2,0,3,0
258,678,0.00893280995236972,0.0,0.0,0.0,0.5,0.0,0.0,0,2,0,0,0
258,679,0.03617901810754939,0.0,0.0,0.0,0.6666666666666666,0.0,0.0,0,2,1,0,0
258,680,0.05646653104623346,0.0,0.0,0.0,0.38461538461538464,0.0,1.0,10,2,2,0,0
258,681,0.4660954674173634,0.6,0.5,0.0,0.46153846153846156,1.0,0.0,50,2,2,2,1
258,682,0.02448641229691318,0.0,0.0,0.6931471805599453,0.625,0.0,0.0,0,2,1,0,0
259,623,0.04579447653030914,0.0,0.0,1.0986122886681098,0.7142857142857143,0.0,0.0,10,1,8,1,0
259,624,0.0032658231057050733,0.0,0.0,0.0,0.2857142857142857,0.0,0.0,0,1,0,0,0
259,625,0.0409435988733406,0.0,0.0,0.0,0.25,0.0,0.0,10,1,0,0,0
259,626,0.05002352064569175,0.0,0.0,0.0,0.4,0.0,1.0,0,1,1,0,0
259,627,0.011758646230111712,0.0,0.0,0.0,0.3333333333333333,0.0,1.0,0,1,1,0,0
259,628,0.06535460793500002,0.0,0.0,0.0,0.6,0.0,0.0,0,1,1,0,0
259,629,0.002077217196266323,0.0,0.0,0.0,0.2857142857142857,0.0,1.0,0,1,1,0,0
259,630,0.059204271991717766,0.0,0.0,0.6931471805599453,0.46153846153846156,0.0,1.0,10,1,2,0,0
259,631,0.013591391629686584,0.0,0.0,0.0,0.3333333333333333,0.0,0.0,0,1,1,0,0
259,632,0.06876802042391843,0.0,0.0,0.0,0.36363636363636365,0.0,1.0,0,1,2,0,0
259,633,0.09290410966326491,0.0,0.0,0.0,0.4,0.0,0.0,10,1,0,0,0
259,634,0.06998048127978278,0.0,0.0,0.0,0.42857142857142855,0.0,0.0,0,1,0,0,0
259,635,0.07148590237938734,0.0,0.0,0.6931471805599453,0.5,0.0,0.0,0,1,1,0,0
259,636,0.0668982030243558,0.0,0.0,0.0,0.5454545454545454,1.0,0.0,0,1,2,1,0
259,637,0.013939398457375067,0.0,0.0,0.0,0.2,0.0,1.0,0,1,1,0,0
259,638,0.08586249635899286,0.0,0.0,0.0,0.5555555555555556,0.0,0.0,0,1,0,0,0
259,639,0.012231111953363525,0.0,0.0,0.0,0.5,1.0,0.0,0,1,1,0,0
259,640,0.069102489519623,0.0,0.0,0.6931471805599453,0.3333333333333333,0.0,0.0,10,1,2,0,0
259,641,0.06675390703067359,0.0,0.0,0.0,0.2,0.0,1.0,10,1,2,0,0
259,642,0.017867173697108826,0.0,0.0,0.0,0.6,0.0,0.0,0,1,2,0,0
259,643,0.016737029938573813,0.0,0.0,0.0,0.5714285714285714,0.0,1.0,0,1,1,1,0
259,644,0.010133026230188026,0.0,0.0,0.6931471805599453,0.42857142857142855,0.0,0.0,0,1,1,0,0
259,645,0.040325027891794506,0.0,0.0,0.0,0.42857142857142855,1.0,0.0,0,1,0,0,0
259,646,0.0010696429866655106,0.0,0.0,0.0,0.625,0.0,0.0,0,1,1,0,0
259,647,0.11878068633626791,1.0,0.0,0.0,0.6666666666666666,0.0,0.0,35,1,1,3,1
259,648,0.017996494706041997,0.0,0.0,0.0,0.2857142857142857,0.0,1.0,0,1,3,0,0
259,649,0.007791006913696906,0.0,0.0,0.0,0.5,0.0,0.0,0,1,1,0,0
259,650,0.03183593083794253,0.0,0.0,0.0,0.45454545454545453,1.0,0.0,0,1,2,0,0
259,651,0.007486022829433104,0.0,0.0,0.0,0.375,1.0,0.0,10,1,1,0,0
259,652,0.08197482282451357,0.0,0.0,0.0,0.3333333333333333,0.0,1.0,10,1,1,0,0
259,653,0.008013436280856314,0.0,0.0,0.0,0.3333333333333333,0.0,0.0,0,1,1,0,0
259,654,0.044649476041095,0.0,0.0,0.0,0.45454545454545453,0.0,0.0,10,1,2,0,0
259,655,0.023954008176489554,0.0,0.0,0.6931471805599453,0.7,0.0,0.0,10,1,3,0,0
259,656,0.06051560218605975,0.0,0.0,0.0,0.16666666666666666,0.0,1.0,20,1,2,0,0
259,657,0.0034711172950439365,0.0,0.0,1.0986122886681098,0.75,0.0,0.0,0,1,3,0,0
259,658,0.029436324937925938,0.0,0.0,0.0,0.45454545454545453,1.0,0.0,0,1,2,1,0
259,659,0.0014950933478348452,0.0,0.0,0.0,0.2857142857142857,0.0,1.0,0,1,0,0,0
259,660,0.038261319992590165,0.0,0.0,0.0,0.7,0.0,0.0,0,1,2,0,0
259,661,0.03398347083419935,0.0,0.0,0.0,0.25,0.0,1.0,0,1,2,1,0
259,662,0.016371479274204594,0.0,0.0,0.6931471805599453,0.7,0.0,0.0,0,1,2,1,1
259,663,0.007284944921407406,0.0,0.0,0.0,0.4444444444444444,1.0,0.0,10,1,2,0,0
259,664,0.003968056608813295,0.0,0.0,0.6931471805599453,0.6,1.0,0.0,0,1,1,0,0
259,665,0.0809895522693137,0.0,0.5773502691896258,0.6931471805599453,0.6666666666666666,0.0,0.0,100,1,3,2,1
259,666,0.029433532906530845,0.0,0.0,0.0,0.4444444444444444,0.0,1.0,10,1,2,1,0
259,667,0.007070973093913417,0.0,0.0,0.6931471805599453,0.5833333333333334,0.0,0.0,0,1,2,0,0
259,668,0.0301201380730848,0.0,0.0,0.0,0.42857142857142855,0.0,0.0,0,1,2,0,0
259,669,0.059921642774285806,0.0,0.0,0.6931471805599453,0.42857142857142855,0.0,0.0,10,1,3,0,0
259,670,0.00931005680502056,0.0,0.0,0.0,0.2857142857142857,0.0,1.0,0,1,1,0,0
259,671,0.00485572545149365,0.0,0.0,0.6931471805599453,0.4444444444444444,0.0,0.0,0,1,1,1,0
259,672,0.006070397305481538,0.0,0.0,0.0,0.5714285714285714,1.0,0.0,0,1,1,0,1
259,673,0.033146806774804305,0.0,0.0,0.6931471805599453,0.2727272727272727,0.0,1.0,0,1,1,0,0
259,674,0.027354755073224584,0.0,0.0,0.0,0.25,0.0,1.0,0,1,1,0,0
259,675,0.03162311586417145,0.0,0.0,0.0,0.4444444444444444,1.0,0.0,10,1,1,0,0
259,676,0.01992993720325627,0.0,0.0,0.0,0.5,0.0,0.0,0,1,2,0,0
259,677,0.11268322173774445,0.0,0.0,0.6931471805599453,0.5,0.0,0.0,0,1,0,2,0
259,678,0.034871192903265916,0.0,0.0,0.0,0.5,0.0,0.0,10,1,0,0,0
259,679,0.0252982837406346,0.0,0.0,0.0,0.6666666666666666,0.0,0.0,0,1,1,0,0
259,680,0.036985756202130515,0.0,0.0,0.0,0.38461538461538464,0.0,1.0,0,1,2,0,0
259,681,0.07212186141889147,0.0,0.7071067811865475,0.0,0.5384615384615384,1.0,0.0,100,1,2,1,0
259,682,0.041457917220609194,0.0,0.0,0.6931471805599453,0.625,0.0,0.0,0,1,1,0,0
260,623,0.02996150296850769,0.0,0.0,1.0986122886681098,0.7142857142857143,0.0,0.0,0,1,8,1,0
260,624,0.003268542786991353,0.0,0.0,0.0,0.2857142857142857,0.0,0.0,0,1,0,0,0
260,625,0.014261943148630326,0.0,0.0,0.0,0.25,0.0,0.0,0,1,0,0,0
260,626,0.06787950388422441,0.0,0.0,0.0,0.4,0.0,1.0,0,1,1,1,0
260,627,0.011736040112185174,0.0,0.0,0.0,0.3333333333333333,0.0,1.0,0,1,1,0,0
260,628,0.0055107843518207794,0.0,1.0,0.0,0.6,0.0,0.0,100,1,1,2,0
260,629,0.0020789470415620943,0.0,0.0,0.0,0.25,0.0,1.0,0,1,1,0,0
260,630,0.020810593688865446,0.0,0.0,0.6931471805599453,0.46153846153846156,0.0,1.0,0,1,2,0,0
260,631,0.712959537809108,1.0,1.0,0.0,0.3333333333333333,0.0,0.0,100,1,1,3,1
260,632,0.03907012539631552,0.0,0.0,0.0,0.36363636363636365,0.0,1.0,10,1,2,0,0
260,633,0.040919192798387204,0.0,0.0,0.0,0.4,0.0,0.0,0,1,0,0,0
260,634,0.02371893934182289,0.0,0.0,0.0,0.42857142857142855,0.0,0.0,0,1,0,0,0
260,635,0.0319724789609961,0.0,0.0,0.6931471805599453,0.5,0.0,0.0,0,1,1,0,0
260,636,0.028450152923272524,0.0,0.0,0.0,0.5454545454545454,1.0,0.0,0,1,2,0,0
260,637,0.07032911431397304,0.0,0.0,0.0,0.2,0.0,1.0,0,1,1,0,0
260,638,0.04160306574222258,0.0,0.0,0.0,0.5555555555555556,0.0,0.0,0,1,0,0,0
260,639,0.01807613343255597,0.0,0.0,0.0,0.5,1.0,0.0,0,1,1,0,0
260,640,0.031235487041563398,0.0,0.0,0.6931471805599453,0.3333333333333333,0.0,0.0,0,1,2,1,0
260,641,0.042556156631615404,0.0,0.0,0.0,0.2,0.0,1.0,0,1,2,1,0
260,642,0.012594624483033688,0.0,0.0,0.0,0.6,0.0,0.0,0,1,2,0,0
260,643,0.015104108910375452,0.0,0.0,0.0,0.5714285714285714,0.0,1.0,10,1,1,0,0
260,644,0.005338423064459854,0.0,1.0,0.6931471805599453,0.42857142857142855,0.0,0.0,100,1,1,2,0
260,645,0.024071660246202685,0.0,0.0,0.0,0.42857142857142855,1.0,0.0,0,1,0,0,0
260,646,0.0164792447128627,0.0,0.0,0.0,0.625,0.0,0.0,10,1,1,0,0
260,647,0.03592066106510349,0.0,0.0,0.0,0.6666666666666666,0.0,0.0,10,1,1,0,1
260,648,0.025746912673354543,0.0,0.0,0.0,0.2857142857142857,0.0,1.0,10,1,3,1,0
260,649,0.011045086804723502,0.0,0.0,0.0,0.5,0.0,0.0,0,1,1,0,0
260,650,0.022204180523716414,0.0,0.0,0.0,0.45454545454545453,1.0,0.0,10,1,2,0,0
260,651,0.008226514319161316,0.0,0.0,0.0,0.375,1.0,0.0,0,1,1,0,1
260,652,0.014931031291067029,0.0,0.0,0.0,0.3333333333333333,0.0,1.0,10,1,1,0,0
260,653,0.02547332336411823,0.0,0.0,0.0,0.36363636363636365,0.0,0.0,0,1,1,0,0
260,654,0.013007948812658977,0.0,0.0,0.0,0.45454545454545453,0.0,0.0,0,1,2,1,1
260,655,0.024921262774235182,0.0,0.0,0.6931471805599453,0.7,0.0,0.0,20,1,3,0,0
260,656,0.012275060681234979,0.0,0.0,0.0,0.16666666666666666,0.0,1.0,0,1,2,0,0
260,657,0.003474007939284073,0.0,0.0,1.0986122886681098,0.75,0.0,0.0,0,1,3,0,0
260,658,0.01828574485071234,0.0,0.0,0.0,0.45454545454545453,1.0,0.0,10,1,2,0,0
260,659,0.015698629265926238,0.0,0.0,0.0,0.2857142857142857,0.0,1.0,0,1,0,0,0
260,660,0.026461189249916736,0.0,0.0,0.0,0.7,0.0,0.0,0,1,2,0,1
260,661,0.015068883927812365,0.0,0.0,0.0,0.25,0.0,1.0,10,1,2,1,0
260,662,0.07610701084009856,0.0,0.0,0.6931471805599453,0.7,0.0,0.0,0,1,2,0,0
260,663,0.01339676833496772,0.0,0.0,0.0,0.4444444444444444,1.0,0.0,10,1,2,0,0
260,664,0.02467930594525965,0.0,0.0,0.6931471805599453,0.6,1.0,0.0,0,1,1,0,0
260,665,0.013375277844319734,0.0,0.0,0.6931471805599453,0.6666666666666666,0.0,0.0,20,1,3,0,0
260,666,0.02573296563022888,0.0,0.0,0.0,0.4444444444444444,0.0,1.0,0,1,2,1,1
260,667,0.04043823221797699,0.0,0.7071067811865475,0.6931471805599453,0.5833333333333334,0.0,0.0,100,1,2,2,0
260,668,0.020985550880850478,0.0,0.0,0.0,0.42857142857142855,0.0,0.0,0,1,2,0,0
260,669,0.02834182317216998,0.0,0.0,0.6931471805599453,0.42857142857142855,0.0,0.0,10,1,3,0,0
260,670,0.017020727810088017,0.0,0.0,0.0,0.2857142857142857,0.0,1.0,0,1,1,0,0
260,671,0.005081990088514359,0.0,0.0,0.6931471805599453,0.4444444444444444,0.0,0.0,0,1,1,0,0
260,672,0.026565115046027404,0.0,0.0,0.0,0.5714285714285714,1.0,0.0,10,1,1,0,0
260,673,0.00519595746661484,0.0,1.0,0.6931471805599453,0.2727272727272727,0.0,1.0,100,1,1,2,0
260,674,0.6473603235764079,1.0,1.0,0.0,0.25,0.0,1.0,100,1,1,3,0
260,675,0.01563626738943985,0.0,0.0,0.0,0.4444444444444444,1.0,0.0,0,1,1,0,0
260,676,0.7236794248598435,1.0,0.7071067811865475,0.0,0.5,0.0,0.0,100,1,2,3,1
260,677,0.002147306123224341,0.0,0.0,0.6931471805599453,0.5,0.0,0.0,0,1,0,0,0
260,678,0.003507735377505445,0.0,0.0,0.0,0.5714285714285714,0.0,0.0,0,1,0,0,0
260,679,0.026037654980886542,0.0,0.0,0.0,0.6363636363636364,0.0,0.0,10,1,1,0,1
260,680,0.018321125534450856,0.0,0.0,0.0,0.38461538461538464,0.0,1.0,0,1,2,0,0
260,681,0.006193942089398087,0.0,0.0,0.0,0.5,1.0,0.0,10,1,2,0,0
260,682,0.029785021353317696,0.0,0.0,0.6931471805599453,0.625,0.0,0.0,0,1,1,0,0
261,623,0.3504742849345639,1.0,0.35355339059327373,1.0986122886681098,0.6923076923076923,0.0,0.0,100,1,8,2,1
261,624,0.0,0.0,0.0,0.0,0.2857142857142857,0.0,0.0,0,1,0,0,0
261,625,0.0008391575663912332,0.0,0.0,0.0,0.25,0.0,0.0,0,1,0,1,1
261,626,0.0,0.0,0.0,0.0,0.4,0.0,1.0,0,1,1,0,0
261,627,0.0,0.0,0.0,0.0,0.3333333333333333,0.0,1.0,0,1,1,0,0
261,628,0.0,0.0,0.0,0.0,0.6,0.0,0.0,0,1,1,0,0
261,629,0.0,0.0,0.0,0.0,0.25,0.0,1.0,0,1,1,0,0
261,630,0.530587434615721,1.0,0.7071067811865475,0.6931471805599453,0.4166666666666667,0.0,1.0,100,1,2,3,1
261,631,0.020382446992889065,0.0,0.0,0.0,0.3333333333333333,0.0,0.0,0,1,1,0,0
261,632,0.36762054472853445,1.0,0.7071067811865475,0.0,0.36363636363636365,0.0,1.0,100,1,2,3,0
261,633,0.005008322574491312,0.0,0.0,0.0,0.4,0.0,0.0,0,1,0,0,1
261,634,0.0035217141766936033,0.0,0.0,0.0,0.42857142857142855,0.0,0.0,0,1,0,0,0
261,635,0.0044451525421452575,0.0,0.0,0.6931471805599453,0.5,0.0,0.0,0,1,1,0,0
261,636,0.004097986424693633,0.0,0.0,0.0,0.5454545454545454,1.0,0.0,0,1,2,0,0
261,637,0.014509844777542686,0.0,0.0,0.0,0.2,0.0,1.0,0,1,1,0,0
261,638,0.0,0.0,0.0,0.0,0.5555555555555556,0.0,0.0,0,1,0,0,0
261,639,0.6528023538464512,1.0,1.0,0.0,0.4444444444444444,1.0,0.0,100,1,1,3,0
261,640,0.0027402550519869113,0.0,0.0,0.6931471805599453,0.3333333333333333,0.0,0.0,0,1,2,0,0
261,641,0.0,0.0,0.0,0.0,0.2,0.0,1.0,0,1,2,0,0
261,642,0.03093769260554491,0.0,0.0,0.0,0.6,0.0,0.0,0,1,2,0,0
261,643,0.0,0.0,0.0,0.0,0.5714285714285714,0.0,1.0,0,1,1,0,0
261,644,0.0,0.0,0.0,0.6931471805599453,0.42857142857142855,0.0,0.0,0,1,1,0,0
261,645,0.006452991752799264,0.0,0.0,0.0,0.42857142857142855,1.0,0.0,0,1,0,0,0
261,646,0.005546146454110345,0.0,0.0,0.0,0.625,0.0,0.0,0,1,1,0,0
261,647,0.0012642586152078732,0.0,0.0,0.0,0.6666666666666666,0.0,0.0,0,1,1,0,0
261,648,0.0040012530808407306,0.0,0.0,0.0,0.2857142857142857,0.0,1.0,0,1,3,0,0
261,649,0.6764967592460417,1.0,1.0,0.0,0.4,0.0,0.0,100,1,1,3,1
261,650,0.009551548661360041,0.0,0.0,0.0,0.45454545454545453,1.0,0.0,0,1,2,0,0
261,651,0.0,0.0,0.0,0.0,0.375,1.0,0.0,0,1,1,0,0
261,652,0.0,0.0,0.0,0.0,0.3333333333333333,0.0,1.0,0,1,1,0,0
261,653,0.00668429590852147,0.0,0.0,0.0,0.3333333333333333,0.0,0.0,0,1,1,0,0
261,654,0.0,0.0,0.0,0.0,0.45454545454545453,0.0,0.0,0,1,2,0,0
261,655,0.020418046909843644,0.0,0.0,0.6931471805599453,0.7,0.0,0.0,0,1,3,0,0
261,656,0.0,0.0,0.0,0.0,0.16666666666666666,0.0,1.0,10,1,2,0,0
261,657,0.0,0.0,0.0,1.0986122886681098,0.75,0.0,0.0,0,1,3,0,0
261,658,0.0,0.0,0.0,0.0,0.5,1.0,0.0,0,1,2,0,0
261,659,0.6692155817710493,0.75,0.0,0.0,0.2857142857142857,0.0,1.0,35,1,0,3,1
261,660,0.33046244278308595,1.0,0.7071067811865475,0.0,0.7,0.0,0.0,100,1,2,3,1
261,661,0.0,0.0,0.0,0.0,0.25,0.0,1.0,0,1,2,0,0
261,662,0.005072133489168125,0.0,0.0,0.6931471805599453,0.7,0.0,0.0,0,1,2,0,0
261,663,0.004623755333191276,0.0,0.0,0.0,0.4444444444444444,1.0,0.0,0,1,2,0,0
261,664,0.0,0.0,0.0,0.6931471805599453,0.6,1.0,0.0,0,1,1,0,0
261,665,0.0,0.0,0.0,0.6931471805599453,0.6666666666666666,0.0,0.0,0,1,3,0,1
261,666,0.001359693932995307,0.0,0.0,0.0,0.4444444444444444,0.0,1.0,0,1,2,0,0
261,667,0.005965876195377898,0.0,0.0,0.6931471805599453,0.5833333333333334,0.0,0.0,0,1,2,0,0
261,668,0.0015382543113288231,0.0,0.7071067811865475,0.0,0.42857142857142855,0.0,0.0,100,1,2,0,1
261,669,0.034506813784303106,0.0,0.0,0.6931471805599453,0.42857142857142855,0.0,0.0,10,1,3,0,0
261,670,0.003983968481413306,0.0,0.0,0.0,0.2857142857142857,0.0,1.0,0,1,1,0,0
261,671,0.002225076681590892,0.0,0.0,0.6931471805599453,0.4444444444444444,0.0,0.0,0,1,1,0,0
261,672,0.04568231197544733,0.0,0.0,0.0,0.5714285714285714,1.0,0.0,0,1,1,0,0
261,673,0.0,0.0,0.0,0.6931471805599453,0.2727272727272727,0.0,1.0,0,1,1,0,0
261,674,0.012015965000490073,0.0,0.0,0.0,0.25,0.0,1.0,0,1,1,0,0
261,675,0.00555036697386645,0.0,0.0,0.0,0.4444444444444444,1.0,0.0,0,1,1,0,0
261,676,0.02384127358089193,0.0,0.0,0.0,0.5,0.0,0.0,0,1,2,0,0
261,677,0.0,0.0,0.0,0.6931471805599453,0.5,0.0,0.0,0,1,0,0,0
261,678,0.0018283210914658721,0.0,0.0,0.0,0.5,0.0,0.0,0,1,0,0,0
261,679,0.0,0.0,0.0,0.0,0.6666666666666666,0.0,0.0,0,1,1,0,0
261,680,0.008765369257307355,0.0,0.0,0.0,0.38461538461538464,0.0,1.0,0,1,2,0,0
261,681,0.2595453046849186,1.0,0.7071067811865475,0.0,0.5,1.0,0.0,100,1,2,3,1
261,682,0.0,0.0,0.0,0.6931471805599453,0.625,0.0,0.0,0,1,1,0,0
262,623,0.01953103640354741,0.0,0.5,1.0986122886681098,0.7142857142857143,0.0,0.0,100,2,8,1,0
262,624,0.0,0.0,0.0,0.0,0.2857142857142857,0.0,0.0,0,2,0,0,0
262,625,0.0005241166295478755,0.0,0.0,0.0,0.25,0.0,0.0,0,2,0,0,0
262,626,0.045393999865951974,0.0,0.7071067811865475,0.0,0.4,0.0,1.0,50,2,1,2,0
262,627,0.0040607629710350795,0.0,0.0,0.0,0.3333333333333333,0.0,1.0,0,2,1,0,0
262,628,0.02055356819156911,0.0,0.0,0.0,0.6,0.0,0.0,0,2,1,1,1
262,629,0.0,0.0,0.0,0.0,0.25,0.0,1.0,0,2,1,0,0
262,630,0.02356405320882788,0.0,0.0,0.6931471805599453,0.46153846153846156,0.0,1.0,0,2,2,0,0
262,631,0.030468010286274105,0.0,0.0,0.0,0.3333333333333333,0.0,0.0,10,2,1,1,0
262,632,0.056134951035442714,0.0,0.0,0.0,0.36363636363636365,0.0,1.0,0,2,2,0,0
262,633,0.026266036318088812,0.0,0.0,0.0,0.4,0.0,0.0,0,2,0,0,1
262,634,0.01384603239027983,0.0,0.0,0.0,0.42857142857142855,0.0,0.0,0,2,0,0,0
262,635,0.026004310634141322,0.0,0.0,0.6931471805599453,0.5,0.0,0.0,0,2,1,0,0
262,636,0.07312136309563394,0.0,0.0,0.0,0.5454545454545454,1.0,0.0,0,2,2,0,0
262,637,0.030376049036992522,0.0,0.0,0.0,0.2,0.0,1.0,0,2,1,0,0
262,638,0.019649993780103733,0.0,0.0,0.0,0.5555555555555556,0.0,0.0,0,2,0,0,0
262,639,0.004352586902255408,0.0,0.0,0.0,0.5,1.0,0.0,0,2,1,0,0
262,640,0.03591081156812946,0.0,0.5,0.6931471805599453,0.3333333333333333,0.0,0.0,50,2,2,2,0
262,641,0.03827653950947171,0.0,0.5,0.0,0.2,0.0,1.0,50,2,2,2,1
262,642,0.021939202017745754,0.0,0.0,0.0,0.6,0.0,0.0,0,2,2,0,0
262,643,0.030742335764533068,0.0,0.0,0.0,0.5714285714285714,0.0,1.0,10,2,1,0,0
262,644,0.02408648940933903,0.0,0.0,0.6931471805599453,0.42857142857142855,0.0,0.0,0,2,1,1,0
262,645,0.05486424083437482,0.0,0.0,0.0,0.42857142857142855,1.0,0.0,0,2,0,0,0
262,646,0.385633694427448,0.4,0.7071067811865475,0.0,0.625,0.0,0.0,50,2,1,3,1
262,647,0.07239428954915543,0.0,0.0,0.0,0.6666666666666666,0.0,0.0,10,2,1,1,0
262,648,0.02114679176936885,0.0,0.4082482904638631,0.0,0.2857142857142857,0.0,1.0,50,2,3,2,0
262,649,0.00242558794925038,0.0,0.0,0.0,0.5,0.0,0.0,0,2,1,0,0
262,650,0.05188064301573708,0.0,0.0,0.0,0.45454545454545453,1.0,0.0,10,2,2,1,0
262,651,0.006626205592983699,0.0,0.0,0.0,0.375,1.0,0.0,0,2,1,0,0
262,652,0.03157129605054102,0.0,0.0,0.0,0.3333333333333333,0.0,1.0,10,2,1,0,0
262,653,0.33980631339157447,0.4,0.0,0.0,0.3333333333333333,0.0,0.0,30,2,1,3,1
262,654,0.24548602712802206,0.6,0.5,0.0,0.45454545454545453,0.0,0.0,50,2,2,3,0
262,655,0.35646104934012507,0.4,0.4082482904638631,0.6931471805599453,0.7,0.0,0.0,50,2,3,3,1
262,656,0.032014494039279875,0.0,0.0,0.0,0.16666666666666666,0.0,1.0,0,2,2,0,0
262,657,0.0513545863317403,0.0,0.4082482904638631,1.0986122886681098,0.75,0.0,0.0,50,2,3,3,0
262,658,0.044551345392444916,0.0,0.0,0.0,0.45454545454545453,1.0,0.0,10,2,2,0,0
262,659,0.0,0.0,0.0,0.0,0.2857142857142857,0.0,1.0,0,2,0,0,0
262,660,0.04546519704694857,0.0,0.5,0.0,0.7,0.0,0.0,50,2,2,2,0
262,661,0.3504130381107046,0.6,0.5,0.0,0.25,0.0,1.0,50,2,2,3,1
262,662,0.04079413531202713,0.0,0.0,0.6931471805599453,0.7,0.0,0.0,0,2,2,0,0
262,663,0.01772760665143372,0.0,0.0,0.0,0.4444444444444444,1.0,0.0,0,2,2,1,0
262,664,0.017588261849213038,0.0,0.0,0.6931471805599453,0.6,1.0,0.0,0,2,1,0,0
262,665,0.035795346170183984,0.0,0.0,0.6931471805599453,0.6666666666666666,0.0,0.0,20,2,3,1,0
262,666,0.21477865655082423,0.6,0.5,0.0,0.4444444444444444,0.0,1.0,50,2,2,2,0
262,667,0.05015677254168841,0.0,0.0,0.6931471805599453,0.5833333333333334,0.0,0.0,20,2,2,1,1
262,668,0.0439739224235213,0.0,0.5,0.0,0.42857142857142855,0.0,0.0,50,2,2,2,1
262,669,0.025823086762178947,0.0,0.4082482904638631,0.6931471805599453,0.42857142857142855,0.0,0.0,50,2,3,0,0
262,670,0.016461184032476244,0.0,0.0,0.0,0.2857142857142857,0.0,1.0,0,2,1,0,0
262,671,0.04018679102813601,0.0,0.0,0.6931471805599453,0.4444444444444444,0.0,0.0,0,2,1,0,0
262,672,0.04936487592488989,0.0,0.0,0.0,0.5714285714285714,1.0,0.0,20,2,1,1,0
262,673,0.02228853942196698,0.0,0.0,0.6931471805599453,0.2727272727272727,0.0,1.0,0,2,1,1,0
262,674,0.040843708458076416,0.0,0.0,0.0,0.25,0.0,1.0,0,2,1,1,0
262,675,0.016833874114844764,0.0,0.0,0.0,0.4444444444444444,1.0,0.0,0,2,1,0,0
262,676,0.02071002226658876,0.0,0.0,0.0,0.5,0.0,0.0,0,2,2,1,0
262,677,0.04561128417799837,0.0,0.0,0.6931471805599453,0.5,0.0,0.0,0,2,0,0,0
262,678,0.006700944821547056,0.0,0.0,0.0,0.5,0.0,0.0,0,2,0,0,0
262,679,0.05542534137526914,0.0,0.7071067811865475,0.0,0.6666666666666666,0.0,0.0,50,2,1,2,1
262,680,0.0299423434101601,0.0,0.0,0.0,0.38461538461538464,0.0,1.0,10,2,2,1,0
262,681,0.04376780118556345,0.0,0.0,0.0,0.5,1.0,0.0,0,2,2,0,0
262,682,0.047979205042682015,0.0,0.7071067811865475,0.6931471805599453,0.625,0.0,0.0,50,2,1,2,1
263,623,0.002282160707995315,0.0,0.0,1.0986122886681098,0.7142857142857143,0.0,0.0,0,1,8,1,0
263,624,0.003646916048348797,0.0,0.0,0.0,0.2857142857142857,0.0,0.0,0,1,0,0,0
263,625,0.002582126507289249,0.0,0.0,0.0,0.25,0.0,0.0,0,1,0,0,0
263,626,0.0020125901040450034,0.0,0.0,0.0,0.4,0.0,1.0,0,1,1,0,0
263,627,0.06526545510595005,0.0,0.0,0.0,0.3333333333333333,0.0,1.0,0,1,1,0,0
263,628,0.005817825515327244,0.0,0.0,0.0,0.6,0.0,0.0,0,1,1,0,0
263,629,0.035434815043172765,0.0,0.0,0.0,0.25,0.0,1.0,0,1,1,0,0
263,630,0.0025382687896509017,0.0,0.0,0.6931471805599453,0.46153846153846156,0.0,1.0,0,1,2,0,0
263,631,0.025718228745196303,0.0,0.0,0.0,0.3333333333333333,0.0,0.0,0,1,1,0,0
263,632,0.017376975038982875,0.0,0.0,0.0,0.4,0.0,1.0,0,1,2,0,0
263,633,0.007926843829974606,0.0,0.0,0.0,0.4,0.0,0.0,0,1,0,0,0
263,634,0.007018722920527262,0.0,0.0,0.0,0.42857142857142855,0.0,0.0,0,1,0,0,0
263,635,0.008487623997966863,0.0,0.0,0.6931471805599453,0.5,0.0,0.0,0,1,1,0,1
263,636,0.03818117664593236,0.0,0.0,0.0,0.5454545454545454,1.0,0.0,0,1,2,0,0
263,637,0.0355581236801991,0.0,0.0,0.0,0.2,0.0,1.0,0,1,1,0,0
263,638,0.011068758233753168,0.0,0.0,0.0,0.5555555555555556,0.0,0.0,0,1,0,0,0
263,639,0.00195614714380474,0.0,0.0,0.0,0.5,1.0,0.0,0,1,1,0,0
263,640,0.0020618836577837242,0.0,0.0,0.6931471805599453,0.3333333333333333,0.0,0.0,0,1,2,0,0
263,641,0.013989992060897122,0.0,0.0,0.0,0.2,0.0,1.0,0,1,2,0,0
263,642,0.0020434285146035303,0.0,0.0,0.0,0.6,0.0,0.0,0,1,2,0,0
263,643,0.001694554205129592,0.0,0.0,0.0,0.5714285714285714,0.0,1.0,0,1,1,0,0
263,644,0.037396001023437736,0.0,0.0,0.6931471805599453,0.42857142857142855,0.0,0.0,0,1,1,0,0
263,645,0.02092627156080596,0.0,0.0,0.0,0.42857142857142855,1.0,0.0,0,1,0,0,1
263,646,0.03361542742255996,0.0,0.0,0.0,0.625,0.0,0.0,10,1,1,1,0
263,647,0.028532302157086395,0.0,1.0,0.0,0.6666666666666666,0.0,0.0,100,1,1,2,0
263,648,0.00825357448757391,0.0,0.0,0.0,0.2857142857142857,0.0,1.0,0,1,3,0,0
263,649,0.00217991469126538,0.0,0.0,0.0,0.5,0.0,0.0,0,1,1,0,0
263,650,0.22874489175986423,1.0,0.7071067811865475,0.0,0.45454545454545453,1.0,0.0,100,1,2,2,0
263,651,0.001455571259538237,0.0,0.0,0.0,0.375,1.0,0.0,0,1,1,0,0
263,652,0.0016528396940285765,0.0,0.0,0.0,0.3333333333333333,0.0,1.0,0,1,1,0,0
263,653,0.030812110856795208,0.0,0.0,0.0,0.3333333333333333,0.0,0.0,0,1,1,1,0
263,654,0.04890821686915052,0.0,0.0,0.0,0.45454545454545453,0.0,0.0,10,1,2,0,0
263,655,0.09008531585762708,0.0,0.0,0.6931471805599453,0.7,0.0,0.0,30,1,3,1,0
263,656,0.03043837716884987,0.0,0.0,0.0,0.16666666666666666,0.0,1.0,0,1,2,0,0
263,657,0.0038762774697865647,0.0,0.0,1.0986122886681098,0.75,0.0,0.0,0,1,3,1,0
263,658,0.0015560505690181167,0.0,0.0,0.0,0.45454545454545453,1.0,0.0,0,1,2,0,0
263,659,0.0016715422140108633,0.0,0.0,0.0,0.2857142857142857,0.0,1.0,0,1,0,0,0
263,660,0.002428100089116596,0.0,0.0,0.0,0.7,0.0,0.0,0,1,2,1,0
263,661,0.04052135719979944,0.0,0.0,0.0,0.25,0.0,1.0,0,1,2,0,0
263,662,0.045340787414058725,0.0,0.0,0.6931471805599453,0.7,0.0,0.0,0,1,2,0,0
263,663,0.00398843927496581,0.0,0.7071067811865475,0.0,0.4444444444444444,1.0,0.0,100,1,2,2,0
263,664,0.012204199767245757,0.0,0.0,0.6931471805599453,0.6,1.0,0.0,0,1,1,0,0
263,666,0.04369763151776535,0.0,0.0,0.0,0.4444444444444444,0.0,1.0,0,1,2,0,0
263,667,0.3723836309374374,1.0,0.7071067811865475,0.6931471805599453,0.5833333333333334,0.0,0.0,100,1,2,3,1
263,668,0.0017578519158027957,0.0,0.0,0.0,0.42857142857142855,0.0,0.0,0,1,2,1,0
263,669,0.023010280885892312,0.0,0.0,0.6931471805599453,0.42857142857142855,0.0,0.0,20,1,3,0,0
263,670,0.010579251478141953,0.0,0.0,0.0,0.2857142857142857,0.0,1.0,0,1,1,0,0
263,671,0.02623642774978811,0.0,0.0,0.6931471805599453,0.4444444444444444,0.0,0.0,0,1,1,0,0
263,672,0.3550725041581642,1.0,0.0,0.0,0.5714285714285714,1.0,0.0,35,1,1,2,1
263,673,0.023411301016038038,0.0,0.0,0.6931471805599453,0.2727272727272727,0.0,1.0,0,1,1,0,0
263,674,0.023323602251141586,0.0,0.0,0.0,0.25,0.0,1.0,0,1,1,0,0
263,675,0.1123409675131621,0.0,0.0,0.0,0.4444444444444444,1.0,0.0,10,1,1,0,0
263,676,0.04272973993027641,0.0,0.0,0.0,0.5,0.0,0.0,10,1,2,0,0
263,677,0.030336264181148733,0.0,0.0,0.6931471805599453,0.5,0.0,0.0,0,1,0,0,0
263,678,0.0022391241780217717,0.0,0.0,0.0,0.5,0.0,0.0,0,1,0,0,0
263,679,0.0019171744869871752,0.0,0.0,0.0,0.6666666666666666,0.0,0.0,0,1,1,1,0
263,680,0.4746175470641699,1.0,0.7071067811865475,0.0,0.4166666666666667,0.0,1.0,100,1,2,3,1
263,681,0.02701954748647016,0.0,0.0,0.0,0.5,1.0,0.0,0,1,2,0,0
263,682,0.0018183512831513573,0.0,0.0,0.6931471805599453,0.625,0.0,0.0,0,1,1,1,0
264,623,0.008572277925159461,0.0,0.0,1.0986122886681098,0.7142857142857143,0.0,0.0,0,1,8,0,0
264,624,0.010405170428507193,0.0,0.0,0.0,0.2857142857142857,0.0,0.0,10,1,0,0,0
264,625,0.012164159565770685,0.0,0.0,0.0,0.25,0.0,0.0,0,1,0,0,0
264,626,0.03076168731782253,0.0,0.0,0.0,0.4,0.0,1.0,10,1,1,0,0
264,627,0.0753864142562708,0.0,0.0,0.0,0.3333333333333333,0.0,1.0,0,1,1,0,0
264,628,0.004156397385233036,0.0,0.0,0.0,0.6,0.0,0.0,0,1,1,0,1
264,629,0.011346639512187954,0.0,0.0,0.0,0.25,0.0,1.0,10,1,1,0,0
264,630,0.019399346514065628,0.0,0.0,0.6931471805599453,0.46153846153846156,0.0,1.0,10,1,2,0,0
264,631,0.031020707949853538,0.0,0.0,0.0,0.3333333333333333,0.0,0.0,0,1,1,0,0
264,632,0.008815648682773347,0.0,0.0,0.0,0.36363636363636365,0.0,1.0,0,1,2,0,0
264,633,0.015700100566872273,0.0,0.0,0.0,0.4,0.0,0.0,0,1,0,1,0
264,634,0.0036752405909721533,0.0,0.0,0.0,0.42857142857142855,0.0,0.0,0,1,0,1,0
264,635,0.006959656538835026,0.0,0.0,0.6931471805599453,0.5,0.0,0.0,0,1,1,1,1
264,636,0.023344754921854567,0.0,0.0,0.0,0.5454545454545454,1.0,0.0,0,1,2,1,0
264,637,0.06772098424966706,0.0,0.0,0.0,0.2,0.0,1.0,0,1,1,0,0
264,638,0.005289512616935592,0.0,0.0,0.0,0.5,0.0,0.0,0,1,0,1,1
264,639,0.0,0.0,0.0,0.0,0.5,1.0,0.0,0,1,1,0,0
264,640,0.03864032623120807,0.0,0.0,0.6931471805599453,0.3333333333333333,0.0,0.0,10,1,2,1,1
264,641,0.03447127201346653,0.0,0.0,0.0,0.2,0.0,1.0,10,1,2,0,0
264,642,0.005106571539639767,0.0,0.0,0.0,0.6,0.0,0.0,0,1,2,0,0
264,643,0.008003846436473765,0.0,0.0,0.0,0.5714285714285714,0.0,1.0,0,1,1,0,0
264,644,0.0038287302071644417,0.0,0.0,0.6931471805599453,0.42857142857142855,0.0,0.0,0,1,1,0,0
264,645,0.007674778394045369,0.0,0.0,0.0,0.42857142857142855,1.0,0.0,0,1,0,0,0
264,646,0.03371527482328825,0.0,0.0,0.0,0.625,0.0,0.0,0,1,1,0,1
264,647,0.0010763860551363446,0.0,0.0,0.0,0.6666666666666666,0.0,0.0,0,1,1,0,0
264,648,0.03835515180856066,0.0,0.5773502691896258,0.0,0.3076923076923077,0.0,1.0,100,1,3,2,0
264,649,0.0,0.0,0.0,0.0,0.5,0.0,0.0,0,1,1,0,0
264,650,0.0012144692466268129,0.0,0.0,0.0,0.45454545454545453,1.0,0.0,0,1,2,0,0
264,651,0.5222430986352774,1.0,1.0,0.0,0.375,1.0,0.0,100,1,1,3,1
264,652,0.048092741403967354,0.0,0.0,0.0,0.3333333333333333,0.0,1.0,10,1,1,0,0
264,653,0.028121960345036202,0.0,0.0,0.0,0.3333333333333333,0.0,0.0,10,1,1,0,0
264,654,0.003118320461342729,0.0,0.0,0.0,0.45454545454545453,0.0,0.0,0,1,2,1,0
264,655,0.037056632195485995,0.0,0.0,0.6931471805599453,0.7,0.0,0.0,0,1,3,0,1
264,656,0.015175004300567296,0.0,0.0,0.0,0.16666666666666666,0.0,1.0,0,1,2,1,0
264,657,0.03318753219668906,0.0,0.0,1.0986122886681098,0.75,0.0,0.0,0,1,3,0,0
264,658,0.007326457073258703,0.0,0.0,0.0,0.45454545454545453,1.0,0.0,0,1,2,0,0
264,659,0.0,0.0,0.0,0.0,0.2857142857142857,0.0,1.0,0,1,0,0,0
264,660,0.006317146262465968,0.0,0.0,0.0,0.7,0.0,0.0,0,1,2,0,1
264,661,0.0016785914132213195,0.0,0.0,0.0,0.25,0.0,1.0,0,1,2,0,0
264,662,0.08397721911581027,0.0,0.0,0.6931471805599453,0.7,0.0,0.0,0,1,2,0,0
264,663,0.00482542727382179,0.0,0.0,0.0,0.4444444444444444,1.0,0.0,0,1,2,0,0
264,664,0.5308989437639409,1.0,1.0,0.6931471805599453,0.6,1.0,0.0,100,1,1,3,1
264,665,0.0,0.0,0.0,0.6931471805599453,0.6666666666666666,0.0,0.0,0,1,3,0,0
264,666,0.01693556337266336,0.0,0.0,0.0,0.4444444444444444,0.0,1.0,0,1,2,0,0
264,667,0.002707387795162575,0.0,0.0,0.6931471805599453,0.5833333333333334,0.0,0.0,0,1,2,0,0
264,668,0.0062052143173997,0.0,0.0,0.0,0.42857142857142855,0.0,0.0,0,1,2,0,0
264,669,0.007659601606609516,0.0,0.0,0.6931471805599453,0.42857142857142855,0.0,0.0,0,1,3,1,0
264,670,0.0,0.0,0.0,0.0,0.2857142857142857,0.0,1.0,0,1,1,0,0
264,671,0.014887726692256131,0.0,0.0,0.6931471805599453,0.4444444444444444,0.0,0.0,0,1,1,0,0
264,672,0.006443104661512741,0.0,0.0,0.0,0.5714285714285714,1.0,0.0,0,1,1,0,0
264,673,0.0069693866834650295,0.0,0.0,0.6931471805599453,0.2727272727272727,0.0,1.0,0,1,1,0,0
264,674,0.012341332726217033,0.0,0.0,0.0,0.25,0.0,1.0,0,1,1,0,0
264,675,0.0683879076190803,0.0,0.0,0.0,0.4444444444444444,1.0,0.0,0,1,1,0,0
264,676,0.03540893855400827,0.0,0.0,0.0,0.5555555555555556,0.0,0.0,0,1,2,0,0
264,677,0.003738827064421291,0.0,0.0,0.6931471805599453,0.5,0.0,0.0,0,1,0,0,0
264,678,0.0014309744359289518,0.0,0.0,0.0,0.5,0.0,0.0,0,1,0,0,0
264,679,0.006990142287172289,0.0,0.0,0.0,0.6666666666666666,0.0,0.0,0,1,1,0,0
264,680,0.036406415481186935,0.0,0.0,0.0,0.38461538461538464,0.0,1.0,0,1,2,0,0
264,681,0.00397482773403903,0.0,0.0,0.0,0.46153846153846156,1.0,0.0,0,1,2,0,0
264,682,0.002129611884610665,0.0,0.0,0.6931471805599453,0.625,0.0,0.0,0,1,1,0,0
265,623,0.09684703676071654,0.0,0.25,1.0986122886681098,0.7142857142857143,0.0,0.0,50,2,8,2,0
265,624,0.0,0.0,0.0,0.0,0.2857142857142857,0.0,0.0,0,2,0,0,1
265,625,0.56688787107976,0.4,0.0,0.0,0.25,0.0,0.0,30,2,0,3,1
265,626,0.1013252395880931,0.0,0.0,0.0,0.4,0.0,1.0,0,2,1,1,0
265,627,0.0068986389424191275,0.0,0.0,0.0,0.3333333333333333,0.0,1.0,0,2,1,0,0
265,628,0.05659295099188266,0.0,0.7071067811865475,0.0,0.6,0.0,0.0,50,2,1,2,1
265,629,0.0,0.0,0.0,0.0,0.25,0.0,1.0,0,2,1,0,0
265,630,0.04389915838336361,0.0,0.0,0.6931471805599453,0.46153846153846156,0.0,1.0,0,2,2,1,0
265,631,0.2922007295775306,0.6,0.7071067811865475,0.0,0.3333333333333333,0.0,0.0,50,2,1,3,1
265,632,0.026701900369651116,0.0,0.0,0.0,0.36363636363636365,0.0,1.0,10,2,2,1,0
265,633,0.025241037413252922,0.0,0.0,0.0,0.4,0.0,0.0,0,2,0,0,0
265,634,0.01856605621434785,0.0,0.0,0.0,0.42857142857142855,0.0,0.0,0,2,0,0,0
265,635,0.023731714692385213,0.0,0.0,0.6931471805599453,0.5,0.0,0.0,0,2,1,0,0
265,636,0.01641461519167714,0.0,0.0,0.0,0.5454545454545454,1.0,0.0,0,2,2,0,0
265,637,0.04086610749007073,0.0,0.0,0.0,0.2,0.0,1.0,0,2,1,0,0
265,638,0.013604838724482995,0.0,0.0,0.0,0.5555555555555556,0.0,0.0,0,2,0,0,0
265,639,0.005951842638325447,0.0,0.0,0.0,0.5,1.0,0.0,0,2,1,1,0
265,640,0.13127435352718692,0.0,0.0,0.6931471805599453,0.3333333333333333,0.0,0.0,0,2,2,1,0
265,641,0.07421459557273598,0.0,0.0,0.0,0.2,0.0,1.0,0,2,2,1,0
265,642,0.004442365186407221,0.0,0.0,0.0,0.6,0.0,0.0,0,2,2,0,0
265,643,0.007519125053117276,0.0,0.0,0.0,0.5714285714285714,0.0,1.0,0,2,1,0,0
265,644,0.012066200663508308,0.0,0.7071067811865475,0.6931471805599453,0.42857142857142855,0.0,0.0,50,2,1,2,0
265,645,0.015424123386230898,0.0,0.0,0.0,0.42857142857142855,1.0,0.0,0,2,0,0,1
265,646,0.004366393204164222,0.0,0.0,0.0,0.625,0.0,0.0,0,2,1,0,0
265,647,0.01520760520837029,0.0,0.0,0.0,0.6666666666666666,0.0,0.0,0,2,1,0,0
265,648,0.02023686499893429,0.0,0.0,0.0,0.2857142857142857,0.0,1.0,0,2,3,1,0
265,649,0.006012811017096915,0.0,0.0,0.0,0.5,0.0,0.0,0,2,1,1,0
265,650,0.008131504205238022,0.0,0.0,0.0,0.45454545454545453,1.0,0.0,10,2,2,0,0
265,651,0.007983433616447792,0.0,0.0,0.0,0.375,1.0,0.0,0,2,1,0,0
265,652,0.0835886823539762,0.0,0.0,0.0,0.3333333333333333,0.0,1.0,0,2,1,0,0
265,653,0.009532979581811213,0.0,0.0,0.0,0.3333333333333333,0.0,0.0,0,2,1,0,0
265,654,0.00679261680949816,0.0,0.0,0.0,0.45454545454545453,0.0,0.0,0,2,2,1,0
265,655,0.02143697926203328,0.0,0.0,0.6931471805599453,0.7,0.0,0.0,10,2,3,0,0
265,656,0.014054407594396743,0.0,0.0,0.0,0.16666666666666666,0.0,1.0,10,2,2,0,0
265,657,0.0,0.0,0.0,1.0986122886681098,0.75,0.0,0.0,0,2,3,0,0
265,658,0.01385306335090052,0.0,0.0,0.0,0.45454545454545453,1.0,0.0,0,2,2,0,0
265,659,0.0024893365171864373,0.0,0.0,0.0,0.2857142857142857,0.0,1.0,0,2,0,1,0
265,660,0.014703579980832483,0.0,0.0,0.0,0.7,0.0,0.0,0,2,2,1,0
265,661,0.0036564286474575027,0.0,0.0,0.0,0.25,0.0,1.0,0,2,2,1,0
265,662,0.02670200924194672,0.0,0.0,0.6931471805599453,0.7,0.0,0.0,0,2,2,0,0
265,663,0.025480599440407696,0.0,0.0,0.0,0.4444444444444444,1.0,0.0,10,2,2,0,0
265,664,0.025317675940854042,0.0,0.0,0.6931471805599453,0.6,1.0,0.0,0,2,1,0,0
265,665,0.004673937294289056,0.0,0.0,0.6931471805599453,0.6666666666666666,0.0,0.0,10,2,3,0,0
265,666,0.009585914535469841,0.0,0.0,0.0,0.4444444444444444,0.0,1.0,0,2,2,1,0
265,667,0.02092606789028805,0.0,0.5,0.6931471805599453,0.5833333333333334,0.0,0.0,50,2,2,2,0
265,668,0.010266609736087465,0.0,0.0,0.0,0.42857142857142855,0.0,0.0,0,2,2,0,0
265,669,0.013321207314134864,0.0,0.0,0.6931471805599453,0.42857142857142855,0.0,0.0,10,2,3,0,0
265,670,0.0,0.0,0.0,0.0,0.2857142857142857,0.0,1.0,0,2,1,0,0
265,671,0.0055185742599625845,0.0,0.0,0.6931471805599453,0.4444444444444444,0.0,0.0,0,2,1,0,0
265,672,0.009416462435903043,0.0,0.0,0.0,0.5714285714285714,1.0,0.0,10,2,1,0,0
265,673,0.03142347031884717,0.0,0.7071067811865475,0.6931471805599453,0.2727272727272727,0.0,1.0,50,2,1,2,0
265,674,0.20981714188837247,0.6,0.7071067811865475,0.0,0.25,0.0,1.0,50,2,1,3,0
265,675,0.013245762036414116,0.0,0.0,0.0,0.4444444444444444,1.0,0.0,0,2,1,0,0
265,676,0.2691179137980279,0.6,0.5,0.0,0.5,0.0,0.0,50,2,2,3,1
265,677,0.014907118043436226,0.0,0.0,0.6931471805599453,0.5,0.0,0.0,0,2,0,0,0
265,678,0.03137621703594012,0.0,0.0,0.0,0.5,0.0,0.0,0,2,0,0,0
265,679,0.013825446588570794,0.0,0.0,0.0,0.6666666666666666,0.0,0.0,10,2,1,0,0
265,680,0.01357654585676089,0.0,0.0,0.0,0.38461538461538464,0.0,1.0,0,2,2,0,0
265,681,0.001654598377722373,0.0,0.0,0.0,0.5,1.0,0.0,10,2,2,1,0
265,682,0.008983791689190541,0.0,0.0,0.6931471805599453,0.625,0.0,0.0,0,2,1,0,0
266,623,0.025260501697787555,0.0,0.0,1.0986122886681098,0.6923076923076923,0.0,0.0,0,0,8,1,0
266,624,0.0,0.0,0.0,0.0,0.2857142857142857,0.0,0.0,0,0,0,0,1
266,625,0.03229859432835967,0.0,0.0,0.0,0.25,0.0,0.0,0,0,0,0,0
266,626,0.06092278270631972,0.0,0.0,0.0,0.4,0.0,1.0,0,0,1,1,0
266,627,0.036226599515270325,0.0,0.0,0.0,0.3333333333333333,0.0,1.0,10,0,1,0,0
266,628,0.7213241259164639,1.0,0.0,0.0,0.6,0.0,0.0,35,0,1,3,1
266,629,0.017114055895468865,0.0,0.0,0.0,0.25,0.0,1.0,0,0,1,0,0
266,630,0.012845915578358118,0.0,0.0,0.6931471805599453,0.46153846153846156,0.0,1.0,0,0,2,0,0
266,631,0.018557302456525475,0.0,0.0,0.0,0.3333333333333333,0.0,0.0,0,0,1,2,1
266,632,0.011692156245246013,0.0,0.0,0.0,0.36363636363636365,0.0,1.0,0,0,2,0,1
266,633,0.005437033158982094,0.0,0.0,0.0,0.4,0.0,0.0,0,0,0,0,0
266,634,0.002204756766431453,0.0,0.0,0.0,0.42857142857142855,0.0,0.0,0,0,0,0,0
266,635,0.0069574919951992265,0.0,0.0,0.6931471805599453,0.5,0.0,0.0,0,0,1,0,0
266,636,0.003848290494022817,0.0,0.0,0.0,0.5454545454545454,1.0,0.0,0,0,2,0,0
266,637,0.018057946027671492,0.0,0.0,0.0,0.2,0.0,1.0,0,0,1,0,0
266,638,0.0,0.0,0.0,0.0,0.5555555555555556,0.0,0.0,0,0,0,0,0
266,639,0.0,0.0,0.0,0.0,0.5,1.0,0.0,0,0,1,0,0
266,640,0.05783669904631417,0.0,0.0,0.6931471805599453,0.3333333333333333,0.0,0.0,0,0,2,1,0
266,641,0.049428199917844945,0.0,0.0,0.0,0.2222222222222222,0.0,1.0,0,0,2,1,1
266,642,0.005902356991059286,0.0,0.0,0.0,0.6,0.0,0.0,0,0,2,0,0
266,643,0.032797455175368015,0.0,0.0,0.0,0.5714285714285714,0.0,1.0,0,0,1,0,0
266,644,0.597305809753387,1.0,0.0,0.6931471805599453,0.42857142857142855,0.0,0.0,35,0,1,3,1
266,645,0.01934009290905368,0.0,0.0,0.0,0.42857142857142855,1.0,0.0,0,0,0,0,0
266,646,0.008728453772084584,0.0,0.0,0.0,0.625,0.0,0.0,0,0,1,0,0
266,647,0.007224879932974522,0.0,0.0,0.0,0.6666666666666666,0.0,0.0,0,0,1,0,0
266,648,0.021448189618166746,0.0,0.0,0.0,0.2857142857142857,0.0,1.0,0,0,3,1,0
266,649,0.0,0.0,0.0,0.0,0.5,0.0,0.0,0,0,1,0,0
266,650,0.007233008562248101,0.0,0.0,0.0,0.45454545454545453,1.0,0.0,0,0,2,0,0
266,651,0.005252685055750963,0.0,0.0,0.0,0.375,1.0,0.0,0,0,1,0,0
266,652,0.022863807982310407,0.0,0.0,0.0,0.3333333333333333,0.0,1.0,0,0,1,0,0
266,653,0.010972997624679908,0.0,0.0,0.0,0.3333333333333333,0.0,0.0,0,0,1,0,0
266,654,0.0,0.0,0.0,0.0,0.45454545454545453,0.0,0.0,0,0,2,1,1
266,655,0.02534152037540128,0.0,0.0,0.6931471805599453,0.7,0.0,0.0,0,0,3,0,0
266,656,0.0100025986947123,0.0,0.0,0.0,0.16666666666666666,0.0,1.0,0,0,2,0,0
266,657,0.0,0.0,0.0,1.0986122886681098,0.75,0.0,0.0,0,0,3,0,0
266,658,0.03949373322461737,0.0,0.0,0.0,0.45454545454545453,1.0,0.0,0,0,2,0,1
266,659,0.0,0.0,0.0,0.0,0.2857142857142857,0.0,1.0,0,0,0,0,0
266,660,0.02753821243839654,0.0,0.0,0.0,0.7,0.0,0.0,0,0,2,0,0
266,661,0.007910382469907353,0.0,0.0,0.0,0.25,0.0,1.0,0,0,2,1,0
266,662,0.010563150445615926,0.0,0.0,0.6931471805599453,0.6666666666666666,0.0,0.0,0,0,2,0,0
266,663,0.008684795344473282,0.0,0.0,0.0,0.4444444444444444,1.0,0.0,0,0,2,0,1
266,664,0.008520519082917106,0.0,0.0,0.6931471805599453,0.6,1.0,0.0,0,0,1,0,0
266,665,0.0016259976200003814,0.0,0.0,0.6931471805599453,0.6666666666666666,0.0,0.0,0,0,3,0,0
266,666,0.022666524648032843,0.0,0.0,0.0,0.4444444444444444,0.0,1.0,0,0,2,1,1
266,667,0.013101193518219326,0.0,0.0,0.6931471805599453,0.5454545454545454,0.0,0.0,10,0,2,2,1
266,668,0.034250620099482376,0.0,0.0,0.0,0.42857142857142855,0.0,0.0,0,0,2,0,0
266,669,0.0150555094420639,0.0,0.0,0.6931471805599453,0.42857142857142855,0.0,0.0,0,0,3,0,0
266,670,0.0,0.0,0.0,0.0,0.2857142857142857,0.0,1.0,0,0,1,0,0
266,671,0.029321627106895516,0.0,0.0,0.6931471805599453,0.4444444444444444,0.0,0.0,10,0,1,0,0
266,672,0.014308485111320428,0.0,0.0,0.0,0.5714285714285714,1.0,0.0,0,0,1,0,1
266,673,0.6524404188777237,1.0,0.0,0.6931471805599453,0.2727272727272727,0.0,1.0,35,0,1,3,0
266,674,0.01106534351196756,0.0,0.0,0.0,0.25,0.0,1.0,0,0,1,2,0
266,675,0.04430529567762469,0.0,0.0,0.0,0.4444444444444444,1.0,0.0,10,0,1,0,0
266,676,0.01431874054583644,0.0,0.0,0.0,0.5,0.0,0.0,10,0,2,2,0
266,677,0.00880790982605991,0.0,0.0,0.6931471805599453,0.5,0.0,0.0,0,0,0,0,0
266,678,0.006009779200932488,0.0,0.0,0.0,0.5,0.0,0.0,0,0,0,0,0
266,679,0.016690150042880054,0.0,0.0,0.0,0.6666666666666666,0.0,0.0,0,0,1,0,0
266,680,0.016136821075022106,0.0,0.0,0.0,0.38461538461538464,0.0,1.0,10,0,2,0,0
266,681,0.002354523909694826,0.0,0.0,0.0,0.5,1.0,0.0,0,0,2,0,0
266,682,0.034622243014983886,0.0,0.0,0.6931471805599453,0.625,0.0,0.0,0,0,1,0,0
267,623,0.028513941855427133,0.0,0.25,1.0986122886681098,0.7142857142857143,0.0,0.0,50,2,8,1,1
267,624,0.00335503463096689,0.0,0.0,0.0,0.2857142857142857,0.0,0.0,0,2,0,0,0
267,625,0.013040871327041348,0.0,0.0,0.0,0.25,0.0,0.0,0,2,0,0,0
267,626,0.04084701729614735,0.0,0.0,0.0,0.4,0.0,1.0,0,2,1,1,0
267,627,0.02027420170330188,0.0,0.0,0.0,0.3333333333333333,0.0,1.0,0,2,1,0,0
267,628,0.003878714195280037,0.0,0.7071067811865475,0.0,0.6,0.0,0.0,50,2,1,2,1
267,629,0.0021339599249386976,0.0,0.0,0.0,0.25,0.0,1.0,0,2,1,0,0
267,630,0.01789021392946446,0.0,0.0,0.6931471805599453,0.46153846153846156,0.0,1.0,0,2,2,0,0
267,631,0.7082049629359193,1.0,0.7071067811865475,0.0,0.3333333333333333,0.0,0.0,50,2,1,3,1
267,632,0.023027652909893625,0.0,0.0,0.0,0.36363636363636365,0.0,1.0,10,2,2,0,0
267,633,0.02881217777755088,0.0,0.0,0.0,0.4,0.0,0.0,0,2,0,0,1
267,634,0.007986218951134974,0.0,0.0,0.0,0.42857142857142855,0.0,0.0,0,2,0,0,0
267,635,0.009739143178263174,0.0,0.0,0.6931471805599453,0.5,0.0,0.0,0,2,1,0,0
267,636,0.012340705444503977,0.0,0.0,0.0,0.5454545454545454,1.0,0.0,0,2,2,0,0
267,637,0.017771048366170227,0.0,0.0,0.0,0.2,0.0,1.0,0,2,1,0,0
267,638,0.013120285414163957,0.0,0.0,0.0,0.5555555555555556,0.0,0.0,0,2,0,0,0
267,639,0.018901855845152745,0.0,0.0,0.0,0.5,1.0,0.0,0,2,1,0,0
267,640,0.03647784324151386,0.0,0.0,0.6931471805599453,0.3333333333333333,0.0,0.0,0,2,2,1,0
267,641,0.01704727560474614,0.0,0.5,0.0,0.2,0.0,1.0,50,2,2,1,0
267,642,0.014075975653099412,0.0,0.0,0.0,0.6,0.0,0.0,0,2,2,0,0
267,643,0.011772790088749631,0.0,0.0,0.0,0.5714285714285714,0.0,1.0,10,2,1,0,0
267,644,0.004387861260479572,0.0,0.7071067811865475,0.6931471805599453,0.38461538461538464,0.0,0.0,50,2,1,2,1
267,645,0.007975880008612662,0.0,0.0,0.0,0.42857142857142855,1.0,0.0,0,2,0,0,0
267,646,0.033895689934240705,0.0,0.0,0.0,0.625,0.0,0.0,10,2,1,0,0
267,647,0.02946228527191993,0.0,0.0,0.0,0.6666666666666666,0.0,0.0,10,2,1,0,0
267,648,0.02196284653476538,0.0,0.4082482904638631,0.0,0.2857142857142857,0.0,1.0,50,2,3,1,0
267,649,0.014520149373025504,0.0,0.0,0.0,0.5,0.0,0.0,0,2,1,0,0
267,650,0.006904698431321105,0.0,0.0,0.0,0.45454545454545453,1.0,0.0,10,2,2,0,0
267,651,0.006075825342079797,0.0,0.0,0.0,0.375,1.0,0.0,0,2,1,0,0
267,652,0.009055057989165439,0.0,0.0,0.0,0.3333333333333333,0.0,1.0,10,2,1,0,0
267,653,0.036992807908877566,0.0,0.0,0.0,0.3333333333333333,0.0,0.0,0,2,1,0,0
267,654,0.002938575249472655,0.0,0.0,0.0,0.45454545454545453,0.0,0.0,0,2,2,1,1
267,655,0.027700279665073123,0.0,0.4082482904638631,0.6931471805599453,0.7,0.0,0.0,50,2,3,0,0
267,656,0.004590113750922516,0.0,0.5,0.0,0.16666666666666666,0.0,1.0,50,2,2,0,0
267,657,0.00656019879771335,0.0,0.4082482904638631,1.0986122886681098,0.75,0.0,0.0,50,2,3,0,0
267,658,0.015029505372665668,0.0,0.5,0.0,0.45454545454545453,1.0,0.0,50,2,2,0,0
267,659,0.02070126376961546,0.0,0.0,0.0,0.2857142857142857,0.0,1.0,0,2,0,0,0
267,660,0.015977936313578793,0.0,0.0,0.0,0.7,0.0,0.0,0,2,2,0,0
267,661,0.005211189927305837,0.0,0.0,0.0,0.25,0.0,1.0,10,2,2,1,0
267,662,0.013905252000266186,0.0,0.0,0.0,0.6666666666666666,0.0,0.0,0,2,2,0,0
267,663,0.005790464704553191,0.0,0.0,0.0,0.4444444444444444,1.0,0.0,10,2,2,0,0
267,664,0.009263217612418016,0.0,0.0,0.6931471805599453,0.6,1.0,0.0,0,2,1,0,0
267,665,0.010436226618993339,0.0,0.0,0.6931471805599453,0.6666666666666666,0.0,0.0,20,2,3,0,0
267,666,0.01675363970366638,0.0,0.0,0.0,0.4444444444444444,0.0,1.0,0,2,2,1,0
267,667,0.047640479340699995,0.0,0.5,0.6931471805599453,0.5833333333333334,0.0,0.0,50,2,2,2,1
267,668,0.009290305279483765,0.0,0.0,0.0,0.42857142857142855,0.0,0.0,0,2,2,0,1
267,669,0.017571933890635577,0.0,0.4082482904638631,0.6931471805599453,0.42857142857142855,0.0,0.0,50,2,3,0,1
267,670,0.022374190161130417,0.0,0.0,0.0,0.2857142857142857,0.0,1.0,0,2,1,0,0
267,671,0.005216469188977844,0.0,0.0,0.6931471805599453,0.4444444444444444,0.0,0.0,0,2,1,0,0
267,672,0.022959166144540355,0.0,0.7071067811865475,0.0,0.5714285714285714,1.0,0.0,50,2,1,0,0
267,673,0.0033464040878404323,0.0,0.7071067811865475,0.6931471805599453,0.2727272727272727,0.0,1.0,50,2,1,2,0
267,674,0.661320589924625,1.0,0.7071067811865475,0.0,0.25,0.0,1.0,50,2,1,3,0
267,675,0.02785165134527951,0.0,0.0,0.0,0.4444444444444444,1.0,0.0,0,2,1,0,0
267,676,0.7070884974945904,1.0,0.5,0.0,0.5,0.0,0.0,50,2,2,3,1
267,677,0.0022041279176083124,0.0,0.0,0.6931471805599453,0.5454545454545454,0.0,0.0,0,2,0,0,0
267,678,0.0021091234509824307,0.0,0.0,0.0,0.5,0.0,0.0,0,2,0,0,0
267,679,0.011977989232877028,0.0,0.0,0.0,0.6666666666666666,0.0,0.0,10,2,1,0,1
267,680,0.03712903016349283,0.0,0.0,0.0,0.38461538461538464,0.0,1.0,0,2,2,0,0
267,681,0.0048559481447459675,0.0,0.0,0.0,0.5,1.0,0.0,10,2,2,0,0
267,682,0.018335635679537048,0.0,0.0,0.6931471805599453,0.625,0.0,0.0,0,2,1,0,0
268,623,0.013429668825396304,0.0,0.35355339059327373,1.0986122886681098,0.7142857142857143,0.0,0.0,100,1,8,1,0
268,624,0.003170130011952605,0.0,0.0,0.0,0.2857142857142857,0.0,0.0,0,1,0,0,0
268,625,0.008494967830205013,0.0,0.0,0.0,0.25,0.0,0.0,0,1,0,0,0
268,626,0.01926771774003683,0.0,1.0,0.0,0.4,0.0,1.0,100,1,1,2,0
268,627,0.016041788848375454,0.0,0.0,0.0,0.3333333333333333,0.0,1.0,0,1,1,0,0
268,628,0.010000574939392645,0.0,0.0,0.0,0.6,0.0,0.0,0,1,1,1,0
268,629,0.003456971676754044,0.0,0.0,0.0,0.25,0.0,1.0,0,1,1,0,0
268,630,0.02450686184098878,0.0,0.0,0.6931471805599453,0.5,0.0,1.0,0,1,2,0,0
268,631,0.0042735142570871545,0.0,0.0,0.0,0.3333333333333333,0.0,0.0,0,1,1,1,1
268,632,0.051444552166140245,0.0,0.0,0.0,0.3,0.0,1.0,10,1,2,0,0
268,633,0.023360660800770847,0.0,0.0,0.0,0.4,0.0,0.0,10,1,0,0,0
268,634,0.019669514231684823,0.0,0.0,0.0,0.42857142857142855,0.0,0.0,0,1,0,0,0
268,635,0.00855351575551914,0.0,0.0,0.6931471805599453,0.5,0.0,0.0,0,1,1,0,0
268,636,0.07593362840586737,0.0,0.0,0.0,0.5454545454545454,1.0,0.0,0,1,2,0,0
268,637,0.0215644569031518,0.0,0.0,0.0,0.2,0.0,1.0,0,1,1,0,0
268,638,0.014870952930888998,0.0,0.0,0.0,0.5555555555555556,0.0,0.0,0,1,0,0,0
268,639,0.004968195764013054,0.0,0.0,0.0,0.5,1.0,0.0,0,1,1,0,0
268,640,0.005965619358962893,0.0,0.7071067811865475,0.6931471805599453,0.3333333333333333,0.0,0.0,100,1,2,2,0
268,641,0.02700461144421106,0.0,0.7071067811865475,0.0,0.2,0.0,1.0,100,1,2,2,1
268,642,0.013989154907153122,0.0,0.0,0.0,0.6,0.0,0.0,0,1,2,0,0
268,643,0.014843646462820135,0.0,0.0,0.0,0.5714285714285714,0.0,1.0,0,1,1,0,0
268,644,0.004983577000409993,0.0,0.0,0.6931471805599453,0.42857142857142855,0.0,0.0,0,1,1,1,0
268,645,0.0491733635684428,0.0,0.0,0.0,0.42857142857142855,1.0,0.0,10,1,0,0,0
268,646,0.001431412230796288,0.0,0.0,0.0,0.625,0.0,0.0,0,1,1,0,0
268,647,0.0048213885698654806,0.0,0.0,0.0,0.6666666666666666,0.0,0.0,0,1,1,0,0
268,648,0.009143538591917352,0.0,0.5773502691896258,0.0,0.2857142857142857,0.0,1.0,100,1,3,2,0
268,649,0.002768651389467356,0.0,0.0,0.0,0.5,0.0,0.0,0,1,1,0,0
268,650,0.03934424382328823,0.0,0.0,0.0,0.45454545454545453,1.0,0.0,20,1,2,0,0
268,651,0.0029378503307691175,0.0,0.0,0.0,0.375,1.0,0.0,0,1,1,0,0
268,652,0.03249705868004832,0.0,0.0,0.0,0.3333333333333333,0.0,1.0,0,1,1,0,0
268,653,0.017110850332677237,0.0,0.0,0.0,0.3333333333333333,0.0,0.0,10,1,1,0,0
268,654,0.520975896213889,1.0,0.7071067811865475,0.0,0.5,0.0,0.0,100,1,2,3,1
268,655,0.022982432302074234,0.0,0.0,0.6931471805599453,0.7,0.0,0.0,0,1,3,0,1
268,656,0.028544925396421388,0.0,0.0,0.0,0.16666666666666666,0.0,1.0,0,1,2,0,0
268,657,0.015176239661062595,0.0,0.0,1.0986122886681098,0.75,0.0,0.0,0,1,3,0,0
268,658,0.022427276093136668,0.0,0.0,0.0,0.45454545454545453,1.0,0.0,0,1,2,0,0
268,659,0.0,0.0,0.0,0.0,0.3076923076923077,0.0,1.0,0,1,0,0,0
268,660,0.03137139642889838,0.0,0.0,0.0,0.7,0.0,0.0,10,1,2,0,0
268,661,0.5008127277805988,1.0,0.7071067811865475,0.0,0.25,0.0,1.0,100,1,2,3,1
268,662,0.04725458500725337,0.0,0.0,0.6931471805599453,0.7,0.0,0.0,0,1,2,0,0
268,663,0.004168826121686722,0.0,0.0,0.0,0.4444444444444444,1.0,0.0,0,1,2,0,0
268,664,0.019071752553073175,0.0,0.0,0.6931471805599453,0.6,1.0,0.0,0,1,1,0,0
268,665,0.0007805021400270123,0.0,0.0,0.6931471805599453,0.6666666666666666,0.0,0.0,0,1,3,0,0
268,666,0.2088831150969888,1.0,0.7071067811865475,0.0,0.4444444444444444,0.0,1.0,100,1,2,2,0
268,667,0.02726267066330395,0.0,0.0,0.6931471805599453,0.5833333333333334,0.0,0.0,10,1,2,1,0
268,668,0.03130304366874301,0.0,0.0,0.0,0.42857142857142855,0.0,0.0,10,1,2,0,0
268,669,0.014036067924735668,0.0,0.0,0.6931471805599453,0.42857142857142855,0.0,0.0,0,1,3,0,0
268,670,0.017237254452845182,0.0,0.0,0.0,0.2857142857142857,0.0,1.0,0,1,1,0,0
268,671,0.06347608033745969,0.0,0.0,0.6931471805599453,0.4444444444444444,0.0,0.0,0,1,1,0,0
268,672,0.03661354301294851,0.0,0.0,0.0,0.5714285714285714,1.0,0.0,10,1,1,0,0
268,673,0.010410089695079052,0.0,0.0,0.6931471805599453,0.2727272727272727,0.0,1.0,0,1,1,1,0
268,674,0.013960326787416977,0.0,0.0,0.0,0.25,0.0,1.0,10,1,1,1,0
268,675,0.024426798129765424,0.0,0.0,0.0,0.4444444444444444,1.0,0.0,0,1,1,0,0
268,676,0.007723614456638787,0.0,0.0,0.0,0.5,0.0,0.0,0,1,2,1,0
268,677,0.006302362604262909,0.0,0.0,0.6931471805599453,0.5,0.0,0.0,0,1,0,0,0
268,678,0.002884780069614453,0.0,0.0,0.0,0.5,0.0,0.0,0,1,0,0,0
268,679,0.02214591529760223,0.0,0.0,0.0,0.6666666666666666,0.0,0.0,10,1,1,0,0
268,680,0.035537966342213,0.0,0.0,0.0,0.38461538461538464,0.0,1.0,0,1,2,0,0
268,681,0.004327900231852784,0.0,0.0,0.0,0.5,1.0,0.0,10,1,2,0,0
268,682,0.03180861114391971,0.0,0.0,0.6931471805599453,0.625,0.0,0.0,10,1,1,0,0
269,623,0.002889111922965608,0.0,0.0,1.0986122886681098,0.7142857142857143,0.0,0.0,0,1,8,0,0
269,624,0.005260276592979822,0.0,0.0,0.0,0.2857142857142857,0.0,0.0,10,1,0,0,0
269,625,0.030227965449013273,0.0,0.0,0.0,0.25,0.0,0.0,0,1,0,0,0
269,626,0.012771341370438142,0.0,0.0,0.0,0.4,0.0,1.0,10,1,1,0,0
269,627,0.03337187101929329,0.0,0.0,0.0,0.3333333333333333,0.0,1.0,0,1,1,0,0
269,628,0.0,0.0,0.0,0.0,0.6,0.0,0.0,0,1,1,0,0
269,629,0.008886611738692362,0.0,0.0,0.0,0.25,0.0,1.0,10,1,1,0,0
269,630,0.004350242100602212,0.0,0.0,0.6931471805599453,0.46153846153846156,0.0,1.0,10,1,2,0,0
269,631,0.008820068481077838,0.0,0.0,0.0,0.3333333333333333,0.0,0.0,0,1,1,0,1
269,632,0.006380681597751859,0.0,0.0,0.0,0.36363636363636365,0.0,1.0,0,1,2,0,0
269,633,0.006361785677625558,0.0,0.0,0.0,0.4,0.0,0.0,0,1,0,1,0
269,634,0.0,0.0,0.0,0.0,0.42857142857142855,0.0,0.0,0,1,0,1,0
269,635,0.0,0.0,0.0,0.6931471805599453,0.5,0.0,0.0,0,1,1,1,0
269,636,0.004379056049879879,0.0,0.0,0.0,0.5454545454545454,1.0,0.0,0,1,2,1,0
269,637,0.016342939082344975,0.0,0.0,0.0,0.2,0.0,1.0,0,1,1,0,0
269,638,0.0,0.0,0.0,0.0,0.5555555555555556,0.0,0.0,0,1,0,1,0
269,639,0.0,0.0,0.0,0.0,0.5,1.0,0.0,0,1,1,0,0
269,640,0.010849727380933172,0.0,0.0,0.6931471805599453,0.36363636363636365,0.0,0.0,10,1,2,1,0
269,641,0.006659815174389485,0.0,0.0,0.0,0.2,0.0,1.0,10,1,2,0,0
269,642,0.0,0.0,0.0,0.0,0.6,0.0,0.0,0,1,2,0,0
269,643,0.004071496640187626,0.0,0.0,0.0,0.5714285714285714,0.0,1.0,0,1,1,0,0
269,644,0.0,0.0,0.0,0.6931471805599453,0.42857142857142855,0.0,0.0,0,1,1,0,0
269,645,0.00555498165756947,0.0,0.0,0.0,0.42857142857142855,1.0,0.0,0,1,0,0,0
269,646,0.005026334179604439,0.0,0.0,0.0,0.625,0.0,0.0,0,1,1,0,0
269,647,0.006114582598600438,0.0,0.0,0.0,0.6666666666666666,0.0,0.0,0,1,1,0,0
269,648,0.03300023976879808,0.0,0.5773502691896258,0.0,0.2857142857142857,0.0,1.0,100,1,3,2,1
269,649,0.0,0.0,0.0,0.0,0.5,0.0,0.0,0,1,1,0,0
269,650,0.0,0.0,0.0,0.0,0.45454545454545453,1.0,0.0,0,1,2,0,0
269,651,0.6226231822944479,1.0,1.0,0.0,0.42857142857142855,1.0,0.0,100,1,1,3,1
269,652,0.00632398785169765,0.0,0.0,0.0,0.3333333333333333,0.0,1.0,10,1,1,0,0
269,653,0.00946626634497037,0.0,0.0,0.0,0.3333333333333333,0.0,0.0,10,1,1,0,0
269,654,0.0,0.0,0.0,0.0,0.45454545454545453,0.0,0.0,0,1,2,1,0
269,655,0.013597579205165645,0.0,0.0,0.6931471805599453,0.7,0.0,0.0,0,1,3,0,0
269,656,0.0028441742360925935,0.0,0.0,0.0,0.16666666666666666,0.0,1.0,0,1,2,1,0
269,657,0.02138668079702386,0.0,0.0,1.0986122886681098,0.75,0.0,0.0,0,1,3,0,0
269,658,0.0,0.0,0.0,0.0,0.5,1.0,0.0,0,1,2,0,0
269,659,0.0,0.0,0.0,0.0,0.2857142857142857,0.0,1.0,0,1,0,0,0
269,660,0.0,0.0,0.0,0.0,0.7,0.0,0.0,0,1,2,0,1
269,661,0.0,0.0,0.0,0.0,0.25,0.0,1.0,0,1,2,0,0
269,662,0.005501276815724488,0.0,0.0,0.6931471805599453,0.6666666666666666,0.0,0.0,0,1,2,0,0
269,663,0.0,0.0,0.0,0.0,0.4444444444444444,1.0,0.0,0,1,2,0,0
269,664,0.5826038985077457,1.0,1.0,0.6931471805599453,0.6,1.0,0.0,100,1,1,3,1
269,665,0.0,0.0,0.0,0.6931471805599453,0.6666666666666666,0.0,0.0,0,1,3,0,0
269,666,0.0021794128689565395,0.0,0.0,0.0,0.4444444444444444,0.0,1.0,0,1,2,0,0
269,667,0.002737409972256677,0.0,0.0,0.6931471805599453,0.5833333333333334,0.0,0.0,0,1,2,0,0
269,668,0.0,0.0,0.0,0.0,0.42857142857142855,0.0,0.0,0,1,2,0,0
269,669,0.0019360917922191378,0.0,0.0,0.6931471805599453,0.42857142857142855,0.0,0.0,0,1,3,1,0
269,670,0.0,0.0,0.0,0.0,0.2857142857142857,0.0,1.0,0,1,1,0,0
269,671,0.003566599559721582,0.0,0.0,0.6931471805599453,0.4444444444444444,0.0,0.0,0,1,1,0,0
269,672,0.0021715173797454165,0.0,0.0,0.0,0.5714285714285714,1.0,0.0,0,1,1,0,1
269,673,0.0,0.0,0.0,0.6931471805599453,0.2727272727272727,0.0,1.0,0,1,1,0,0
269,674,0.0016632069883935955,0.0,0.0,0.0,0.25,0.0,1.0,0,1,1,0,0
269,675,0.025309833940516696,0.0,0.0,0.0,0.4444444444444444,1.0,0.0,0,1,1,0,0
269,676,0.012437962657573914,0.0,0.0,0.0,0.5,0.0,0.0,0,1,2,0,0
269,677,0.0,0.0,0.0,0.6931471805599453,0.5,0.0,0.0,0,1,0,0,0
269,678,0.0,0.0,0.0,0.0,0.5,0.0,0.0,0,1,0,0,0
269,679,0.0,0.0,0.0,0.0,0.6666666666666666,0.0,0.0,0,1,1,0,0
269,680,0.021331665034462335,0.0,0.0,0.0,0.38461538461538464,0.0,1.0,0,1,2,0,0
269,681,0.004018904531002911,0.0,0.0,0.0,0.5,1.0,0.0,0,1,2,0,0
269,682,0.0,0.0,0.0,0.6931471805599453,0.625,0.0,0.0,0,1,1,0,0
270,623,0.0033574963160855637,0.0,0.0,1.0986122886681098,0.7142857142857143,0.0,0.0,0,2,8,0,0
270,624,0.0030565377447184334,0.0,0.0,0.0,0.2857142857142857,0.0,0.0,10,2,0,0,0
270,625,0.011205001865211544,0.0,0.0,0.0,0.25,0.0,0.0,0,2,0,0,0
270,626,0.0203996093604195,0.0,0.0,0.0,0.4,0.0,1.0,10,2,1,0,0
270,627,0.023146070375959577,0.0,0.0,0.0,0.3333333333333333,0.0,1.0,0,2,1,0,0
270,628,0.004883797176529829,0.0,0.0,0.0,0.6,0.0,0.0,0,2,1,0,0
270,629,0.006994048288852091,0.0,0.7071067811865475,0.0,0.25,0.0,1.0,50,2,1,0,0
270,630,0.008524998693304225,0.0,0.0,0.6931471805599453,0.46153846153846156,0.0,1.0,10,2,2,0,0
270,631,0.021641924824701467,0.0,0.0,0.0,0.3333333333333333,0.0,0.0,0,2,1,0,0
270,632,0.010358451359624628,0.0,0.0,0.0,0.36363636363636365,0.0,1.0,0,2,2,0,0
270,633,0.005527216616835261,0.0,0.0,0.0,0.4,0.0,0.0,0,2,0,1,1
270,634,0.008636868883147599,0.0,0.0,0.0,0.42857142857142855,0.0,0.0,0,2,0,1,0
270,635,0.016355294166404244,0.0,0.0,0.6931471805599453,0.5,0.0,0.0,0,2,1,1,0
270,636,0.021057859024943986,0.0,0.0,0.0,0.5454545454545454,1.0,0.0,0,2,2,1,1
270,637,0.08574417415356417,0.0,0.7071067811865475,0.0,0.2,0.0,1.0,50,2,1,0,0
270,638,0.012430431640434008,0.0,0.0,0.0,0.5555555555555556,0.0,0.0,0,2,0,1,0
270,639,0.0,0.0,0.0,0.0,0.5,1.0,0.0,0,2,1,0,0
270,640,0.02774607277025365,0.0,0.0,0.6931471805599453,0.36363636363636365,0.0,0.0,10,2,2,1,0
270,641,0.031210915994681527,0.0,0.0,0.0,0.2,0.0,1.0,10,2,2,0,0
270,642,0.006000258723009952,0.0,0.0,0.0,0.6,0.0,0.0,0,2,2,0,0
270,643,0.01510533368391451,0.0,0.0,0.0,0.5714285714285714,0.0,1.0,0,2,1,0,0
270,644,0.004498785857646234,0.0,0.0,0.6931471805599453,0.42857142857142855,0.0,0.0,0,2,1,0,0
270,645,0.009017920467493851,0.0,0.0,0.0,0.42857142857142855,1.0,0.0,0,2,0,0,0
270,646,0.005841206205024461,0.0,0.0,0.0,0.625,0.0,0.0,0,2,1,0,0
270,647,0.00786107803743314,0.0,0.0,0.0,0.6666666666666666,0.0,0.0,0,2,1,0,0
270,648,0.03038937154066937,0.0,0.4082482904638631,0.0,0.3076923076923077,0.0,1.0,50,2,3,2,0
270,649,0.0,0.0,0.0,0.0,0.5,0.0,0.0,0,2,1,0,0
270,650,0.0014270102032907022,0.0,0.0,0.0,0.45454545454545453,1.0,0.0,0,2,2,0,0
270,651,0.5833374911163184,1.0,0.7071067811865475,0.0,0.375,1.0,0.0,50,2,1,3,1
270,652,0.016927007383803316,0.0,0.0,0.0,0.3333333333333333,0.0,1.0,10,2,1,0,0
270,653,0.006093761068623646,0.0,0.0,0.0,0.3333333333333333,0.0,0.0,10,2,1,0,0
270,654,0.045999163768519535,0.0,0.0,0.0,0.45454545454545453,0.0,0.0,0,2,2,1,0
270,655,0.03154535559388385,0.0,0.0,0.6931471805599453,0.7,0.0,0.0,0,2,3,0,0
270,656,0.01617787390339345,0.0,0.0,0.0,0.16666666666666666,0.0,1.0,0,2,2,1,0
270,657,0.01510394105602133,0.0,0.4082482904638631,1.0986122886681098,0.75,0.0,0.0,50,2,3,0,1
270,658,0.02786101294408664,0.0,0.0,0.0,0.45454545454545453,1.0,0.0,0,2,2,0,0
270,659,0.0,0.0,0.0,0.0,0.2857142857142857,0.0,1.0,0,2,0,0,0
270,660,0.013399066152093854,0.0,0.0,0.0,0.7,0.0,0.0,0,2,2,0,0
270,661,0.03957179067832588,0.0,0.0,0.0,0.25,0.0,1.0,0,2,2,0,0
270,662,0.0868893574890814,0.0,0.5,0.6931471805599453,0.7,0.0,0.0,50,2,2,0,0
270,663,0.01464393710931988,0.0,0.0,0.0,0.4444444444444444,1.0,0.0,0,2,2,0,0
270,664,0.6107113470671361,1.0,0.7071067811865475,0.6931471805599453,0.5555555555555556,1.0,0.0,50,2,1,3,1
270,665,0.003711132507980493,0.0,0.0,0.6931471805599453,0.6666666666666666,0.0,0.0,0,2,3,0,0
270,666,0.0407054984423512,0.0,0.0,0.0,0.4444444444444444,0.0,1.0,0,2,2,0,0
270,667,0.007321999938858526,0.0,0.0,0.6931471805599453,0.5833333333333334,0.0,0.0,0,2,2,0,0
270,668,0.01055241489472702,0.0,0.0,0.0,0.42857142857142855,0.0,0.0,0,2,2,0,0
270,669,0.006750065723853825,0.0,0.0,0.6931471805599453,0.42857142857142855,0.0,0.0,0,2,3,1,0
270,670,0.005506042760138516,0.0,0.0,0.0,0.2857142857142857,0.0,1.0,0,2,1,0,0
270,671,0.012333899823019365,0.0,0.0,0.6931471805599453,0.4444444444444444,0.0,0.0,0,2,1,0,0
270,672,0.002523564956018425,0.0,0.0,0.0,0.5714285714285714,1.0,0.0,0,2,1,0,0
270,673,0.008189080073955142,0.0,0.0,0.6931471805599453,0.2727272727272727,0.0,1.0,0,2,1,0,0
270,674,0.019334874359239397,0.0,0.0,0.0,0.25,0.0,1.0,0,2,1,0,0
270,675,0.025102441630055313,0.0,0.0,0.0,0.4444444444444444,1.0,0.0,0,2,1,0,0
270,676,0.018463948881040044,0.0,0.0,0.0,0.5,0.0,0.0,0,2,2,0,1
270,677,0.004393149010637791,0.0,0.0,0.6931471805599453,0.5,0.0,0.0,0,2,0,0,0
270,678,0.0033628107527472867,0.0,0.0,0.0,0.5,0.0,0.0,0,2,0,0,0
270,679,0.01883489194167967,0.0,0.0,0.0,0.6666666666666666,0.0,0.0,0,2,1,0,0
270,680,0.010944967995376285,0.0,0.0,0.0,0.38461538461538464,0.0,1.0,0,2,2,0,0
270,681,0.0,0.0,0.0,0.0,0.5,1.0,0.0,0,2,2,0,0
270,682,0.009261567711839697,0.0,0.0,0.6931471805599453,0.625,0.0,0.0,0,2,1,0,0
271,623,0.042999408237358996,0.0,0.0,1.0986122886681098,0.7142857142857143,0.0,0.0,10,1,8,1,0
271,624,0.0,0.0,0.0,0.0,0.2857142857142857,0.0,0.0,0,1,0,0,0
271,625,0.06082935968071993,0.0,0.0,0.0,0.25,0.0,0.0,10,1,0,0,0
271,626,0.04831684911452208,0.0,0.0,0.0,0.4,0.0,1.0,0,1,1,0,0
271,627,0.0,0.0,0.0,0.0,0.3333333333333333,0.0,1.0,0,1,1,0,0
271,628,0.03926861567867391,0.0,0.0,0.0,0.6,0.0,0.0,0,1,1,0,0
271,629,0.0,0.0,0.0,0.0,0.25,0.0,1.0,0,1,1,0,0
271,630,0.06993949591115631,0.0,0.0,0.6931471805599453,0.46153846153846156,0.0,1.0,10,1,2,0,0
271,631,0.015630457464110844,0.0,0.0,0.0,0.3333333333333333,0.0,0.0,0,1,1,0,0
271,632,0.054060161012060834,0.0,0.0,0.0,0.36363636363636365,0.0,1.0,0,1,2,0,0
271,633,0.12377334354163858,0.0,0.0,0.0,0.4,0.0,0.0,10,1,0,0,0
271,634,0.09022770360492971,0.0,0.0,0.0,0.42857142857142855,0.0,0.0,0,1,0,0,0
271,635,0.06151516270526886,0.0,0.0,0.6931471805599453,0.5,0.0,0.0,0,1,1,0,0
271,636,0.09359418465423526,0.0,0.0,0.0,0.5454545454545454,1.0,0.0,0,1,2,1,1
271,637,0.01720702631651266,0.0,0.0,0.0,0.2,0.0,1.0,0,1,1,0,0
271,638,0.08525643525325603,0.0,0.0,0.0,0.5555555555555556,0.0,0.0,0,1,0,0,0
271,639,0.017092142790535506,0.0,0.0,0.0,0.5,1.0,0.0,0,1,1,0,0
271,640,0.07280425140465407,0.0,0.0,0.6931471805599453,0.36363636363636365,0.0,0.0,10,1,2,0,0
271,641,0.08114398280806648,0.0,0.0,0.0,0.2,0.0,1.0,10,1,2,0,0
271,642,0.04522947484813791,0.0,0.0,0.0,0.6,0.0,0.0,0,1,2,0,0
271,643,0.02573850308311205,0.0,0.0,0.0,0.5,0.0,1.0,0,1,1,1,0
271,644,0.008922982520007805,0.0,0.0,0.6931471805599453,0.42857142857142855,0.0,0.0,0,1,1,0,0
271,645,0.026135386505055428,0.0,0.0,0.0,0.42857142857142855,1.0,0.0,0,1,0,0,0
271,646,0.0,0.0,0.0,0.0,0.625,0.0,0.0,0,1,1,0,0
271,647,0.09453373700628705,1.0,0.0,0.0,0.6666666666666666,0.0,0.0,35,1,1,3,1
271,648,0.00934363211462297,0.0,0.0,0.0,0.2857142857142857,0.0,1.0,0,1,3,0,0
271,649,0.01867949315488729,0.0,0.0,0.0,0.5,0.0,0.0,0,1,1,0,0
271,650,0.025061609539995228,0.0,0.0,0.0,0.45454545454545453,1.0,0.0,0,1,2,0,0
271,651,0.022637833957829253,0.0,0.0,0.0,0.375,1.0,0.0,10,1,1,0,0
271,652,0.09453610395913752,0.0,0.0,0.0,0.3333333333333333,0.0,1.0,10,1,1,0,0
271,653,0.007277518387921839,0.0,0.0,0.0,0.3333333333333333,0.0,0.0,0,1,1,0,0
271,654,0.05723023467563552,0.0,0.0,0.0,0.45454545454545453,0.0,0.0,10,1,2,0,0
271,655,0.06448795021879339,0.0,0.0,0.6931471805599453,0.7,0.0,0.0,10,1,3,0,0
271,656,0.05622786190276396,0.0,0.0,0.0,0.16666666666666666,0.0,1.0,20,1,2,0,0
271,657,0.0,0.0,0.0,1.0986122886681098,0.75,0.0,0.0,0,1,3,0,0
271,658,0.04748340586550164,0.0,0.0,0.0,0.45454545454545453,1.0,0.0,0,1,2,1,0
271,659,0.008573947107842378,0.0,0.0,0.0,0.2857142857142857,0.0,1.0,0,1,0,0,0
271,660,0.03336614070175009,0.0,0.0,0.0,0.7,0.0,0.0,0,1,2,0,0
271,661,0.031947668405557766,0.0,0.0,0.0,0.25,0.0,1.0,0,1,2,1,0
271,662,0.025980726045013693,0.0,0.0,0.6931471805599453,0.7,0.0,0.0,0,1,2,1,0
271,663,0.015682954828499178,0.0,0.0,0.0,0.4444444444444444,1.0,0.0,10,1,2,0,0
271,664,0.01455889663110957,0.0,0.0,0.6931471805599453,0.6,1.0,0.0,0,1,1,0,0
271,665,0.0,0.0,0.5773502691896258,0.6931471805599453,0.6666666666666666,0.0,0.0,100,1,3,2,1
271,666,0.05156822795328871,0.0,0.0,0.0,0.4444444444444444,0.0,1.0,10,1,2,1,0
271,667,0.005594224650988843,0.0,0.0,0.6931471805599453,0.5833333333333334,0.0,0.0,0,1,2,0,0
271,668,0.022331555017979177,0.0,0.0,0.0,0.42857142857142855,0.0,0.0,0,1,2,0,0
271,669,0.03429319709494455,0.0,0.0,0.6931471805599453,0.42857142857142855,0.0,0.0,10,1,3,0,0
271,670,0.012043256450548052,0.0,0.0,0.0,0.2857142857142857,0.0,1.0,0,1,1,0,0
271,671,0.013407204612867207,0.0,0.0,0.6931471805599453,0.4444444444444444,0.0,0.0,0,1,1,1,0
271,672,0.01584480475076013,0.0,0.0,0.0,0.5714285714285714,1.0,0.0,0,1,1,0,0
271,673,0.024838734328156153,0.0,0.0,0.6931471805599453,0.2727272727272727,0.0,1.0,0,1,1,0,0
271,674,0.025267912381670705,0.0,0.0,0.0,0.2857142857142857,0.0,1.0,0,1,1,0,0
271,675,0.04801067591414443,0.0,0.0,0.0,0.4444444444444444,1.0,0.0,10,1,1,0,0
271,676,0.0181945361351089,0.0,0.0,0.0,0.5,0.0,0.0,0,1,2,0,0
271,677,0.022812548557086674,0.0,0.0,0.6931471805599453,0.5,0.0,0.0,0,1,0,2,0
271,678,0.03549975668764245,0.0,0.0,0.0,0.5,0.0,0.0,10,1,0,0,0
271,679,0.02050328058612431,0.0,0.0,0.0,0.6666666666666666,0.0,0.0,0,1,1,0,0
271,680,0.03110229626437762,0.0,0.0,0.0,0.38461538461538464,0.0,1.0,0,1,2,0,0
271,681,0.007768275458000358,0.0,0.7071067811865475,0.0,0.5,1.0,0.0,100,1,2,1,0
271,682,0.023967544726098314,0.0,0.0,0.6931471805599453,0.625,0.0,0.0,0,1,1,0,0
272,623,0.11576615311651882,0.0,0.35355339059327373,1.0986122886681098,0.7142857142857143,0.0,0.0,100,1,8,1,1
272,624,0.0,0.0,0.0,0.0,0.3333333333333333,0.0,0.0,0,1,0,0,0
272,625,0.012419827777393037,0.0,0.0,0.0,0.25,0.0,0.0,10,1,0,1,0
272,626,0.035826779721158594,0.0,0.0,0.0,0.4,0.0,1.0,0,1,1,0,0
272,627,0.0,0.0,0.0,0.0,0.3333333333333333,0.0,1.0,0,1,1,0,0
272,628,0.0034306358660366088,0.0,0.0,0.0,0.6,0.0,0.0,0,1,1,0,0
272,629,0.0,0.0,0.0,0.0,0.25,0.0,1.0,0,1,1,0,0
272,630,0.09904158634724382,0.0,0.7071067811865475,0.6931471805599453,0.46153846153846156,0.0,1.0,100,1,2,2,0
272,631,0.013157677182243425,0.0,0.0,0.0,0.3333333333333333,0.0,0.0,0,1,1,0,0
272,632,0.10397659279565155,0.0,0.7071067811865475,0.0,0.36363636363636365,0.0,1.0,100,1,2,2,0
272,633,0.020494541739386463,0.0,0.0,0.0,0.4,0.0,0.0,0,1,0,0,0
272,634,0.0031693069048111403,0.0,0.0,0.0,0.42857142857142855,0.0,0.0,0,1,0,0,0
272,635,0.005999272215251998,0.0,0.0,0.6931471805599453,0.5,0.0,0.0,0,1,1,0,0
272,636,0.015998911858507284,0.0,0.0,0.0,0.5454545454545454,1.0,0.0,0,1,2,0,0
272,637,0.012948880622454166,0.0,0.0,0.0,0.2,0.0,1.0,0,1,1,0,0
272,638,0.004557753987925985,0.0,0.0,0.0,0.5555555555555556,0.0,0.0,0,1,0,0,0
272,639,0.08569071365061182,0.0,1.0,0.0,0.5555555555555556,1.0,0.0,100,1,1,2,0
272,640,0.022175491449854274,0.0,0.0,0.6931471805599453,0.3333333333333333,0.0,0.0,0,1,2,0,0
272,641,0.044578722608624596,0.0,0.0,0.0,0.2,0.0,1.0,0,1,2,0,0
272,642,0.007423634210503603,0.0,0.0,0.0,0.6,0.0,0.0,0,1,2,0,0
272,643,0.013414438577514003,0.0,0.0,0.0,0.5714285714285714,0.0,1.0,0,1,1,0,0
272,644,0.003160617983673329,0.0,0.0,0.6931471805599453,0.42857142857142855,0.0,0.0,0,1,1,0,0
272,645,0.020076209030253096,0.0,0.0,0.0,0.42857142857142855,1.0,0.0,0,1,0,0,0
272,646,0.0,0.0,0.0,0.0,0.625,0.0,0.0,0,1,1,0,1
272,647,0.009689181196377815,0.0,0.0,0.0,0.6666666666666666,0.0,0.0,0,1,1,0,0
272,648,0.01453408005649473,0.0,0.0,0.0,0.2857142857142857,0.0,1.0,0,1,3,0,0
272,649,0.1205978827242573,0.0,1.0,0.0,0.5,0.0,0.0,100,1,1,2,0
272,650,0.014152715357976757,0.0,0.0,0.0,0.45454545454545453,1.0,0.0,0,1,2,0,0
272,651,0.0019577123715301403,0.0,0.0,0.0,0.375,1.0,0.0,0,1,1,0,0
272,652,0.025704253192518168,0.0,0.0,0.0,0.3333333333333333,0.0,1.0,0,1,1,0,0
272,653,0.029826392605287366,0.0,0.0,0.0,0.3333333333333333,0.0,0.0,0,1,1,0,0
272,654,0.009857506908894843,0.0,0.0,0.0,0.45454545454545453,0.0,0.0,0,1,2,0,0
272,655,0.017615042209768714,0.0,0.0,0.6931471805599453,0.7,0.0,0.0,0,1,3,0,0
272,656,0.010060642219402574,0.0,0.0,0.0,0.16666666666666666,0.0,1.0,10,1,2,0,0
272,657,0.0,0.0,0.0,1.0986122886681098,0.75,0.0,0.0,0,1,3,0,0
272,658,0.020875171219753304,0.0,0.0,0.0,0.45454545454545453,1.0,0.0,0,1,2,0,0
272,659,0.10165866872975819,0.0,0.0,0.0,0.2857142857142857,0.0,1.0,10,1,0,2,1
272,660,0.10155200971906851,0.0,0.7071067811865475,0.0,0.7,0.0,0.0,100,1,2,2,1
272,661,0.007940350039315012,0.0,0.0,0.0,0.25,0.0,1.0,0,1,2,0,0
272,662,0.005970587324721995,0.0,0.0,0.6931471805599453,0.7,0.0,0.0,0,1,2,0,0
272,663,0.005847987120590052,0.0,0.0,0.0,0.4444444444444444,1.0,0.0,0,1,2,0,0
272,664,0.005194888608960348,0.0,0.0,0.6931471805599453,0.6,1.0,0.0,0,1,1,0,0
272,665,0.0018971091499259756,0.0,0.0,0.6931471805599453,0.6666666666666666,0.0,0.0,0,1,3,0,0
272,666,0.014943324160530952,0.0,0.0,0.0,0.4444444444444444,0.0,1.0,0,1,2,0,0
272,667,0.005597837001939763,0.0,0.0,0.6931471805599453,0.5833333333333334,0.0,0.0,0,1,2,0,0
272,668,0.039655708411947,0.0,0.7071067811865475,0.0,0.42857142857142855,0.0,0.0,100,1,2,0,1
272,669,0.005671028134641742,0.0,0.0,0.6931471805599453,0.42857142857142855,0.0,0.0,0,1,3,0,0
272,670,0.027242141663778176,0.0,0.0,0.0,0.2857142857142857,0.0,1.0,0,1,1,0,0
272,671,0.005759505356965734,0.0,0.0,0.6931471805599453,0.5,0.0,0.0,0,1,1,0,0
272,672,0.021057699534601335,0.0,0.0,0.0,0.5714285714285714,1.0,0.0,0,1,1,0,0
272,673,0.005754590167197319,0.0,0.0,0.6931471805599453,0.2727272727272727,0.0,1.0,0,1,1,0,0
272,675,0.0047056650211305395,0.0,0.0,0.0,0.4444444444444444,1.0,0.0,0,1,1,0,0
272,676,0.016100142983265626,0.0,0.0,0.0,0.5,0.0,0.0,0,1,2,0,0
272,677,0.0030913324577926476,0.0,0.0,0.6931471805599453,0.5,0.0,0.0,0,1,0,0,0
272,678,0.0012331647567890081,0.0,0.0,0.0,0.5,0.0,0.0,0,1,0,0,0
272,679,0.04335204003547048,0.0,0.0,0.0,0.7272727272727273,0.0,0.0,0,1,1,0,0
272,680,0.004680625301490308,0.0,0.0,0.0,0.38461538461538464,0.0,1.0,0,1,2,0,0
272,681,0.06566562591965429,0.0,0.7071067811865475,0.0,0.5,1.0,0.0,100,1,2,2,0
272,682,0.038079448105464486,0.0,0.0,0.6931471805599453,0.625,0.0,0.0,0,1,1,0,1
273,623,0.04315094492636194,0.0,0.4082482904638631,1.0986122886681098,0.7142857142857143,0.0,0.0,67,3,8,1,0
273,624,0.009078037438670096,0.0,0.0,0.0,0.2857142857142857,0.0,0.0,0,3,0,1,0
273,625,0.02218669693064478,0.0,0.0,0.0,0.25,0.0,0.0,10,3,0,2,1
273,626,0.016253687024107625,0.0,0.5773502691896258,0.0,0.4,0.0,1.0,33,3,1,0,0
273,627,0.011197212476112668,0.0,0.0,0.0,0.3333333333333333,0.0,1.0,0,3,1,0,0
273,628,0.010361200052313661,0.0,0.0,0.0,0.6,0.0,0.0,0,3,1,0,0
273,629,0.004021013714562809,0.0,0.0,0.0,0.25,0.0,1.0,0,3,1,1,0
273,630,0.012809652735225852,0.0,0.0,0.6931471805599453,0.46153846153846156,0.0,1.0,0,3,2,1,0
273,631,0.006513639942767905,0.0,0.0,0.0,0.3333333333333333,0.0,0.0,0,3,1,0,0
273,632,0.21494831486459937,0.4,0.4082482904638631,0.0,0.36363636363636365,0.0,1.0,33,3,2,3,0
273,633,0.009712099705137072,0.0,0.0,0.0,0.4,0.0,0.0,10,3,0,0,0
273,634,0.010468414503200688,0.0,0.0,0.0,0.42857142857142855,0.0,0.0,0,3,0,0,0
273,635,0.014857163000211318,0.0,0.0,0.6931471805599453,0.5,0.0,0.0,0,3,1,0,0
273,636,0.011769572355314738,0.0,0.0,0.0,0.5454545454545454,1.0,0.0,0,3,2,0,0
273,637,0.044445645633730345,0.0,0.0,0.0,0.2,0.0,1.0,0,3,1,1,0
273,638,0.005894195925366763,0.0,0.0,0.0,0.5555555555555556,0.0,0.0,0,3,0,0,0
273,639,0.00643180252605391,0.0,0.0,0.0,0.5,1.0,0.0,0,3,1,1,0
273,640,0.016700218409382767,0.0,0.4082482904638631,0.6931471805599453,0.3333333333333333,0.0,0.0,33,3,2,0,0
273,641,0.01065132467419553,0.0,0.4082482904638631,0.0,0.2,0.0,1.0,33,3,2,0,0
273,642,0.024501294024779893,0.0,0.0,0.0,0.6,0.0,0.0,0,3,2,0,0
273,643,0.006110474920263935,0.0,0.0,0.0,0.5714285714285714,0.0,1.0,0,3,1,0,0
273,644,0.007858406671255043,0.0,0.0,0.6931471805599453,0.42857142857142855,0.0,0.0,10,3,1,0,0
273,645,0.4364195785884467,0.4,0.0,0.0,0.42857142857142855,1.0,0.0,30,3,0,3,1
273,646,0.006481204411315977,0.0,0.0,0.0,0.625,0.0,0.0,0,3,1,0,0
273,647,0.0011215245752987364,0.0,0.0,0.0,0.6666666666666666,0.0,0.0,0,3,1,0,0
273,648,0.02218420593286797,0.0,0.3333333333333333,0.0,0.2857142857142857,0.0,1.0,33,3,3,0,0
273,649,0.006902610707249559,0.0,0.0,0.0,0.5,0.0,0.0,0,3,1,1,0
273,650,0.41290875039939484,0.4,0.4082482904638631,0.0,0.45454545454545453,1.0,0.0,33,3,2,3,0
273,651,0.0029284614327290855,0.0,0.0,0.0,0.375,1.0,0.0,0,3,1,0,1
273,652,0.006513658141875985,0.0,0.0,0.0,0.3333333333333333,0.0,1.0,0,3,1,0,0
273,653,0.00626494801361913,0.0,0.0,0.0,0.3333333333333333,0.0,0.0,10,3,1,0,0
273,654,0.009314184060897415,0.0,0.4082482904638631,0.0,0.45454545454545453,0.0,0.0,33,3,2,0,0
273,655,0.03407760762165633,0.0,0.3333333333333333,0.6931471805599453,0.7,0.0,0.0,33,3,3,2,1
273,656,0.004783918251735333,0.0,0.0,0.0,0.16666666666666666,0.0,1.0,0,3,2,0,0
273,657,0.0028167477898365907,0.0,0.0,1.0986122886681098,0.75,0.0,0.0,0,3,3,1,0
273,658,0.010122030931584494,0.0,0.0,0.0,0.45454545454545453,1.0,0.0,0,3,2,0,0
273,659,0.003546476427487808,0.0,0.0,0.0,0.2857142857142857,0.0,1.0,0,3,0,1,0
273,660,0.026648864908869408,0.0,0.0,0.0,0.7,0.0,0.0,10,3,2,1,0
273,661,0.008528962805679139,0.0,0.4082482904638631,0.0,0.25,0.0,1.0,33,3,2,0,0
273,662,0.011966945435926914,0.0,0.0,0.6931471805599453,0.7,0.0,0.0,0,3,2,1,0
273,663,0.05720533586387573,0.0,0.0,0.0,0.4444444444444444,1.0,0.0,10,3,2,0,0
273,664,0.006212976820115408,0.0,0.0,0.6931471805599453,0.6,1.0,0.0,0,3,1,0,0
273,665,0.05913521258662252,0.0,0.0,0.6931471805599453,0.6666666666666666,0.0,0.0,10,3,3,0,0
273,666,0.01309626096057239,0.0,0.4082482904638631,0.0,0.4444444444444444,0.0,1.0,33,3,2,0,0
273,667,0.00710295574596425,0.0,0.0,0.6931471805599453,0.5833333333333334,0.0,0.0,0,3,2,0,0
273,668,0.02064878616471861,0.0,0.0,0.0,0.42857142857142855,0.0,0.0,10,3,2,0,0
273,669,0.009280200657184521,0.0,0.0,0.6931471805599453,0.42857142857142855,0.0,0.0,0,3,3,0,0
273,670,0.0032273801051690984,0.0,0.0,0.0,0.2857142857142857,0.0,1.0,0,3,1,0,0
273,671,0.008513258950899065,0.0,0.0,0.6931471805599453,0.4444444444444444,0.0,0.0,0,3,1,0,0
273,672,0.031687404504286795,0.0,0.0,0.0,0.5714285714285714,1.0,0.0,0,3,1,0,0
273,673,0.013406091219444909,0.0,0.0,0.6931471805599453,0.2727272727272727,0.0,1.0,0,3,1,0,0
273,674,0.01191537732869671,0.0,0.0,0.0,0.25,0.0,1.0,10,3,1,0,0
273,675,0.03439068269556057,0.0,0.5773502691896258,0.0,0.4444444444444444,1.0,0.0,33,3,1,2,0
273,676,0.005314619527079012,0.0,0.0,0.0,0.5,0.0,0.0,0,3,2,0,1
273,677,0.0048192536734221894,0.0,0.0,0.6931471805599453,0.5,0.0,0.0,0,3,0,0,0
273,678,0.03704827230423797,0.0,0.0,0.0,0.5,0.0,0.0,0,3,0,0,0
273,679,0.026849243443020684,0.0,0.0,0.0,0.6666666666666666,0.0,0.0,10,3,1,0,0
273,680,0.018565694060965005,0.0,0.0,0.0,0.38461538461538464,0.0,1.0,0,3,2,0,0
273,681,0.0034710469377248845,0.0,0.0,0.0,0.5,1.0,0.0,10,3,2,1,0
273,682,0.03195711512097589,0.0,0.0,0.6931471805599453,0.625,0.0,0.0,10,3,1,0,0
274,623,0.050062588288947725,0.0,0.0,1.0986122886681098,0.7142857142857143,0.0,0.0,10,0,8,1,0
274,624,0.0,0.0,0.0,0.0,0.2857142857142857,0.0,0.0,0,0,0,0,0
274,625,0.021092686472394442,0.0,0.0,0.0,0.25,0.0,0.0,0,0,0,0,0
274,626,0.02024056532951138,0.0,0.0,0.0,0.4,0.0,1.0,0,0,1,0,0
274,627,0.05942043739538829,0.0,0.0,0.0,0.3333333333333333,0.0,1.0,10,0,1,0,0
274,628,0.024270363007165265,0.0,0.0,0.0,0.6,0.0,0.0,0,0,1,0,0
274,629,0.0,0.0,0.0,0.0,0.25,0.0,1.0,0,0,1,0,0
274,630,0.04365768203287473,0.0,0.0,0.6931471805599453,0.46153846153846156,0.0,1.0,0,0,2,0,0
274,631,0.0032005428892383477,0.0,0.0,0.0,0.3333333333333333,0.0,0.0,0,0,1,0,1
274,632,0.026701876743379784,0.0,0.0,0.0,0.36363636363636365,0.0,1.0,10,0,2,0,0
274,633,0.009585598507021169,0.0,0.0,0.0,0.4,0.0,0.0,0,0,0,0,0
274,634,0.003035101024077365,0.0,0.0,0.0,0.42857142857142855,0.0,0.0,0,0,0,0,0
274,635,0.009577787174146209,0.0,0.0,0.6931471805599453,0.5,0.0,0.0,0,0,1,0,1
274,636,0.07123440283548295,0.0,0.0,0.0,0.5454545454545454,1.0,0.0,0,0,2,1,0
274,637,0.02004002063018529,0.0,0.0,0.0,0.2,0.0,1.0,0,0,1,0,0
274,638,0.0,0.0,0.0,0.0,0.5555555555555556,0.0,0.0,0,0,0,0,0
274,639,0.0,0.0,0.0,0.0,0.5,1.0,0.0,0,0,1,0,0
274,640,0.0346529448786303,0.0,0.0,0.6931471805599453,0.3333333333333333,0.0,0.0,0,0,2,0,0
274,641,0.024525186481765843,0.0,0.0,0.0,0.2,0.0,1.0,0,0,2,0,0
274,642,0.010833696802469903,0.0,0.0,0.0,0.6,0.0,0.0,0,0,2,0,0
274,643,0.11491156137615113,0.0,0.0,0.0,0.5714285714285714,0.0,1.0,10,0,1,1,0
274,644,0.010230830323184186,0.0,0.0,0.6931471805599453,0.42857142857142855,0.0,0.0,0,0,1,0,0
274,645,0.046857219557364556,0.0,0.0,0.0,0.42857142857142855,1.0,0.0,0,0,0,0,0
274,646,0.018408232975849072,0.0,0.0,0.0,0.625,0.0,0.0,0,0,1,0,0
274,647,0.03616340970293388,0.0,0.0,0.0,0.6666666666666666,0.0,0.0,0,0,1,2,1
274,648,0.03649579139440004,0.0,0.0,0.0,0.2857142857142857,0.0,1.0,10,0,3,0,0
274,649,0.0,0.0,0.0,0.0,0.5,0.0,0.0,0,0,1,0,0
274,650,0.05195826328158259,0.0,0.0,0.0,0.45454545454545453,1.0,0.0,10,0,2,0,0
274,651,0.0,0.0,0.0,0.0,0.375,1.0,0.0,0,0,1,0,0
274,652,0.08806873506178833,0.0,0.0,0.0,0.3333333333333333,0.0,1.0,0,0,1,0,0
274,653,0.03057193982170616,0.0,0.0,0.0,0.3333333333333333,0.0,0.0,10,0,1,0,0
274,654,0.0,0.0,0.0,0.0,0.45454545454545453,0.0,0.0,0,0,2,0,0
274,655,0.046476341000948634,0.0,0.0,0.6931471805599453,0.7,0.0,0.0,0,0,3,0,0
274,656,0.009293078960814233,0.0,0.0,0.0,0.16666666666666666,0.0,1.0,0,0,2,0,0
274,657,0.0,0.0,0.0,1.0986122886681098,0.75,0.0,0.0,0,0,3,0,1
274,658,0.17172938426621476,0.0,0.0,0.0,0.4,1.0,0.0,10,0,2,1,1
274,659,0.0,0.0,0.0,0.0,0.2857142857142857,0.0,1.0,0,0,0,0,0
274,660,0.07784938554117182,0.0,0.0,0.0,0.6666666666666666,0.0,0.0,10,0,2,0,0
274,661,0.0207112051859417,0.0,0.0,0.0,0.2857142857142857,0.0,1.0,10,0,2,1,0
274,662,0.04192496835712741,0.0,0.0,0.6931471805599453,0.7,0.0,0.0,0,0,2,1,0
274,663,0.015828112090772416,0.0,0.0,0.0,0.4444444444444444,1.0,0.0,0,0,2,0,0
274,664,0.0,0.0,0.0,0.6931471805599453,0.6,1.0,0.0,0,0,1,0,0
274,665,0.3593372470019437,1.0,0.0,0.6931471805599453,0.6666666666666666,0.0,0.0,35,0,3,3,1
274,666,0.05739232116310609,0.0,0.0,0.0,0.4444444444444444,0.0,1.0,20,0,2,1,0
274,667,0.03518394323883702,0.0,0.0,0.6931471805599453,0.5833333333333334,0.0,0.0,0,0,2,0,0
274,668,0.10971400702338815,0.0,0.0,0.0,0.42857142857142855,0.0,0.0,10,0,2,0,0
274,669,0.011071156760550168,0.0,0.0,0.6931471805599453,0.42857142857142855,0.0,0.0,0,0,3,0,0
274,670,0.0,0.0,0.0,0.0,0.2857142857142857,0.0,1.0,0,0,1,0,0
274,671,0.04304472516504712,0.0,0.0,0.6931471805599453,0.4444444444444444,0.0,0.0,0,0,1,1,0
274,672,0.03427581424783592,0.0,0.0,0.0,0.5714285714285714,1.0,0.0,0,0,1,0,0
274,673,0.022461453837769048,0.0,0.0,0.6931471805599453,0.2727272727272727,0.0,1.0,0,0,1,0,0
274,674,0.005434264105787635,0.0,0.0,0.0,0.25,0.0,1.0,0,0,1,0,0
274,675,0.06378098608695348,0.0,0.0,0.0,0.4444444444444444,1.0,0.0,10,0,1,0,0
274,676,0.007006128772626009,0.0,0.0,0.0,0.5,0.0,0.0,10,0,2,0,0
274,677,0.6907637989942065,1.0,0.0,0.6931471805599453,0.5,0.0,0.0,35,0,0,3,1
274,678,0.028957996918171823,0.0,0.0,0.0,0.5,0.0,0.0,0,0,0,0,0
274,679,0.08453835456247405,0.0,0.0,0.0,0.6666666666666666,0.0,0.0,0,0,1,0,0
274,680,0.07835163962554922,0.0,0.0,0.0,0.38461538461538464,0.0,1.0,10,0,2,0,0
274,681,0.5664623802596483,1.0,0.0,0.0,0.46153846153846156,1.0,0.0,35,0,2,2,0
274,682,0.07215565798705734,0.0,0.0,0.6931471805599453,0.625,0.0,0.0,10,0,1,0,0
275,623,0.35697946073749515,1.0,0.35355339059327373,1.0986122886681098,0.7142857142857143,0.0,0.0,100,1,8,2,0
275,624,0.0037261799636642695,0.0,0.0,0.0,0.2857142857142857,0.0,0.0,0,1,0,0,0
275,625,0.015666148426929632,0.0,0.0,0.0,0.25,0.0,0.0,0,1,0,1,0
275,626,0.012990057615047203,0.0,0.0,0.0,0.4,0.0,1.0,0,1,1,0,0
275,627,0.013416168164747947,0.0,0.0,0.0,0.3333333333333333,0.0,1.0,0,1,1,0,0
275,628,0.001700750569837212,0.0,0.0,0.0,0.6,0.0,0.0,0,1,1,0,0
275,629,0.0023700258239294325,0.0,0.0,0.0,0.25,0.0,1.0,0,1,1,0,0
275,630,0.6137353005668608,1.0,0.7071067811865475,0.6931471805599453,0.46153846153846156,0.0,1.0,100,1,2,3,1
275,631,0.01590414279393984,0.0,0.0,0.0,0.3333333333333333,0.0,0.0,0,1,1,0,0
275,632,0.5041081602897949,1.0,0.7071067811865475,0.0,0.36363636363636365,0.0,1.0,100,1,2,3,0
275,633,0.041367145595373876,0.0,0.0,0.0,0.4,0.0,0.0,0,1,0,0,0
275,634,0.005877165368137632,0.0,0.0,0.0,0.42857142857142855,0.0,0.0,0,1,0,0,0
275,635,0.00703865831210938,0.0,0.0,0.6931471805599453,0.5,0.0,0.0,0,1,1,0,0
275,636,0.01229325696853752,0.0,0.0,0.0,0.5454545454545454,1.0,0.0,0,1,2,0,0
275,637,0.015904323521585807,0.0,0.0,0.0,0.2,0.0,1.0,0,1,1,0,0
275,638,0.0021643146722831303,0.0,0.0,0.0,0.5555555555555556,0.0,0.0,0,1,0,0,0
275,639,0.6627065835521246,1.0,1.0,0.0,0.4444444444444444,1.0,0.0,100,1,1,3,1
275,640,0.009013435437356603,0.0,0.0,0.6931471805599453,0.3333333333333333,0.0,0.0,0,1,2,0,0
275,641,0.02055557321510377,0.0,0.0,0.0,0.2,0.0,1.0,0,1,2,0,0
275,642,0.029200885968671497,0.0,0.0,0.0,0.6,0.0,0.0,0,1,2,0,0
275,643,0.0069340480683629385,0.0,0.0,0.0,0.5714285714285714,0.0,1.0,0,1,1,0,0
275,644,0.0016711421775089292,0.0,0.0,0.6931471805599453,0.42857142857142855,0.0,0.0,0,1,1,0,1
275,645,0.027441996004616314,0.0,0.0,0.0,0.42857142857142855,1.0,0.0,0,1,0,0,0
275,646,0.006686107667726898,0.0,0.0,0.0,0.625,0.0,0.0,0,1,1,0,0
275,647,0.0015768896061872993,0.0,0.0,0.0,0.6666666666666666,0.0,0.0,0,1,1,0,0
275,648,0.0082415749718408,0.0,0.0,0.0,0.3076923076923077,0.0,1.0,0,1,3,0,0
275,649,0.6856443888876478,1.0,1.0,0.0,0.5,0.0,0.0,100,1,1,3,1
275,650,0.018689150663401287,0.0,0.0,0.0,0.45454545454545453,1.0,0.0,0,1,2,0,0
275,651,0.0014876010637938268,0.0,0.0,0.0,0.375,1.0,0.0,0,1,1,0,0
275,652,0.001689477710018169,0.0,0.0,0.0,0.3333333333333333,0.0,1.0,0,1,1,0,0
275,653,0.011269975778708164,0.0,0.0,0.0,0.3333333333333333,0.0,0.0,0,1,1,0,0
275,654,0.011217878209387461,0.0,0.0,0.0,0.45454545454545453,0.0,0.0,0,1,2,0,0
275,655,0.02257473018922826,0.0,0.0,0.6931471805599453,0.7,0.0,0.0,0,1,3,0,0
275,656,0.004934703389358079,0.0,0.0,0.0,0.16666666666666666,0.0,1.0,10,1,2,0,0
275,657,0.00396041282631836,0.0,0.0,1.0986122886681098,0.75,0.0,0.0,0,1,3,0,0
275,658,0.011176377033012587,0.0,0.0,0.0,0.45454545454545453,1.0,0.0,0,1,2,0,0
275,659,0.6170067927675089,0.75,0.0,0.0,0.3076923076923077,0.0,1.0,35,1,0,3,0
275,660,0.3875038402960263,1.0,0.7071067811865475,0.0,0.7,0.0,0.0,100,1,2,3,1
275,661,0.010981056645970709,0.0,0.0,0.0,0.25,0.0,1.0,0,1,2,0,0
275,662,0.010561913163126744,0.0,0.0,0.6931471805599453,0.7,0.0,0.0,0,1,2,0,1
275,663,0.006531334293856921,0.0,0.0,0.0,0.4444444444444444,1.0,0.0,0,1,2,0,0
275,664,0.001754626007944326,0.0,0.0,0.6931471805599453,0.6,1.0,0.0,0,1,1,0,0
275,665,0.004437384016746747,0.0,0.0,0.6931471805599453,0.6666666666666666,0.0,0.0,0,1,3,0,0
275,666,0.01220093550354693,0.0,0.0,0.0,0.4444444444444444,0.0,1.0,0,1,2,0,0
275,667,0.024864705411358302,0.0,0.0,0.6931471805599453,0.5833333333333334,0.0,0.0,0,1,2,0,0
275,668,0.019603484219974352,0.0,0.7071067811865475,0.0,0.42857142857142855,0.0,0.0,100,1,2,0,0
275,669,0.03620180820425483,0.0,0.0,0.6931471805599453,0.42857142857142855,0.0,0.0,10,1,3,0,0
275,670,0.008464360223225813,0.0,0.0,0.0,0.2857142857142857,0.0,1.0,0,1,1,0,0
275,671,0.00390321038250679,0.0,0.0,0.6931471805599453,0.4444444444444444,0.0,0.0,0,1,1,0,0
275,672,0.03151308132306985,0.0,0.0,0.0,0.5714285714285714,1.0,0.0,0,1,1,0,0
275,673,0.0017741193965604008,0.0,0.0,0.6931471805599453,0.2727272727272727,0.0,1.0,0,1,1,0,0
275,674,0.022105886177496075,0.0,0.0,0.0,0.25,0.0,1.0,0,1,1,0,0
275,675,0.024407355531549265,0.0,0.0,0.0,0.4444444444444444,1.0,0.0,0,1,1,0,0
275,676,0.019444481737249407,0.0,0.0,0.0,0.5,0.0,0.0,0,1,2,0,0
275,677,0.0024479560384085336,0.0,0.0,0.6931471805599453,0.5,0.0,0.0,0,1,0,0,0
275,678,0.00414431294115657,0.0,0.0,0.0,0.5,0.0,0.0,0,1,0,0,0
275,679,0.015413246175906297,0.0,0.0,0.0,0.6666666666666666,0.0,0.0,0,1,1,0,0
275,680,0.026049712130265554,0.0,0.0,0.0,0.38461538461538464,0.0,1.0,0,1,2,0,0
275,681,0.3180352070553207,1.0,0.7071067811865475,0.0,0.5,1.0,0.0,100,1,2,3,0
275,682,0.024581732061091172,0.0,0.0,0.6931471805599453,0.625,0.0,0.0,0,1,1,0,1
276,623,0.10849162429981671,0.5,0.35355339059327373,1.0986122886681098,0.7142857142857143,0.0,0.0,100,1,8,2,1
276,624,0.0,0.0,0.0,0.0,0.2857142857142857,0.0,0.0,0,1,0,0,0
276,625,0.010655291316968844,0.0,0.0,0.0,0.25,0.0,0.0,0,1,0,0,0
276,626,0.10677340476528543,0.0,0.0,0.0,0.4,0.0,1.0,10,1,1,0,0
276,627,0.0,0.0,0.0,0.0,0.3333333333333333,0.0,1.0,10,1,1,1,0
276,628,0.018956016070203058,0.0,0.0,0.0,0.6,0.0,0.0,0,1,1,0,0
276,629,0.0,0.0,0.0,0.0,0.25,0.0,1.0,0,1,1,0,0
276,630,0.017797365784484407,0.0,0.0,0.6931471805599453,0.46153846153846156,0.0,1.0,0,1,2,1,0
276,631,0.021385059067859428,0.0,0.0,0.0,0.3333333333333333,0.0,0.0,0,1,1,0,0
276,632,0.020378724895035918,0.0,0.0,0.0,0.36363636363636365,0.0,1.0,0,1,2,0,0
276,633,0.01037919567203728,0.0,0.0,0.0,0.4,0.0,0.0,0,1,0,0,0
276,634,0.021561244788109134,0.0,0.0,0.0,0.42857142857142855,0.0,0.0,0,1,0,0,0
276,635,0.03696939772516371,0.0,0.0,0.6931471805599453,0.5,0.0,0.0,0,1,1,0,0
276,636,0.01526878819313479,0.0,0.0,0.0,0.5454545454545454,1.0,0.0,0,1,2,0,0
276,637,0.013299438912168398,0.0,0.0,0.0,0.2,0.0,1.0,0,1,1,0,0
276,638,0.024833854867303745,0.0,0.0,0.0,0.5555555555555556,0.0,0.0,0,1,0,0,0
276,639,0.01483214813457527,0.0,0.0,0.0,0.5,1.0,0.0,0,1,1,0,0
276,640,0.029713670036529624,0.0,0.0,0.6931471805599453,0.3333333333333333,0.0,0.0,0,1,2,0,0
276,641,0.04408843260806501,0.0,0.0,0.0,0.2,0.0,1.0,0,1,2,0,0
276,642,0.0039499291587797485,0.0,0.0,0.0,0.6,0.0,0.0,0,1,2,1,0
276,643,0.011852441408430817,0.0,0.0,0.0,0.5714285714285714,0.0,1.0,0,1,1,0,0
276,644,0.006646416129608348,0.0,0.0,0.6931471805599453,0.42857142857142855,0.0,0.0,0,1,1,0,0
276,645,0.015665211637041838,0.0,0.0,0.0,0.42857142857142855,1.0,0.0,0,1,0,0,0
276,646,0.0027774924676805665,0.0,0.0,0.0,0.625,0.0,0.0,0,1,1,0,0
276,647,0.006729348076647288,0.0,0.0,0.0,0.6666666666666666,0.0,0.0,0,1,1,0,0
276,648,0.030846465126511114,0.0,0.0,0.0,0.2857142857142857,0.0,1.0,10,1,3,0,0
276,649,0.013055397566016017,0.0,0.0,0.0,0.5,0.0,0.0,0,1,1,0,0
276,650,0.005429343965689283,0.0,0.0,0.0,0.45454545454545453,1.0,0.0,0,1,2,0,0
276,651,0.0,0.0,0.0,0.0,0.375,1.0,0.0,10,1,1,0,0
276,652,0.012259213317935074,0.0,0.0,0.0,0.3333333333333333,0.0,1.0,0,1,1,1,0
276,653,0.008661989678011895,0.0,0.0,0.0,0.3333333333333333,0.0,0.0,0,1,1,0,0
276,654,0.0039119676540724955,0.0,0.0,0.0,0.45454545454545453,0.0,0.0,0,1,2,0,0
276,655,0.014683057782273332,0.0,0.0,0.6931471805599453,0.7,0.0,0.0,0,1,3,0,0
276,656,0.006287666794111159,0.0,0.0,0.0,0.16666666666666666,0.0,1.0,0,1,2,0,0
276,657,0.0,0.0,0.0,1.0986122886681098,0.75,0.0,0.0,0,1,3,0,0
276,658,0.012281595588931526,0.0,0.0,0.0,0.45454545454545453,1.0,0.0,0,1,2,0,0
276,659,0.010658105027120727,0.0,0.0,0.0,0.2857142857142857,0.0,1.0,0,1,0,0,0
276,660,0.025006926227777358,0.0,0.0,0.0,0.7,0.0,0.0,0,1,2,0,0
276,661,0.002813939784516493,0.0,0.0,0.0,0.25,0.0,1.0,0,1,2,0,0
276,662,0.007260797282119454,0.0,0.0,0.6931471805599453,0.7,0.0,0.0,10,1,2,0,0
276,663,0.1571929409413894,0.0,0.7071067811865475,0.0,0.4444444444444444,1.0,0.0,100,1,2,2,0
276,664,0.0,0.0,0.0,0.6931471805599453,0.6,1.0,0.0,0,1,1,0,0
276,665,0.04746156259692158,0.0,0.5773502691896258,0.6931471805599453,0.6666666666666666,0.0,0.0,100,1,3,2,0
276,666,0.00832636365833557,0.0,0.0,0.0,0.4444444444444444,0.0,1.0,0,1,2,0,0
276,667,0.004481571197803451,0.0,0.0,0.6931471805599453,0.5833333333333334,0.0,0.0,0,1,2,0,0
276,668,0.018617724339463817,0.0,0.0,0.0,0.42857142857142855,0.0,0.0,0,1,2,0,0
276,669,0.019438235914743442,0.0,0.0,0.6931471805599453,0.42857142857142855,0.0,0.0,0,1,3,0,0
276,670,0.009386850756089277,0.0,0.0,0.0,0.2857142857142857,0.0,1.0,0,1,1,0,0
276,671,0.009733019909064299,0.0,0.0,0.6931471805599453,0.4444444444444444,0.0,0.0,0,1,1,0,0
276,672,0.006000842607549475,0.0,0.0,0.0,0.5714285714285714,1.0,0.0,0,1,1,0,0
276,673,0.014693235680830974,0.0,0.0,0.6931471805599453,0.2727272727272727,0.0,1.0,0,1,1,0,0
276,674,0.03534901028723454,0.0,0.0,0.0,0.25,0.0,1.0,0,1,1,0,0
276,675,0.005087357421169812,0.0,0.0,0.0,0.4444444444444444,1.0,0.0,10,1,1,1,0
276,676,0.031221533697210733,0.0,0.0,0.0,0.5,0.0,0.0,10,1,2,1,1
276,677,0.004178235702410186,0.0,0.0,0.6931471805599453,0.5,0.0,0.0,0,1,0,0,0
276,678,0.09458667346864838,0.0,0.0,0.0,0.5,0.0,0.0,10,1,0,2,0
276,679,0.01339456373444244,0.0,0.0,0.0,0.6666666666666666,0.0,0.0,0,1,1,0,0
276,680,0.0026010144694236523,0.0,0.0,0.0,0.38461538461538464,0.0,1.0,10,1,2,1,0
276,681,0.010220552593118586,0.0,0.0,0.0,0.5,1.0,0.0,0,1,2,0,0
276,682,0.016668921287054807,0.0,0.0,0.6931471805599453,0.625,0.0,0.0,0,1,1,0,0
277,623,0.16299698348702088,0.2,0.25,1.0986122886681098,0.7142857142857143,0.0,0.0,50,2,8,2,0
277,624,0.0,0.0,0.0,0.0,0.2857142857142857,0.0,0.0,0,2,0,0,0
277,625,0.02723611063326438,0.0,0.0,0.0,0.25,0.0,0.0,0,2,0,0,0
277,626,0.047494953322319414,0.0,0.0,0.0,0.4,0.0,1.0,0,2,1,0,0
277,627,0.040695830582663316,0.0,0.0,0.0,0.3333333333333333,0.0,1.0,10,2,1,0,0
277,628,0.013095020591772281,0.0,0.0,0.0,0.6,0.0,0.0,0,2,1,0,0
277,629,0.0,0.0,0.0,0.0,0.25,0.0,1.0,0,2,1,0,0
277,630,0.06073288227544901,0.0,0.0,0.6931471805599453,0.46153846153846156,0.0,1.0,0,2,2,0,0
277,631,0.02747492817971258,0.0,0.0,0.0,0.3333333333333333,0.0,0.0,0,2,1,0,0
277,632,0.10569473563381973,0.0,0.0,0.0,0.36363636363636365,0.0,1.0,30,2,2,0,0
277,633,0.08188052888031155,0.0,0.0,0.0,0.4,0.0,0.0,20,2,0,0,0
277,634,0.05373150223376085,0.0,0.0,0.0,0.42857142857142855,0.0,0.0,0,2,0,0,0
277,635,0.05447915111637316,0.0,0.0,0.6931471805599453,0.5,0.0,0.0,0,2,1,0,0
277,636,0.06503555703838193,0.0,0.0,0.0,0.5454545454545454,1.0,0.0,0,2,2,1,0
277,637,0.02710081712063001,0.0,0.0,0.0,0.2,0.0,1.0,0,2,1,0,0
277,638,0.052141489123859346,0.0,0.0,0.0,0.5555555555555556,0.0,0.0,0,2,0,0,0
277,639,0.020705716882976864,0.0,0.0,0.0,0.5,1.0,0.0,0,2,1,0,0
277,640,0.07843842181606887,0.0,0.0,0.6931471805599453,0.3333333333333333,0.0,0.0,0,2,2,0,0
277,641,0.10501139460161557,0.0,0.0,0.0,0.2,0.0,1.0,20,2,2,0,0
277,642,0.03434642331151649,0.0,0.0,0.0,0.6,0.0,0.0,0,2,2,0,0
277,643,0.12350940705119899,0.0,0.0,0.0,0.5714285714285714,0.0,1.0,10,2,1,1,0
277,644,0.015071972436595391,0.0,0.0,0.6931471805599453,0.42857142857142855,0.0,0.0,0,2,1,0,0
277,645,0.07889626860363345,0.0,0.0,0.0,0.42857142857142855,1.0,0.0,10,2,0,0,0
277,646,0.010262310226603717,0.0,0.7071067811865475,0.0,0.625,0.0,0.0,50,2,1,2,1
277,647,0.08346952819112119,0.4,0.0,0.0,0.6666666666666666,0.0,0.0,35,2,1,3,0
277,648,0.057455627194245865,0.0,0.0,0.0,0.2857142857142857,0.0,1.0,10,2,3,0,0
277,649,0.014504664640386246,0.0,0.0,0.0,0.5,0.0,0.0,0,2,1,0,0
277,650,0.06776202065803884,0.0,0.0,0.0,0.45454545454545453,1.0,0.0,10,2,2,1,0
277,651,0.008104154475783349,0.0,0.0,0.0,0.375,1.0,0.0,0,2,1,0,0
277,652,0.06307454941843027,0.0,0.0,0.0,0.3333333333333333,0.0,1.0,0,2,1,0,0
277,653,0.01397581079610578,0.0,0.0,0.0,0.3333333333333333,0.0,0.0,10,2,1,2,0
277,654,0.04688521452637917,0.0,0.0,0.0,0.45454545454545453,0.0,0.0,20,2,2,0,0
277,655,0.046940658656692,0.0,0.4082482904638631,0.6931471805599453,0.7,0.0,0.0,50,2,3,2,1
277,656,0.08744536967638636,0.0,0.0,0.0,0.16666666666666666,0.0,1.0,20,2,2,0,1
277,657,0.008347239855085087,0.0,0.4082482904638631,1.0986122886681098,0.75,0.0,0.0,50,2,3,2,0
277,658,0.16340565572900037,0.0,0.0,0.0,0.45454545454545453,1.0,0.0,30,2,2,1,0
277,659,0.005471282412509327,0.0,0.0,0.0,0.2857142857142857,0.0,1.0,0,2,0,0,0
277,660,0.4307317583459479,0.6,0.5,0.0,0.7,0.0,0.0,50,2,2,3,1
277,661,0.05253728630377594,0.0,0.0,0.0,0.25,0.0,1.0,30,2,2,1,0
277,662,0.021429812813436536,0.0,0.0,0.6931471805599453,0.7,0.0,0.0,0,2,2,1,1
277,663,0.02278368672701008,0.0,0.0,0.0,0.4444444444444444,1.0,0.0,0,2,2,1,0
277,664,0.008162799477585456,0.0,0.0,0.6931471805599453,0.6,1.0,0.0,0,2,1,0,0
277,665,0.05332927160080438,0.0,0.4082482904638631,0.6931471805599453,0.6666666666666666,0.0,0.0,50,2,3,2,0
277,666,0.04555648246597879,0.0,0.0,0.0,0.4444444444444444,0.0,1.0,10,2,2,1,0
277,667,0.006936776455287856,0.0,0.0,0.6931471805599453,0.5833333333333334,0.0,0.0,0,2,2,1,0
277,668,0.6038452806793773,0.6,0.5,0.0,0.42857142857142855,0.0,0.0,50,2,2,3,1
277,669,0.060209613577496934,0.0,0.4082482904638631,0.6931471805599453,0.42857142857142855,0.0,0.0,50,2,3,0,0
277,670,0.006434845846893027,0.0,0.0,0.0,0.2857142857142857,0.0,1.0,0,2,1,0,0
277,671,0.014337919383432936,0.0,0.0,0.6931471805599453,0.4444444444444444,0.0,0.0,0,2,1,1,0
277,672,0.02589037026091293,0.0,0.0,0.0,0.5714285714285714,1.0,0.0,10,2,1,1,0
277,673,0.02535724939523819,0.0,0.0,0.6931471805599453,0.2727272727272727,0.0,1.0,0,2,1,0,0
277,674,0.03382046806719915,0.0,0.0,0.0,0.25,0.0,1.0,20,2,1,0,0
277,675,0.058738265177094025,0.0,0.0,0.0,0.4444444444444444,1.0,0.0,10,2,1,0,0
277,676,0.025158481236041873,0.0,0.0,0.0,0.5,0.0,0.0,20,2,2,0,0
277,677,0.09786735178164713,0.0,0.0,0.6931471805599453,0.5,0.0,0.0,10,2,0,2,0
277,678,0.024785449671575775,0.0,0.0,0.0,0.5,0.0,0.0,0,2,0,0,0
277,679,0.40896469866745605,0.6,0.7071067811865475,0.0,0.6666666666666666,0.0,0.0,50,2,1,3,1
277,680,0.04710579376741025,0.0,0.0,0.0,0.38461538461538464,0.0,1.0,10,2,2,1,0
277,681,0.0729343152142389,0.0,0.5,0.0,0.5,1.0,0.0,50,2,2,1,1
277,682,0.5210091256194173,0.6,0.7071067811865475,0.6931471805599453,0.625,0.0,0.0,50,2,1,3,1
278,623,0.24000480862075224,1.0,0.25,1.0986122886681098,0.7142857142857143,0.0,0.0,50,2,8,2,1
278,624,0.05873202924087296,0.0,0.0,0.0,0.2857142857142857,0.0,0.0,10,2,0,0,0
278,625,0.0005486581851953277,0.0,0.0,0.0,0.25,0.0,0.0,0,2,0,0,0
278,626,0.006785376116733344,0.0,0.0,0.0,0.4,0.0,1.0,0,2,1,0,0
278,627,0.020241556700548342,0.0,0.0,0.0,0.3333333333333333,0.0,1.0,0,2,1,0,0
278,628,0.0017359167431541735,0.0,0.0,0.0,0.6,0.0,0.0,0,2,1,0,0
278,629,0.12858997280011003,0.0,0.0,0.0,0.25,0.0,1.0,0,2,1,0,0
278,630,0.0,0.0,0.0,0.6931471805599453,0.46153846153846156,0.0,1.0,0,2,2,0,0
278,631,0.010670114255010334,0.0,0.0,0.0,0.3333333333333333,0.0,0.0,0,2,1,0,1
278,632,0.00642215244058267,0.0,0.0,0.0,0.36363636363636365,0.0,1.0,0,2,2,0,0
278,633,0.0006548419041483825,0.0,0.0,0.0,0.4,0.0,0.0,0,2,0,0,0
278,634,0.009783270128879319,0.0,0.0,0.0,0.42857142857142855,0.0,0.0,0,2,0,0,0
278,635,0.017073016991331003,0.0,0.0,0.6931471805599453,0.5,0.0,0.0,0,2,1,0,1
278,636,0.0061381304694639255,0.0,0.0,0.0,0.5454545454545454,1.0,0.0,0,2,2,0,0
278,637,0.012571810390112202,0.0,0.0,0.0,0.2,0.0,1.0,0,2,1,0,0
278,638,0.015186484574307761,0.0,0.0,0.0,0.5555555555555556,0.0,0.0,0,2,0,0,0
278,639,0.0,0.0,0.0,0.0,0.5,1.0,0.0,0,2,1,0,0
278,640,0.013098460565009353,0.0,0.0,0.6931471805599453,0.3333333333333333,0.0,0.0,0,2,2,0,0
278,641,0.47835513882875536,1.0,0.5,0.0,0.2222222222222222,0.0,1.0,50,2,2,3,1
278,642,0.0,0.0,0.0,0.0,0.5,0.0,0.0,0,2,2,1,0
278,643,0.05155242693911142,0.0,0.0,0.0,0.5714285714285714,0.0,1.0,0,2,1,0,0
278,644,0.0010660483293958196,0.0,0.0,0.6931471805599453,0.42857142857142855,0.0,0.0,0,2,1,0,0
278,645,0.005591085915041001,0.0,0.0,0.0,0.42857142857142855,1.0,0.0,0,2,0,0,0
278,646,0.0,0.0,0.0,0.0,0.625,0.0,0.0,0,2,1,0,1
278,647,0.0015089013658532912,0.0,0.0,0.0,0.6666666666666666,0.0,0.0,0,2,1,0,0
278,648,0.1721214543845882,0.75,0.8164965809277261,0.0,0.2857142857142857,0.0,1.0,100,2,3,2,0
278,649,0.0,0.0,0.0,0.0,0.5,0.0,0.0,0,2,1,0,0
278,650,0.002503345449699335,0.0,0.0,0.0,0.45454545454545453,1.0,0.0,0,2,2,0,0
278,651,0.004624316714282615,0.0,0.7071067811865475,0.0,0.375,1.0,0.0,50,2,1,0,1
278,652,0.0,0.0,0.0,0.0,0.3333333333333333,0.0,1.0,0,2,1,0,0
278,653,0.0008664009518384174,0.0,0.0,0.0,0.3333333333333333,0.0,0.0,0,2,1,1,1
278,654,0.015995194918575907,0.0,0.0,0.0,0.45454545454545453,0.0,0.0,0,2,2,0,0
278,655,0.03850898095976559,0.0,0.4082482904638631,0.6931471805599453,0.7,0.0,0.0,50,2,3,1,0
278,656,0.5683613906900673,1.0,0.5,0.0,0.16666666666666666,0.0,1.0,50,2,2,3,0
278,657,0.038015215501787755,0.0,0.4082482904638631,1.0986122886681098,0.7272727272727273,0.0,0.0,50,2,3,0,0
278,658,0.056693563321931796,0.0,0.5,0.0,0.45454545454545453,1.0,0.0,50,2,2,0,0
278,659,0.0,0.0,0.0,0.0,0.3076923076923077,0.0,1.0,0,2,0,0,0
278,660,0.05557244702425843,0.0,0.0,0.0,0.7,0.0,0.0,10,2,2,0,0
278,661,0.035289063044870214,0.0,0.0,0.0,0.25,0.0,1.0,10,2,2,0,0
278,662,0.00306944291530336,0.0,0.0,0.6931471805599453,0.7,0.0,0.0,0,2,2,0,0
278,663,0.009821293395376327,0.0,0.0,0.0,0.4444444444444444,1.0,0.0,0,2,2,0,0
278,664,0.012274550208737417,0.0,0.7071067811865475,0.6931471805599453,0.6,1.0,0.0,50,2,1,0,0
278,665,0.0,0.0,0.0,0.6931471805599453,0.6666666666666666,0.0,0.0,0,2,3,0,0
278,666,0.007414851887017684,0.0,0.0,0.0,0.4444444444444444,0.0,1.0,0,2,2,0,0
278,667,0.01601671984447036,0.0,0.0,0.6931471805599453,0.5833333333333334,0.0,0.0,0,2,2,0,0
278,668,0.13446299718298677,0.0,0.0,0.0,0.42857142857142855,0.0,0.0,10,2,2,0,0
278,669,0.04145229894558377,0.0,0.4082482904638631,0.6931471805599453,0.42857142857142855,0.0,0.0,50,2,3,2,1
278,670,0.001679481497364939,0.0,0.0,0.0,0.2857142857142857,0.0,1.0,0,2,1,1,0
278,671,0.0,0.0,0.0,0.6931471805599453,0.4444444444444444,0.0,0.0,0,2,1,0,0
278,672,0.04919759493748789,0.0,0.7071067811865475,0.0,0.5714285714285714,1.0,0.0,50,2,1,2,0
278,673,0.0019401492400526567,0.0,0.0,0.6931471805599453,0.2727272727272727,0.0,1.0,0,2,1,0,0
278,674,0.017820949098425444,0.0,0.0,0.0,0.25,0.0,1.0,0,2,1,0,0
278,675,0.019314241029893188,0.0,0.0,0.0,0.4444444444444444,1.0,0.0,0,2,1,0,0
278,676,0.007267826983107829,0.0,0.0,0.0,0.5,0.0,0.0,0,2,2,0,1
278,677,0.0,0.0,0.0,0.6931471805599453,0.5,0.0,0.0,0,2,0,0,0
278,678,0.002912492299445733,0.0,0.0,0.0,0.5,0.0,0.0,0,2,0,0,1
278,679,0.11838380232128494,0.0,0.0,0.0,0.6666666666666666,0.0,0.0,0,2,1,0,0
278,680,0.006893442665572638,0.0,0.0,0.0,0.38461538461538464,0.0,1.0,0,2,2,0,0
278,681,0.0,0.0,0.0,0.0,0.5,1.0,0.0,0,2,2,0,0
278,682,0.10914050065294653,0.0,0.0,0.6931471805599453,0.625,0.0,0.0,10,2,1,0,0
279,623,0.006042782392283601,0.0,0.0,1.0986122886681098,0.7142857142857143,0.0,0.0,10,1,8,0,0
279,624,0.032575966482296055,0.0,0.0,0.0,0.3333333333333333,0.0,0.0,0,1,0,2,1
279,625,0.0013980227912282,0.0,0.0,0.0,0.25,0.0,0.0,0,1,0,0,0
279,626,0.00445788311148612,0.0,0.0,0.0,0.4,0.0,1.0,0,1,1,0,0
279,627,0.025415372959790104,0.0,0.0,0.0,0.3333333333333333,0.0,1.0,10,1,1,0,0
279,628,0.010517111634742358,0.0,0.0,0.0,0.6,0.0,0.0,0,1,1,0,1
279,629,0.03513017976792451,0.0,1.0,0.0,0.25,0.0,1.0,100,1,1,2,0
279,630,0.010920435581453822,0.0,0.0,0.6931471805599453,0.46153846153846156,0.0,1.0,0,1,2,0,0
279,631,0.021282696274006967,0.0,0.0,0.0,0.3333333333333333,0.0,0.0,0,1,1,0,0
279,632,0.015218729374296166,0.0,0.0,0.0,0.36363636363636365,0.0,1.0,0,1,2,1,0
279,633,0.0019069992676666674,0.0,0.0,0.0,0.4,0.0,0.0,0,1,0,0,0
279,634,0.006186711062591209,0.0,0.0,0.0,0.42857142857142855,0.0,0.0,0,1,0,0,0
279,635,0.009952003876455291,0.0,0.0,0.6931471805599453,0.5,0.0,0.0,0,1,1,0,0
279,636,0.004899810008871805,0.0,0.0,0.0,0.5454545454545454,1.0,0.0,0,1,2,0,0
279,637,0.714581423928994,1.0,1.0,0.0,0.2222222222222222,0.0,1.0,100,1,1,3,0
279,638,0.007697598657291469,0.0,0.0,0.0,0.5555555555555556,0.0,0.0,0,1,0,0,0
279,639,0.0018541885763318298,0.0,0.0,0.0,0.5,1.0,0.0,0,1,1,0,0
279,640,0.008876134075503936,0.0,0.0,0.6931471805599453,0.3333333333333333,0.0,0.0,0,1,2,0,0
279,641,0.0076676311036061985,0.0,0.0,0.0,0.2,0.0,1.0,0,1,2,0,0
279,642,0.0129216052361899,0.0,0.0,0.0,0.6,0.0,0.0,0,1,2,0,0
279,643,0.03539230113405133,0.0,0.0,0.0,0.5714285714285714,0.0,1.0,10,1,1,0,0
279,644,0.009785011671524988,0.0,0.0,0.6931471805599453,0.42857142857142855,0.0,0.0,10,1,1,0,0
279,645,0.01291694347688382,0.0,0.0,0.0,0.42857142857142855,1.0,0.0,0,1,0,1,0
279,646,0.0011335696682063785,0.0,0.0,0.0,0.625,0.0,0.0,0,1,1,0,0
279,647,0.008810593788191112,0.0,0.0,0.0,0.6666666666666666,0.0,0.0,0,1,1,0,1
279,648,0.0027625559668856743,0.0,0.0,0.0,0.2857142857142857,0.0,1.0,0,1,3,0,0
279,649,0.0020666613621377534,0.0,0.0,0.0,0.5,0.0,0.0,0,1,1,0,0
279,650,0.005566302822282047,0.0,0.0,0.0,0.45454545454545453,1.0,0.0,0,1,2,1,0
279,651,0.06840755225668314,0.0,0.0,0.0,0.375,1.0,0.0,10,1,1,0,0
279,652,0.015443546611120464,0.0,0.0,0.0,0.3333333333333333,0.0,1.0,0,1,1,0,0
279,653,0.006352742653024442,0.0,0.0,0.0,0.3333333333333333,0.0,0.0,0,1,1,0,0
279,654,0.004774888386789362,0.0,0.0,0.0,0.45454545454545453,0.0,0.0,0,1,2,0,0
279,655,0.028279995428352737,0.0,0.0,0.6931471805599453,0.7,0.0,0.0,0,1,3,1,0
279,656,0.006247617686522468,0.0,0.0,0.0,0.16666666666666666,0.0,1.0,0,1,2,0,0
279,657,0.017069565967487484,0.0,0.5773502691896258,1.0986122886681098,0.75,0.0,0.0,100,1,3,2,0
279,658,0.03714868029787256,0.0,0.0,0.0,0.45454545454545453,1.0,0.0,0,1,2,0,0
279,659,0.0015844468587841918,0.0,0.0,0.0,0.2857142857142857,0.0,1.0,0,1,0,0,0
279,660,0.0131723425526463,0.0,0.0,0.0,0.7,0.0,0.0,0,1,2,0,0
279,661,0.008394513544606462,0.0,0.0,0.0,0.25,0.0,1.0,10,1,2,0,0
279,662,0.5867209495277274,1.0,0.7071067811865475,0.6931471805599453,0.6666666666666666,0.0,0.0,100,1,2,3,1
279,663,0.007022169574348108,0.0,0.0,0.0,0.4444444444444444,1.0,0.0,0,1,2,0,0
279,664,0.12291675419913752,0.0,0.0,0.6931471805599453,0.6,1.0,0.0,0,1,1,0,0
279,665,0.004121594051229794,0.0,0.0,0.6931471805599453,0.6666666666666666,0.0,0.0,0,1,3,0,1
279,666,0.013708870080385512,0.0,0.0,0.0,0.4444444444444444,0.0,1.0,0,1,2,0,0
279,667,0.0020323074536513063,0.0,0.0,0.6931471805599453,0.5833333333333334,0.0,0.0,0,1,2,0,0
279,668,0.013537473607733982,0.0,0.0,0.0,0.42857142857142855,0.0,0.0,0,1,2,0,0
279,669,0.004096779522313925,0.0,0.0,0.6931471805599453,0.42857142857142855,0.0,0.0,0,1,3,0,1
279,670,0.001834054154646012,0.0,0.0,0.0,0.2857142857142857,0.0,1.0,0,1,1,0,0
279,671,0.016571822247578184,0.0,0.0,0.6931471805599453,0.4444444444444444,0.0,0.0,0,1,1,0,0
279,672,0.002939058740331813,0.0,0.0,0.0,0.5714285714285714,1.0,0.0,0,1,1,0,0
279,673,0.016634211848934686,0.0,0.0,0.6931471805599453,0.2727272727272727,0.0,1.0,0,1,1,0,0
279,674,0.014566223572200434,0.0,0.0,0.0,0.25,0.0,1.0,0,1,1,0,0
279,675,0.0408748048613822,0.0,0.0,0.0,0.4444444444444444,1.0,0.0,10,1,1,1,0
279,676,0.02599187254593891,0.0,0.0,0.0,0.5,0.0,0.0,10,1,2,0,0
279,677,0.010313591422853322,0.0,0.0,0.6931471805599453,0.5,0.0,0.0,0,1,0,0,0
279,678,0.0037142802959543174,0.0,0.0,0.0,0.5,0.0,0.0,0,1,0,0,0
279,679,0.011484511570810492,0.0,0.0,0.0,0.6666666666666666,0.0,0.0,0,1,1,0,0
279,680,0.02207010988362863,0.0,0.0,0.0,0.38461538461538464,0.0,1.0,10,1,2,0,0
279,681,0.002983786555451151,0.0,0.0,0.0,0.5,1.0,0.0,0,1,2,0,0
279,682,0.006306104895175885,0.0,0.0,0.6931471805599453,0.5714285714285714,0.0,0.0,0,1,1,0,0
280,623,0.020591049116834542,0.0,0.35355339059327373,1.0986122886681098,0.7142857142857143,0.0,0.0,100,1,8,1,0
280,624,0.0,0.0,0.0,0.0,0.2857142857142857,0.0,0.0,0,1,0,0,0
280,625,0.0007923865836672129,0.0,0.0,0.0,0.25,0.0,0.0,0,1,0,0,0
280,626,0.0,0.0,0.0,0.0,0.4,0.0,1.0,0,1,1,0,0
280,627,0.0,0.0,0.0,0.0,0.3333333333333333,0.0,1.0,0,1,1,0,0
280,628,0.009995538248977889,0.0,0.0,0.0,0.6,0.0,0.0,0,1,1,0,0
280,629,0.0,0.0,0.0,0.0,0.25,0.0,1.0,0,1,1,0,0
280,630,0.019460214814232442,0.0,0.0,0.6931471805599453,0.46153846153846156,0.0,1.0,0,1,2,0,0
280,631,0.021253244333685726,0.0,0.0,0.0,0.3333333333333333,0.0,0.0,0,1,1,0,0
280,632,0.012009260462737953,0.0,0.0,0.0,0.36363636363636365,0.0,1.0,0,1,2,0,0
280,633,0.07738954700456303,0.0,0.0,0.0,0.4,0.0,0.0,0,1,0,0,0
280,634,0.007821961677396929,0.0,0.0,0.0,0.42857142857142855,0.0,0.0,0,1,0,0,0
280,635,0.009706321534898596,0.0,0.0,0.6931471805599453,0.5,0.0,0.0,0,1,1,0,1
280,636,0.41376810952365606,1.0,0.7071067811865475,0.0,0.5,1.0,0.0,100,1,2,3,1
280,637,0.0402494803650007,0.0,0.0,0.0,0.2,0.0,1.0,0,1,1,0,0
280,638,0.0024739383428043138,0.0,0.0,0.0,0.5555555555555556,0.0,0.0,0,1,0,0,0
280,639,0.001839126312864191,0.0,0.0,0.0,0.5,1.0,0.0,0,1,1,0,0
280,640,0.009070815777002805,0.0,0.0,0.6931471805599453,0.3333333333333333,0.0,0.0,0,1,2,0,0
280,641,0.007825703582966931,0.0,0.0,0.0,0.2,0.0,1.0,0,1,2,0,0
280,642,0.007203878994670006,0.0,0.0,0.0,0.6,0.0,0.0,0,1,2,0,0
280,643,0.061388087419885794,0.0,1.0,0.0,0.5714285714285714,0.0,1.0,100,1,1,2,1
280,644,0.004981067071264789,0.0,0.0,0.6931471805599453,0.42857142857142855,0.0,0.0,0,1,1,0,0
280,645,0.013535614917383686,0.0,0.0,0.0,0.42857142857142855,1.0,0.0,0,1,0,0,0
280,646,0.024057141388741175,0.0,0.0,0.0,0.625,0.0,0.0,0,1,1,0,0
280,647,0.0345531898728666,0.0,0.0,0.0,0.6666666666666666,0.0,0.0,0,1,1,1,0
280,648,0.03428370031911415,0.0,0.0,0.0,0.2857142857142857,0.0,1.0,0,1,3,0,0
280,649,0.00307486236849649,0.0,0.0,0.0,0.5,0.0,0.0,0,1,1,0,0
280,650,0.00655201877247911,0.0,0.0,0.0,0.4,1.0,0.0,0,1,2,0,0
280,651,0.006349959065422269,0.0,0.0,0.0,0.375,1.0,0.0,0,1,1,0,0
280,652,0.04608436051746567,0.0,0.0,0.0,0.4,0.0,1.0,0,1,1,0,0
280,653,0.02917669279606333,0.0,0.0,0.0,0.3333333333333333,0.0,0.0,0,1,1,0,0
280,654,0.03945812787791018,0.0,0.0,0.0,0.45454545454545453,0.0,0.0,0,1,2,0,0
280,655,0.04941417234908224,0.0,0.0,0.6931471805599453,0.7,0.0,0.0,0,1,3,0,0
280,656,0.008503271000700287,0.0,0.0,0.0,0.16666666666666666,0.0,1.0,0,1,2,0,0
280,657,0.0,0.0,0.0,1.0986122886681098,0.75,0.0,0.0,0,1,3,0,0
280,658,0.05873453489767084,0.0,0.7071067811865475,0.0,0.45454545454545453,1.0,0.0,100,1,2,2,0
280,659,0.003143288234059994,0.0,0.0,0.0,0.2857142857142857,0.0,1.0,0,1,0,0,0
280,660,0.012277476940733377,0.0,0.0,0.0,0.7,0.0,0.0,0,1,2,0,0
280,661,0.034766996889415834,0.0,0.7071067811865475,0.0,0.25,0.0,1.0,100,1,2,1,0
280,662,0.21307595809195173,1.0,0.7071067811865475,0.6931471805599453,0.7,0.0,0.0,100,1,2,2,1
280,663,0.008533721714957258,0.0,0.0,0.0,0.4444444444444444,1.0,0.0,0,1,2,0,0
280,664,0.003744450839743049,0.0,0.0,0.6931471805599453,0.6,1.0,0.0,0,1,1,0,0
280,665,0.012954608981210272,0.0,0.0,0.6931471805599453,0.6666666666666666,0.0,0.0,0,1,3,1,0
280,666,0.41195071852694043,1.0,0.7071067811865475,0.0,0.4444444444444444,0.0,1.0,100,1,2,3,1
280,667,0.033734061763875015,0.0,0.0,0.6931471805599453,0.5833333333333334,0.0,0.0,0,1,2,0,0
280,668,0.013296988529743554,0.0,0.0,0.0,0.42857142857142855,0.0,0.0,0,1,2,0,0
280,669,0.006169043717707775,0.0,0.0,0.6931471805599453,0.42857142857142855,0.0,0.0,0,1,3,0,0
280,670,0.008474496740737334,0.0,1.0,0.0,0.2857142857142857,0.0,1.0,100,1,1,0,0
280,671,0.42444785145489144,1.0,1.0,0.6931471805599453,0.4444444444444444,0.0,0.0,100,1,1,3,0
280,672,0.007350173168212069,0.0,0.0,0.0,0.5714285714285714,1.0,0.0,0,1,1,0,0
280,673,0.010404846756617842,0.0,0.0,0.6931471805599453,0.2727272727272727,0.0,1.0,0,1,1,0,0
280,674,0.011873542002372377,0.0,0.0,0.0,0.25,0.0,1.0,0,1,1,0,0
280,675,0.02340444585251337,0.0,0.0,0.0,0.4444444444444444,1.0,0.0,0,1,1,0,0
280,676,0.015266275345488408,0.0,0.0,0.0,0.5,0.0,0.0,0,1,2,0,1
280,677,0.01928595866589435,0.0,0.0,0.6931471805599453,0.5,0.0,0.0,0,1,0,1,0
280,678,0.004609894656074189,0.0,0.0,0.0,0.5,0.0,0.0,0,1,0,0,0
280,679,0.009115222150465131,0.0,0.0,0.0,0.6666666666666666,0.0,0.0,0,1,1,0,0
280,680,0.02254861507543574,0.0,0.0,0.0,0.38461538461538464,0.0,1.0,0,1,2,0,0
280,681,0.013323628548500265,0.0,0.0,0.0,0.5,1.0,0.0,0,1,2,1,1
280,682,0.010949644648534713,0.0,0.0,0.6931471805599453,0.625,0.0,0.0,0,1,1,0,0
281,623,0.04202249357826807,0.0,0.4082482904638631,1.0986122886681098,0.7142857142857143,0.0,0.0,67,3,8,1,0
281,624,0.0056195939706150935,0.0,0.0,0.0,0.2857142857142857,0.0,0.0,10,3,0,0,0
281,625,0.008952622525199167,0.0,0.0,0.0,0.25,0.0,0.0,0,3,0,0,0
281,626,0.014126689716757148,0.0,0.0,0.0,0.4,0.0,1.0,0,3,1,0,0
281,627,0.22386541649945993,0.6,0.5773502691896258,0.0,0.25,0.0,1.0,33,3,1,3,0
281,628,0.01104012210940268,0.0,0.0,0.0,0.6,0.0,0.0,0,3,1,0,0
281,629,0.003574326243024133,0.0,0.0,0.0,0.25,0.0,1.0,10,3,1,0,0
281,630,0.03158228987591568,0.0,0.4082482904638631,0.6931471805599453,0.46153846153846156,0.0,1.0,33,3,2,2,1
281,631,0.008855180669755158,0.0,0.0,0.0,0.3333333333333333,0.0,0.0,0,3,1,0,0
281,632,0.030102633555276877,0.0,0.0,0.0,0.36363636363636365,0.0,1.0,0,3,2,0,0
281,633,0.0030963741857244873,0.0,0.0,0.0,0.4,0.0,0.0,0,3,0,0,0
281,634,0.00850250281456231,0.0,0.0,0.0,0.42857142857142855,0.0,0.0,0,3,0,0,0
281,635,0.015340668115956649,0.0,0.0,0.6931471805599453,0.5,0.0,0.0,0,3,1,0,0
281,636,0.01923789761779314,0.0,0.0,0.0,0.5454545454545454,1.0,0.0,0,3,2,0,0
281,637,0.03273905304345786,0.0,0.0,0.0,0.2,0.0,1.0,0,3,1,0,0
281,638,0.00788157274334788,0.0,0.0,0.0,0.5555555555555556,0.0,0.0,0,3,0,0,0
281,639,0.028406255703373087,0.0,0.0,0.0,0.5,1.0,0.0,0,3,1,0,0
281,640,0.012682940759742207,0.0,0.0,0.6931471805599453,0.3333333333333333,0.0,0.0,0,3,2,0,0
281,641,0.037088235800837054,0.0,0.4082482904638631,0.0,0.2,0.0,1.0,33,3,2,2,0
281,642,0.01732026629649845,0.4,0.8164965809277261,0.0,0.6,0.0,0.0,67,3,2,2,0
281,643,0.04535458988138409,0.0,0.0,0.0,0.5714285714285714,0.0,1.0,0,3,1,0,0
281,644,0.003676610830704143,0.0,0.0,0.6931471805599453,0.42857142857142855,0.0,0.0,0,3,1,0,0
281,645,0.025792879844957817,0.0,0.0,0.0,0.42857142857142855,1.0,0.0,0,3,0,0,0
281,646,0.013504435606454986,0.0,0.0,0.0,0.625,0.0,0.0,0,3,1,0,0
281,647,0.012830722513751988,0.0,0.0,0.0,0.6666666666666666,0.0,0.0,0,3,1,0,0
281,648,0.03185100332002336,0.0,0.3333333333333333,0.0,0.2857142857142857,0.0,1.0,33,3,3,1,0
281,649,0.01888082088961005,0.0,0.0,0.0,0.5,0.0,0.0,0,3,1,0,0
281,650,0.016762746410577258,0.0,0.0,0.0,0.45454545454545453,1.0,0.0,10,3,2,0,0
281,651,0.008421730005933596,0.0,0.0,0.0,0.375,1.0,0.0,10,3,1,0,0
281,652,0.03527320559672932,0.0,0.5773502691896258,0.0,0.3333333333333333,0.0,1.0,33,3,1,2,0
281,653,0.015613111472235548,0.0,0.5773502691896258,0.0,0.3333333333333333,0.0,0.0,33,3,1,1,0
281,654,0.011550131664011379,0.0,0.0,0.0,0.45454545454545453,0.0,0.0,10,3,2,0,0
281,655,0.06499832083131246,0.2,0.3333333333333333,0.6931471805599453,0.7,0.0,0.0,33,3,3,2,0
281,656,0.038967564573910186,0.0,0.4082482904638631,0.0,0.18181818181818182,0.0,1.0,33,3,2,2,0
281,657,0.008834336191017339,0.0,0.3333333333333333,1.0986122886681098,0.75,0.0,0.0,33,3,3,0,0
281,658,0.061725816599950356,0.0,0.4082482904638631,0.0,0.45454545454545453,1.0,0.0,33,3,2,0,0
281,659,0.02206706638009621,0.0,0.0,0.0,0.2857142857142857,0.0,1.0,0,3,0,0,0
281,660,0.041432822845241024,0.0,0.0,0.0,0.7,0.0,0.0,0,3,2,0,0
281,661,0.02124313912375051,0.0,0.0,0.0,0.25,0.0,1.0,0,3,2,0,0
281,662,0.027527012234873173,0.0,0.0,0.6931471805599453,0.7,0.0,0.0,10,3,2,0,0
281,663,0.013750263273321977,0.0,0.0,0.0,0.4444444444444444,1.0,0.0,0,3,2,1,0
281,664,0.025605617198671715,0.0,0.0,0.6931471805599453,0.6,1.0,0.0,0,3,1,0,0
281,665,0.016360303317499787,0.0,0.0,0.6931471805599453,0.6666666666666666,0.0,0.0,0,3,3,1,0
281,666,0.027588234654231963,0.0,0.0,0.0,0.4444444444444444,0.0,1.0,0,3,2,0,0
281,667,0.006933513733116067,0.0,0.0,0.6931471805599453,0.5833333333333334,0.0,0.0,0,3,2,0,0
281,668,0.056155139755066655,0.0,0.0,0.0,0.42857142857142855,0.0,0.0,0,3,2,0,0
281,669,0.33926676579156007,0.4,0.3333333333333333,0.6931471805599453,0.42857142857142855,0.0,0.0,33,3,3,3,0
281,670,0.0057787866448201185,0.0,0.0,0.0,0.2857142857142857,0.0,1.0,0,3,1,1,0
281,671,0.018813280789908796,0.0,0.0,0.6931471805599453,0.4444444444444444,0.0,0.0,0,3,1,0,0
281,672,0.435852230921137,0.4,0.5773502691896258,0.0,0.5714285714285714,1.0,0.0,33,3,1,3,1
281,673,0.006884676367463338,0.0,0.0,0.6931471805599453,0.3,0.0,1.0,0,3,1,0,0
281,674,0.012288900226773605,0.0,0.0,0.0,0.25,0.0,1.0,0,3,1,0,0
281,675,0.18877828465237045,0.6,0.0,0.0,0.4444444444444444,1.0,0.0,35,3,1,3,1
281,676,0.01871176762648257,0.2,0.4082482904638631,0.0,0.5,0.0,0.0,33,3,2,3,1
281,677,0.023600655416247274,0.0,0.0,0.6931471805599453,0.5,0.0,0.0,10,3,0,0,1
281,678,0.00932058058417192,0.0,0.0,0.0,0.5,0.0,0.0,0,3,0,1,0
281,679,0.04523518628301638,0.0,0.0,0.0,0.6666666666666666,0.0,0.0,0,3,1,0,0
281,680,0.22232096847377272,0.6,0.4082482904638631,0.0,0.38461538461538464,0.0,1.0,33,3,2,3,0
281,681,0.026595328345998356,0.0,0.0,0.0,0.5384615384615384,1.0,0.0,0,3,2,0,0
281,682,0.040248035843373844,0.0,0.0,0.6931471805599453,0.625,0.0,0.0,0,3,1,0,0
282,623,0.1059186915320832,0.2,0.25,1.0986122886681098,0.7142857142857143,0.0,0.0,50,2,8,2,1
282,624,0.022160422487753347,0.0,0.0,0.0,0.2857142857142857,0.0,0.0,0,2,0,0,0
282,625,0.012812608781142378,0.0,0.0,0.0,0.25,0.0,0.0,0,2,0,0,0
282,626,0.05585556980059853,0.0,0.0,0.0,0.4,0.0,1.0,10,2,1,0,0
282,627,0.06495733995019806,0.0,0.0,0.0,0.3333333333333333,0.0,1.0,10,2,1,1,0
282,628,0.006907485692058327,0.0,0.0,0.0,0.6,0.0,0.0,0,2,1,0,0
282,629,0.007737078170792419,0.0,0.0,0.0,0.25,0.0,1.0,0,2,1,0,0
282,630,0.0344317202651588,0.0,0.0,0.6931471805599453,0.46153846153846156,0.0,1.0,0,2,2,1,0
282,631,0.007859674483917459,0.0,0.0,0.0,0.36363636363636365,0.0,0.0,0,2,1,0,0
282,632,0.037436500196409664,0.0,0.0,0.0,0.36363636363636365,0.0,1.0,0,2,2,0,0
282,633,0.02921032958640812,0.0,0.0,0.0,0.4,0.0,0.0,0,2,0,0,0
282,634,0.01812590811200536,0.0,0.0,0.0,0.42857142857142855,0.0,0.0,0,2,0,0,1
282,635,0.02449317917972307,0.0,0.0,0.6931471805599453,0.5,0.0,0.0,0,2,1,0,0
282,636,0.013083902150888466,0.0,0.0,0.0,0.5454545454545454,1.0,0.0,0,2,2,1,0
282,637,0.026555408329234746,0.0,0.0,0.0,0.2,0.0,1.0,0,2,1,0,0
282,638,0.008725886483957761,0.0,0.0,0.0,0.5555555555555556,0.0,0.0,0,2,0,0,0
282,639,0.01757235447252461,0.0,0.0,0.0,0.5,1.0,0.0,0,2,1,0,0
282,640,0.028765212219688453,0.0,0.0,0.6931471805599453,0.3333333333333333,0.0,0.0,0,2,2,0,0
282,641,0.028910162342122993,0.0,0.0,0.0,0.2222222222222222,0.0,1.0,0,2,2,0,0
282,642,0.019951099802765333,0.0,0.0,0.0,0.6,0.0,0.0,0,2,2,1,0
282,643,0.0453309511973121,0.0,0.0,0.0,0.5714285714285714,0.0,1.0,0,2,1,1,0
282,644,0.00528818767910205,0.0,0.0,0.6931471805599453,0.42857142857142855,0.0,0.0,0,2,1,0,0
282,645,0.02480598814251446,0.0,0.0,0.0,0.42857142857142855,1.0,0.0,0,2,0,0,0
282,646,0.00203773544204674,0.0,0.0,0.0,0.625,0.0,0.0,0,2,1,0,0
282,647,0.019835185437659136,0.0,0.0,0.0,0.6666666666666666,0.0,0.0,0,2,1,2,1
282,648,0.020447078322360847,0.0,0.0,0.0,0.2857142857142857,0.0,1.0,30,2,3,0,0
282,649,0.022046089142362425,0.0,0.0,0.0,0.5,0.0,0.0,0,2,1,0,0
282,650,0.022049920547402777,0.0,0.0,0.0,0.45454545454545453,1.0,0.0,0,2,2,0,0
282,651,0.0046794375210672725,0.0,0.0,0.0,0.375,1.0,0.0,10,2,1,0,0
282,652,0.028387059447953923,0.0,0.0,0.0,0.3333333333333333,0.0,1.0,0,2,1,1,0
282,653,0.006282389880866527,0.0,0.0,0.0,0.3333333333333333,0.0,0.0,0,2,1,0,0
282,654,0.025217189176315317,0.0,0.0,0.0,0.45454545454545453,0.0,0.0,0,2,2,0,0
282,655,0.0208452877927909,0.0,0.0,0.6931471805599453,0.7,0.0,0.0,0,2,3,0,0
282,656,0.009735815759067436,0.0,0.0,0.0,0.16666666666666666,0.0,1.0,0,2,2,0,0
282,657,0.01542297403989685,0.0,0.0,1.0986122886681098,0.75,0.0,0.0,0,2,3,0,0
282,658,0.06543010682638217,0.0,0.0,0.0,0.45454545454545453,1.0,0.0,0,2,2,1,0
282,659,0.010371407936453112,0.0,0.0,0.0,0.2857142857142857,0.0,1.0,0,2,0,0,0
282,660,0.041950702287132866,0.0,0.0,0.0,0.7,0.0,0.0,0,2,2,0,1
282,661,0.02693294693002944,0.0,0.0,0.0,0.25,0.0,1.0,0,2,2,1,0
282,662,0.012978415716116132,0.0,0.0,0.6931471805599453,0.7,0.0,0.0,10,2,2,1,1
282,663,0.3627935683896347,0.6,0.5,0.0,0.4444444444444444,1.0,0.0,50,2,2,3,0
282,664,0.008758065196221496,0.0,0.0,0.6931471805599453,0.6,1.0,0.0,0,2,1,0,0
282,665,0.3643584534574954,1.0,0.8164965809277261,0.6931471805599453,0.6666666666666666,0.0,0.0,100,2,3,3,1
282,666,0.0117078222087877,0.0,0.0,0.0,0.4444444444444444,0.0,1.0,0,2,2,1,0
282,667,0.0036533307511603776,0.0,0.0,0.6931471805599453,0.5833333333333334,0.0,0.0,0,2,2,0,0
282,668,0.05078720217376553,0.0,0.0,0.0,0.42857142857142855,0.0,0.0,0,2,2,0,0
282,669,0.0148523578612817,0.0,0.0,0.6931471805599453,0.42857142857142855,0.0,0.0,0,2,3,0,0
282,670,0.0032969452680122633,0.0,0.0,0.0,0.2857142857142857,0.0,1.0,0,2,1,0,0
282,671,0.0046865409298981215,0.0,0.0,0.6931471805599453,0.4444444444444444,0.0,0.0,0,2,1,1,0
282,672,0.007533076565585179,0.0,0.0,0.0,0.5714285714285714,1.0,0.0,0,2,1,0,0
282,673,0.00750870074047351,0.0,0.0,0.6931471805599453,0.2727272727272727,0.0,1.0,0,2,1,0,0
282,674,0.010303617008627731,0.0,0.0,0.0,0.25,0.0,1.0,0,2,1,0,0
282,675,0.07225969116839945,0.0,0.0,0.0,0.4444444444444444,1.0,0.0,10,2,1,1,0
282,676,0.011921799761480114,0.0,0.0,0.0,0.5,0.0,0.0,10,2,2,1,0
282,677,0.3267128584343296,0.4,0.0,0.6931471805599453,0.5,0.0,0.0,20,2,0,3,1
282,678,0.30614292129166826,0.6,0.0,0.0,0.5,0.0,0.0,35,2,0,3,1
282,679,0.04404179357680752,0.0,0.0,0.0,0.6666666666666666,0.0,0.0,0,2,1,0,0
282,680,0.05620152543638098,0.0,0.0,0.0,0.4166666666666667,0.0,1.0,10,2,2,1,0
282,681,0.3250415637441755,0.4,0.5,0.0,0.5,1.0,0.0,50,2,2,2,0
282,682,0.028628797384372413,0.0,0.0,0.6931471805599453,0.625,0.0,0.0,0,2,1,0,0
283,623,0.1633220031561481,1.0,0.0,1.0986122886681098,0.7142857142857143,0.0,0.0,35,1,8,2,0
283,624,0.005727615915093898,0.0,0.0,0.0,0.2857142857142857,0.0,0.0,10,1,0,0,0
283,625,0.07373948073036984,0.0,0.0,0.0,0.25,0.0,0.0,0,1,0,0,0
283,626,0.09745849364977041,0.0,0.0,0.0,0.4,0.0,1.0,0,1,1,2,0
283,627,0.018592708581674906,0.0,0.0,0.0,0.3333333333333333,0.0,1.0,0,1,1,0,0
283,628,0.03636349562701485,0.0,0.0,0.0,0.6,0.0,0.0,20,1,1,1,0
283,629,0.006245843703705706,0.0,0.0,0.0,0.25,0.0,1.0,10,1,1,0,0
283,630,0.042123687282128376,0.0,0.0,0.6931471805599453,0.46153846153846156,0.0,1.0,20,1,2,0,0
283,631,0.03412605941405141,0.0,0.0,0.0,0.3333333333333333,0.0,0.0,0,1,1,1,0
283,632,0.015067331494817118,0.0,0.0,0.0,0.36363636363636365,0.0,1.0,0,1,2,0,0
283,633,0.01960422389819315,0.0,0.0,0.0,0.4,0.0,0.0,0,1,0,0,0
283,634,0.0718716777000431,0.0,0.0,0.0,0.42857142857142855,0.0,0.0,10,1,0,0,0
283,635,0.0431410354244008,0.0,0.0,0.6931471805599453,0.5,0.0,0.0,10,1,1,0,0
283,636,0.02374128779124895,0.0,0.0,0.0,0.5454545454545454,1.0,0.0,20,1,2,0,0
283,637,0.026059357105962508,0.0,0.0,0.0,0.2,0.0,1.0,0,1,1,0,0
283,638,0.06593782692195865,0.0,0.0,0.0,0.5555555555555556,0.0,0.0,10,1,0,0,0
283,639,0.0047020902373455095,0.0,0.0,0.0,0.5,1.0,0.0,0,1,1,0,0
283,640,0.4659146663151099,1.0,0.0,0.6931471805599453,0.3333333333333333,0.0,0.0,35,1,2,3,1
283,641,0.05745631506110536,0.0,0.0,0.0,0.2,0.0,1.0,30,1,2,2,1
283,642,0.011786984397627856,0.0,0.0,0.0,0.6,0.0,0.0,0,1,2,0,0
283,643,0.034725047264433456,0.0,0.0,0.0,0.5714285714285714,0.0,1.0,0,1,1,0,0
283,644,0.010344140586298657,0.0,0.0,0.6931471805599453,0.42857142857142855,0.0,0.0,20,1,1,1,0
283,645,0.014445302620663625,0.0,0.0,0.0,0.42857142857142855,1.0,0.0,0,1,0,0,1
283,646,0.024484642276726153,0.0,0.0,0.0,0.625,0.0,0.0,0,1,1,0,0
283,647,0.005855912361802246,0.0,0.0,0.0,0.6666666666666666,0.0,0.0,10,1,1,0,0
283,648,0.023146159791005698,0.0,0.0,0.0,0.2857142857142857,0.0,1.0,10,1,3,2,0
283,649,0.003930533617251998,0.0,0.0,0.0,0.5,0.0,0.0,0,1,1,0,0
283,650,0.009235156092179491,0.0,0.0,0.0,0.45454545454545453,1.0,0.0,0,1,2,0,0
283,651,0.013447730047793854,0.0,0.0,0.0,0.375,1.0,0.0,0,1,1,0,0
283,652,0.08167351533918601,0.0,0.0,0.0,0.3333333333333333,0.0,1.0,20,1,1,0,0
283,653,0.03337527886886116,0.0,0.0,0.0,0.3333333333333333,0.0,0.0,0,1,1,0,0
283,654,0.003690887912469147,0.0,0.0,0.0,0.45454545454545453,0.0,0.0,0,1,2,2,1
283,655,0.024128543306283397,0.0,0.0,0.6931471805599453,0.7,0.0,0.0,10,1,3,0,0
283,656,0.017282136335667685,0.0,0.0,0.0,0.16666666666666666,0.0,1.0,0,1,2,0,0
283,657,0.028475338990650377,0.0,0.0,1.0986122886681098,0.75,0.0,0.0,10,1,3,0,0
283,658,0.0335919966748067,0.0,0.0,0.0,0.45454545454545453,1.0,0.0,10,1,2,0,0
283,659,0.004018003684572568,0.0,0.0,0.0,0.2857142857142857,0.0,1.0,0,1,0,0,0
283,660,0.03787428157751444,0.0,0.0,0.0,0.7,0.0,0.0,10,1,2,0,0
283,661,0.003533741848253312,0.0,0.0,0.0,0.25,0.0,1.0,0,1,2,2,0
283,662,0.010456933750639448,0.0,0.0,0.6931471805599453,0.7,0.0,0.0,0,1,2,0,0
283,663,0.014481125081202162,0.0,0.0,0.0,0.4444444444444444,1.0,0.0,10,1,2,0,0
283,664,0.024594875517688877,0.0,0.0,0.6931471805599453,0.6,1.0,0.0,0,1,1,0,0
283,665,0.0008325378154059168,0.0,0.5773502691896258,0.6931471805599453,0.6666666666666666,0.0,0.0,100,1,3,0,1
283,666,0.01213740275838219,0.0,0.0,0.0,0.4444444444444444,0.0,1.0,0,1,2,1,0
283,667,0.002463610266149098,0.0,0.0,0.6931471805599453,0.5833333333333334,0.0,0.0,0,1,2,1,0
283,668,0.0282277591172828,0.0,0.0,0.0,0.42857142857142855,0.0,0.0,10,1,2,0,0
283,669,0.028151196573694172,0.0,0.0,0.6931471805599453,0.42857142857142855,0.0,0.0,10,1,3,0,0
283,670,0.02256319233503605,0.0,0.0,0.0,0.2857142857142857,0.0,1.0,0,1,1,0,0
283,671,0.01360090971673988,0.0,0.0,0.6931471805599453,0.4444444444444444,0.0,0.0,0,1,1,0,0
283,672,0.01689815492227285,0.0,0.0,0.0,0.5714285714285714,1.0,0.0,10,1,1,0,0
283,673,0.02583887351570231,0.0,0.0,0.6931471805599453,0.2727272727272727,0.0,1.0,0,1,1,1,0
283,674,0.01468198528683972,0.0,0.0,0.0,0.25,0.0,1.0,0,1,1,1,0
283,675,0.020026313058490626,0.0,0.0,0.0,0.4444444444444444,1.0,0.0,0,1,1,0,0
283,676,0.026682542431337886,0.0,0.0,0.0,0.5,0.0,0.0,10,1,2,1,0
283,677,0.020117439385997603,0.0,0.0,0.6931471805599453,0.5,0.0,0.0,0,1,0,0,0
283,678,0.02784957221443011,0.0,0.0,0.0,0.5,0.0,0.0,10,1,0,0,0
283,679,0.04655268749478519,0.0,0.0,0.0,0.6666666666666666,0.0,0.0,10,1,1,0,0
283,680,0.012401220284018737,0.0,0.0,0.0,0.38461538461538464,0.0,1.0,0,1,2,0,0
283,681,0.004231915971730811,0.0,0.7071067811865475,0.0,0.5,1.0,0.0,100,1,2,0,0
283,682,0.026283977841593028,0.0,0.0,0.6931471805599453,0.625,0.0,0.0,10,1,1,0,0
284,623,0.16801960098466076,0.75,0.35355339059327373,1.0986122886681098,0.7142857142857143,0.0,0.0,100,1,8,2,0
284,624,0.011344196652970585,0.0,0.0,0.0,0.2857142857142857,0.0,0.0,0,1,0,0,0
284,625,0.0,0.0,0.0,0.0,0.25,0.0,0.0,0,1,0,0,0
284,626,0.07293607997114786,0.0,0.0,0.0,0.4,0.0,1.0,0,1,1,0,0
284,627,0.004957226784270499,0.0,0.0,0.0,0.3333333333333333,0.0,1.0,0,1,1,0,0
284,628,0.0,0.0,0.0,0.0,0.6,0.0,0.0,0,1,1,0,0
284,629,0.01237081618483619,0.0,0.0,0.0,0.25,0.0,1.0,0,1,1,0,0
284,630,0.030904209177394636,0.0,0.0,0.6931471805599453,0.46153846153846156,0.0,1.0,0,1,2,0,0
284,631,0.022548285968498494,0.0,0.0,0.0,0.3333333333333333,0.0,0.0,0,1,1,0,0
284,632,0.04602839149576547,0.0,0.0,0.0,0.36363636363636365,0.0,1.0,10,1,2,0,0
284,633,0.00884958255252911,0.0,0.0,0.0,0.4,0.0,0.0,10,1,0,0,0
284,634,0.005082567077246246,0.0,0.0,0.0,0.42857142857142855,0.0,0.0,0,1,0,0,1
284,635,0.009624880919827876,0.0,0.0,0.6931471805599453,0.5,0.0,0.0,10,1,1,0,0
284,636,0.018742547041634486,0.0,0.0,0.0,0.5454545454545454,1.0,0.0,0,1,2,0,0
284,637,0.014660711464047784,0.0,0.0,0.0,0.2,0.0,1.0,0,1,1,0,0
284,638,0.0,0.0,0.0,0.0,0.5555555555555556,0.0,0.0,0,1,0,0,0
284,639,0.014422423325142876,0.0,0.0,0.0,0.5,1.0,0.0,0,1,1,0,0
284,640,0.028273663195662144,0.0,0.0,0.6931471805599453,0.3333333333333333,0.0,0.0,0,1,2,0,0
284,641,0.038586121832772706,0.0,0.0,0.0,0.2,0.0,1.0,10,1,2,1,0
284,642,0.04762869755781253,0.0,0.7071067811865475,0.0,0.6,0.0,0.0,100,1,2,2,0
284,643,0.00679242528907505,0.0,0.0,0.0,0.5714285714285714,0.0,1.0,0,1,1,0,0
284,644,0.0,0.0,0.0,0.6931471805599453,0.42857142857142855,0.0,0.0,0,1,1,0,0
284,645,0.03767162222528661,0.0,0.0,0.0,0.42857142857142855,1.0,0.0,10,1,0,0,0
284,646,0.023363757490697804,0.0,0.0,0.0,0.625,0.0,0.0,10,1,1,0,0
284,647,0.0027149656269616256,0.0,0.0,0.0,0.6666666666666666,0.0,0.0,0,1,1,0,0
284,648,0.006240662725790728,0.0,0.0,0.0,0.2857142857142857,0.0,1.0,10,1,3,1,0
284,649,0.01459408970258037,0.0,0.0,0.0,0.5,0.0,0.0,0,1,1,0,0
284,650,0.01925864062579523,0.0,0.0,0.0,0.45454545454545453,1.0,0.0,10,1,2,0,0
284,651,0.0,0.0,0.0,0.0,0.375,1.0,0.0,0,1,1,0,0
284,652,0.0170001312294018,0.0,0.0,0.0,0.3333333333333333,0.0,1.0,0,1,1,0,0
284,653,0.3416500647923237,1.0,1.0,0.0,0.3333333333333333,0.0,0.0,100,1,1,2,1
284,654,0.017020601897807793,0.0,0.0,0.0,0.45454545454545453,0.0,0.0,10,1,2,0,0
284,655,0.03479696778370172,0.0,0.0,0.6931471805599453,0.7,0.0,0.0,0,1,3,1,0
284,656,0.0,0.0,0.0,0.0,0.16666666666666666,0.0,1.0,0,1,2,1,0
284,657,0.026424760739941676,0.0,0.0,1.0986122886681098,0.75,0.0,0.0,10,1,3,0,0
284,658,0.009760971699935533,0.0,0.0,0.0,0.45454545454545453,1.0,0.0,0,1,2,0,0
284,659,0.0,0.0,0.0,0.0,0.2857142857142857,0.0,1.0,0,1,0,0,0
284,660,0.011014849419076331,0.0,0.0,0.0,0.7,0.0,0.0,10,1,2,0,0
284,661,0.01441004157873298,0.0,0.0,0.0,0.25,0.0,1.0,10,1,2,0,0
284,662,0.005665805515324245,0.0,0.0,0.6931471805599453,0.7,0.0,0.0,0,1,2,0,0
284,663,0.0,0.0,0.0,0.0,0.4444444444444444,1.0,0.0,0,1,2,0,0
284,664,0.0,0.0,0.0,0.6931471805599453,0.6,1.0,0.0,0,1,1,0,0
284,665,0.0,0.0,0.0,0.6931471805599453,0.6666666666666666,0.0,0.0,0,1,3,0,0
284,666,0.009820845080462218,0.0,0.0,0.0,0.4444444444444444,0.0,1.0,10,1,2,0,0
284,667,0.0,0.0,0.0,0.6931471805599453,0.5833333333333334,0.0,0.0,0,1,2,0,0
284,668,0.0096158114811873,0.0,0.0,0.0,0.42857142857142855,0.0,0.0,10,1,2,0,1
284,669,0.00544058285029949,0.0,0.0,0.6931471805599453,0.42857142857142855,0.0,0.0,0,1,3,1,0
284,670,0.6247697958353484,1.0,0.0,0.0,0.2857142857142857,0.0,1.0,35,1,1,3,0
284,671,0.0,0.0,0.0,0.6931471805599453,0.4444444444444444,0.0,0.0,0,1,1,0,0
284,672,0.01017290164118222,0.0,0.0,0.0,0.5714285714285714,1.0,0.0,0,1,1,1,1
284,673,0.0,0.0,0.0,0.6931471805599453,0.2727272727272727,0.0,1.0,0,1,1,0,0
284,674,0.048454238250108236,0.0,0.0,0.0,0.25,0.0,1.0,10,1,1,0,0
284,675,0.02309999063348037,0.0,0.0,0.0,0.4444444444444444,1.0,0.0,0,1,1,0,0
284,676,0.021961763656910195,0.0,0.0,0.0,0.5,0.0,0.0,0,1,2,0,0
284,677,0.0,0.0,0.0,0.6931471805599453,0.5,0.0,0.0,0,1,0,0,0
284,678,0.0,0.0,0.0,0.0,0.5,0.0,0.0,0,1,0,0,0
284,679,0.006961804564679541,0.0,0.0,0.0,0.6666666666666666,0.0,0.0,10,1,1,0,0
284,680,0.009201526144065615,0.0,0.0,0.0,0.38461538461538464,0.0,1.0,0,1,2,0,0
284,681,0.0017099383489661197,0.0,0.0,0.0,0.5,1.0,0.0,10,1,2,0,0
284,682,0.011141101650464398,0.0,0.0,0.6931471805599453,0.625,0.0,0.0,10,1,1,0,0
285,623,0.03358022062891632,0.0,0.0,1.0986122886681098,0.6923076923076923,0.0,0.0,10,0,8,1,0
285,624,0.0,0.0,0.0,0.0,0.2857142857142857,0.0,0.0,0,0,0,0,0
285,625,0.028358498633897312,0.0,0.0,0.0,0.25,0.0,0.0,10,0,0,0,0
285,626,0.03143041412503446,0.0,0.0,0.0,0.4,0.0,1.0,0,0,1,0,0
285,627,0.0,0.0,0.0,0.0,0.3333333333333333,0.0,1.0,0,0,1,0,0
285,628,0.0309545510585717,0.0,0.0,0.0,0.6,0.0,0.0,0,0,1,0,0
285,629,0.0,0.0,0.0,0.0,0.25,0.0,1.0,0,0,1,0,0
285,630,0.035613808001964675,0.0,0.0,0.6931471805599453,0.46153846153846156,0.0,1.0,10,0,2,0,0
285,631,0.009191193928992009,0.0,0.0,0.0,0.3333333333333333,0.0,0.0,0,0,1,0,0
285,632,0.03639254072729592,0.0,0.0,0.0,0.36363636363636365,0.0,1.0,0,0,2,0,0
285,633,0.10388737509102337,0.0,0.0,0.0,0.4,0.0,0.0,10,0,0,0,0
285,634,0.08273875757318366,0.0,0.0,0.0,0.42857142857142855,0.0,0.0,0,0,0,0,0
285,635,0.05784423829091994,0.0,0.0,0.6931471805599453,0.5,0.0,0.0,0,0,1,0,0
285,636,0.062326897680970425,0.0,0.0,0.0,0.5454545454545454,1.0,0.0,0,0,2,1,0
285,637,0.012150532488217024,0.0,0.0,0.0,0.2,0.0,1.0,0,0,1,0,0
285,638,0.07740810532947556,0.0,0.0,0.0,0.5555555555555556,0.0,0.0,0,0,0,0,0
285,639,0.006712043780054518,0.0,0.0,0.0,0.5555555555555556,1.0,0.0,0,0,1,0,0
285,640,0.041292293460674825,0.0,0.0,0.6931471805599453,0.3333333333333333,0.0,0.0,10,0,2,0,0
285,641,0.06022677527437792,0.0,0.0,0.0,0.2,0.0,1.0,10,0,2,0,0
285,642,0.01322338911072303,0.0,0.0,0.0,0.6,0.0,0.0,0,0,2,0,0
285,643,0.008362140097664032,0.0,0.0,0.0,0.5714285714285714,0.0,1.0,0,0,1,1,0
285,644,0.004201973533243877,0.0,0.0,0.6931471805599453,0.42857142857142855,0.0,0.0,0,0,1,0,0
285,645,0.021190418669232717,0.0,0.0,0.0,0.42857142857142855,1.0,0.0,0,0,0,0,0
285,646,0.0,0.0,0.0,0.0,0.625,0.0,0.0,0,0,1,0,0
285,647,0.1299824353765948,1.0,0.0,0.0,0.6666666666666666,0.0,0.0,35,0,1,3,0
285,648,0.015361803878823254,0.0,0.0,0.0,0.2857142857142857,0.0,1.0,0,0,3,0,0
285,649,0.0055583895746596735,0.0,0.0,0.0,0.5,0.0,0.0,0,0,1,0,0
285,650,0.02118435349307538,0.0,0.0,0.0,0.45454545454545453,1.0,0.0,0,0,2,0,0
285,651,0.005993550117220424,0.0,0.0,0.0,0.375,1.0,0.0,10,0,1,0,0
285,652,0.052023294198767056,0.0,0.0,0.0,0.3333333333333333,0.0,1.0,10,0,1,0,0
285,653,0.0044585775026663894,0.0,0.0,0.0,0.3333333333333333,0.0,0.0,0,0,1,0,0
285,654,0.033736524873630616,0.0,0.0,0.0,0.45454545454545453,0.0,0.0,10,0,2,0,0
285,655,0.022283652364684298,0.0,0.0,0.6931471805599453,0.7,0.0,0.0,10,0,3,0,0
285,656,0.06273465177107805,0.0,0.0,0.0,0.16666666666666666,0.0,1.0,20,0,2,0,0
285,657,0.0,0.0,0.0,1.0986122886681098,0.7272727272727273,0.0,0.0,0,0,3,0,0
285,658,0.015407225682803706,0.0,0.0,0.0,0.45454545454545453,1.0,0.0,0,0,2,1,0
285,659,0.0027875531227822188,0.0,0.0,0.0,0.2857142857142857,0.0,1.0,0,0,0,0,0
285,660,0.018844546231396444,0.0,0.0,0.0,0.7,0.0,0.0,0,0,2,0,0
285,661,0.030309501089878538,0.0,0.0,0.0,0.25,0.0,1.0,0,0,2,1,0
285,662,0.014661975400558962,0.0,0.0,0.6931471805599453,0.7,0.0,0.0,0,0,2,1,0
285,663,0.007462313311410662,0.0,0.0,0.0,0.4444444444444444,1.0,0.0,10,0,2,0,0
285,664,0.002356072106422042,0.0,0.0,0.6931471805599453,0.6,1.0,0.0,0,0,1,0,0
285,665,0.03371432494446394,0.0,0.0,0.6931471805599453,0.6666666666666666,0.0,0.0,0,0,3,2,0
285,666,0.02243343550276813,0.0,0.0,0.0,0.4444444444444444,0.0,1.0,10,0,2,1,0
285,667,0.009991639971891694,0.0,0.0,0.6931471805599453,0.5833333333333334,0.0,0.0,0,0,2,0,0
285,668,0.013833246234205086,0.0,0.0,0.0,0.42857142857142855,0.0,0.0,0,0,2,0,0
285,669,0.0422301934386764,0.0,0.0,0.6931471805599453,0.42857142857142855,0.0,0.0,10,0,3,0,0
285,670,0.010755009858405346,0.0,0.0,0.0,0.2857142857142857,0.0,1.0,0,0,1,0,0
285,671,0.008371976885452822,0.0,0.0,0.6931471805599453,0.4444444444444444,0.0,0.0,0,0,1,1,0
285,672,0.014149913023829876,0.0,0.0,0.0,0.5714285714285714,1.0,0.0,0,0,1,0,0
285,673,0.015313319573366475,0.0,0.0,0.6931471805599453,0.2727272727272727,0.0,1.0,0,0,1,0,0
285,674,0.015273447329796925,0.0,0.0,0.0,0.25,0.0,1.0,0,0,1,0,0
285,675,0.01454869362146087,0.0,0.0,0.0,0.4444444444444444,1.0,0.0,10,0,1,0,0
285,676,0.013156821313729878,0.0,0.0,0.0,0.5,0.0,0.0,0,0,2,0,0
285,677,0.040765597298454574,0.0,0.0,0.6931471805599453,0.5,0.0,0.0,0,0,0,2,0
285,678,0.02376006985934526,0.0,0.0,0.0,0.5,0.0,0.0,10,0,0,0,0
285,679,0.011429746321554916,0.0,0.0,0.0,0.6666666666666666,0.0,0.0,0,0,1,0,0
285,680,0.02052005134530754,0.0,0.0,0.0,0.38461538461538464,0.0,1.0,0,0,2,0,0
285,681,0.03109817123609332,0.0,0.0,0.0,0.5,1.0,0.0,0,0,2,1,1
285,682,0.01930595847997669,0.0,0.0,0.6931471805599453,0.625,0.0,0.0,0,0,1,0,0
286,623,0.165864722292459,0.5,0.35355339059327373,1.0986122886681098,0.7142857142857143,0.0,0.0,100,1,8,2,0
286,624,0.003894468033506491,0.0,0.0,0.0,0.2857142857142857,0.0,0.0,0,1,0,0,0
286,625,0.002225343188933809,0.0,0.0,0.0,0.2857142857142857,0.0,0.0,0,1,0,0,0
286,626,0.054120223712058484,0.0,0.0,0.0,0.4,0.0,1.0,0,1,1,0,0
286,627,0.06488901006877994,0.0,0.0,0.0,0.3333333333333333,0.0,1.0,10,1,1,0,0
286,628,0.023345633376522436,0.0,0.0,0.0,0.6,0.0,0.0,10,1,1,0,0
286,629,0.0024770649565732258,0.0,0.0,0.0,0.25,0.0,1.0,0,1,1,0,0
286,630,0.04803890802106764,0.0,0.0,0.6931471805599453,0.46153846153846156,0.0,1.0,10,1,2,0,0
286,631,0.019551435745653153,0.0,0.0,0.0,0.3333333333333333,0.0,0.0,0,1,1,0,0
286,632,0.12197457247265904,0.0,0.0,0.0,0.36363636363636365,0.0,1.0,30,1,2,0,0
286,633,0.02746288526643762,0.0,0.0,0.0,0.4,0.0,0.0,10,1,0,0,0
286,634,0.01753652335876938,0.0,0.0,0.0,0.42857142857142855,0.0,0.0,0,1,0,0,1
286,635,0.029389132251964607,0.0,0.0,0.6931471805599453,0.5,0.0,0.0,10,1,1,0,0
286,636,0.034071248143165395,0.0,0.0,0.0,0.5454545454545454,1.0,0.0,10,1,2,0,0
286,637,0.02057822536910674,0.0,0.0,0.0,0.2,0.0,1.0,0,1,1,0,0
286,638,0.00751507361274322,0.0,0.0,0.0,0.5555555555555556,0.0,0.0,0,1,0,0,0
286,639,0.019944937974432492,0.0,0.0,0.0,0.5,1.0,0.0,0,1,1,0,0
286,640,0.052929648841541804,0.0,0.0,0.6931471805599453,0.3333333333333333,0.0,0.0,0,1,2,0,0
286,641,0.07719104285289131,0.0,0.0,0.0,0.2,0.0,1.0,30,1,2,0,0
286,642,0.04446362739168861,0.0,0.0,0.0,0.6,0.0,0.0,0,1,2,0,0
286,643,0.18128131533511554,0.0,0.0,0.0,0.5714285714285714,0.0,1.0,10,1,1,0,0
286,644,0.01594509390488636,0.0,0.0,0.6931471805599453,0.42857142857142855,0.0,0.0,10,1,1,0,0
286,645,0.09998342151512338,0.0,0.0,0.0,0.42857142857142855,1.0,0.0,10,1,0,0,0
286,646,0.012964810181995336,0.0,1.0,0.0,0.625,0.0,0.0,100,1,1,2,1
286,647,0.04571948169456338,0.0,0.0,0.0,0.6666666666666666,0.0,0.0,10,1,1,1,0
286,648,0.0402378713039837,0.0,0.0,0.0,0.2857142857142857,0.0,1.0,20,1,3,0,0
286,649,0.013754485441811761,0.0,0.0,0.0,0.5,0.0,0.0,0,1,1,0,0
286,650,0.09102289448170868,0.0,0.0,0.0,0.45454545454545453,1.0,0.0,10,1,2,1,0
286,651,0.0015547866302888257,0.0,0.0,0.0,0.375,1.0,0.0,0,1,1,0,0
286,652,0.02335442692173903,0.0,0.0,0.0,0.3333333333333333,0.0,1.0,10,1,1,0,0
286,653,0.03268967956761897,0.0,0.0,0.0,0.3333333333333333,0.0,0.0,10,1,1,2,0
286,654,0.030160381535644307,0.0,0.0,0.0,0.45454545454545453,0.0,0.0,10,1,2,0,0
286,655,0.03424135837503626,0.0,0.5773502691896258,0.6931471805599453,0.6666666666666666,0.0,0.0,100,1,3,2,0
286,656,0.049284833642299304,0.0,0.0,0.0,0.16666666666666666,0.0,1.0,10,1,2,0,0
286,657,0.014566009311650644,0.0,0.5773502691896258,1.0986122886681098,0.75,0.0,0.0,100,1,3,2,0
286,658,0.22235514225473127,0.0,0.0,0.0,0.4,1.0,0.0,35,1,2,0,0
286,659,0.001782886905319368,0.0,0.0,0.0,0.2857142857142857,0.0,1.0,0,1,0,0,0
286,660,0.5428348068220353,1.0,0.7071067811865475,0.0,0.7,0.0,0.0,100,1,2,3,1
286,661,0.06025793627207767,0.0,0.0,0.0,0.25,0.0,1.0,30,1,2,0,0
286,662,0.02112606291641689,0.0,0.0,0.6931471805599453,0.7,0.0,0.0,0,1,2,0,0
286,663,0.021127215468908514,0.0,0.0,0.0,0.4444444444444444,1.0,0.0,0,1,2,1,0
286,664,0.001833871408609713,0.0,0.0,0.6931471805599453,0.6,1.0,0.0,0,1,1,0,0
286,665,0.045556672167801564,0.0,0.0,0.6931471805599453,0.6666666666666666,0.0,0.0,20,1,3,1,0
286,666,0.04329490121121614,0.0,0.0,0.0,0.4444444444444444,0.0,1.0,10,1,2,0,0
286,667,0.009978360439437874,0.0,0.0,0.6931471805599453,0.5833333333333334,0.0,0.0,0,1,2,1,0
286,668,0.6842039868899011,1.0,0.7071067811865475,0.0,0.42857142857142855,0.0,0.0,100,1,2,3,1
286,669,0.05010103750056625,0.0,0.5773502691896258,0.6931471805599453,0.42857142857142855,0.0,0.0,100,1,3,0,0
286,670,0.03768937128618849,0.0,0.0,0.0,0.2857142857142857,0.0,1.0,0,1,1,0,0
286,671,0.021160228364853973,0.0,0.0,0.6931471805599453,0.4444444444444444,0.0,0.0,0,1,1,0,0
286,672,0.04095256329255694,0.0,0.0,0.0,0.5714285714285714,1.0,0.0,20,1,1,1,0
286,673,0.028594174728512382,0.0,0.0,0.6931471805599453,0.2727272727272727,0.0,1.0,0,1,1,0,0
286,674,0.04057437778147131,0.0,0.0,0.0,0.25,0.0,1.0,20,1,1,0,0
286,675,0.07528289668030808,0.0,0.0,0.0,0.4444444444444444,1.0,0.0,10,1,1,0,0
286,676,0.030579792821635553,0.0,0.0,0.0,0.5,0.0,0.0,30,1,2,0,0
286,677,0.08536405075278293,0.0,0.0,0.6931471805599453,0.5,0.0,0.0,10,1,0,0,0
286,678,0.011227079937202997,0.0,0.0,0.0,0.5,0.0,0.0,0,1,0,0,0
286,679,0.6025671236429769,1.0,1.0,0.0,0.6363636363636364,0.0,0.0,100,1,1,3,1
286,680,0.07544177037384833,0.0,0.0,0.0,0.38461538461538464,0.0,1.0,10,1,2,1,0
286,681,0.06311331080892765,0.0,0.0,0.0,0.5,1.0,0.0,30,1,2,0,0
286,682,0.6341608915554557,1.0,1.0,0.6931471805599453,0.625,0.0,0.0,100,1,1,3,0
287,623,0.0092771708781717,0.0,0.35355339059327373,1.0986122886681098,0.7142857142857143,0.0,0.0,100,1,8,1,0
287,624,0.0,0.0,0.0,0.0,0.2857142857142857,0.0,0.0,0,1,0,0,0
287,625,0.0,0.0,0.0,0.0,0.25,0.0,0.0,0,1,0,0,0
287,626,0.0,0.0,0.0,0.0,0.4,0.0,1.0,0,1,1,0,0
287,627,0.02934361499233469,0.0,0.0,0.0,0.3333333333333333,0.0,1.0,0,1,1,0,0
287,628,0.019671819048256663,0.0,0.0,0.0,0.6,0.0,0.0,0,1,1,0,0
287,629,0.018521780779061574,0.0,0.0,0.0,0.25,0.0,1.0,0,1,1,0,0
287,630,0.023015990940680044,0.0,0.0,0.6931471805599453,0.46153846153846156,0.0,1.0,0,1,2,0,0
287,631,0.0025161757811380603,0.0,0.0,0.0,0.3333333333333333,0.0,0.0,0,1,1,0,0
287,632,0.012653900170229016,0.0,0.0,0.0,0.36363636363636365,0.0,1.0,0,1,2,0,0
287,633,0.0,0.0,0.0,0.0,0.4,0.0,0.0,0,1,0,0,0
287,634,0.0023861100926874865,0.0,0.0,0.0,0.42857142857142855,0.0,0.0,0,1,0,0,0
287,635,0.007529783839333741,0.0,0.0,0.6931471805599453,0.5,0.0,0.0,0,1,1,0,0
287,636,0.3422310599138893,1.0,0.7071067811865475,0.0,0.5454545454545454,1.0,0.0,100,1,2,3,0
287,637,0.0284528579789255,0.0,0.0,0.0,0.2222222222222222,0.0,1.0,0,1,1,0,0
287,638,0.0,0.0,0.0,0.0,0.5555555555555556,0.0,0.0,0,1,0,0,0
287,639,0.0,0.0,0.0,0.0,0.5,1.0,0.0,0,1,1,0,0
287,640,0.005570239834764607,0.0,0.0,0.6931471805599453,0.3333333333333333,0.0,0.0,0,1,2,0,0
287,641,0.0051309012720733484,0.0,0.0,0.0,0.2,0.0,1.0,0,1,2,0,0
287,642,0.006387858198891699,0.0,0.0,0.0,0.6,0.0,0.0,0,1,2,0,0
287,643,0.030999335061207507,0.0,1.0,0.0,0.5714285714285714,0.0,1.0,100,1,1,2,1
287,644,0.026459199066776073,0.0,0.0,0.6931471805599453,0.42857142857142855,0.0,0.0,0,1,1,0,0
287,645,0.02093092153584799,0.0,0.0,0.0,0.42857142857142855,1.0,0.0,0,1,0,0,0
287,646,0.0074786066417093025,0.0,0.0,0.0,0.625,0.0,0.0,0,1,1,0,0
287,647,0.028473500544968326,0.0,0.0,0.0,0.6666666666666666,0.0,0.0,0,1,1,1,0
287,648,0.013612587395767317,0.0,0.0,0.0,0.2857142857142857,0.0,1.0,0,1,3,0,0
287,649,0.0,0.0,0.0,0.0,0.5,0.0,0.0,0,1,1,0,0
287,650,0.007827963153871915,0.0,0.0,0.0,0.45454545454545453,1.0,0.0,0,1,2,0,0
287,651,0.0,0.0,0.0,0.0,0.375,1.0,0.0,0,1,1,0,0
287,652,0.057501002269558885,0.0,0.0,0.0,0.3333333333333333,0.0,1.0,0,1,1,0,0
287,653,0.00798251149395321,0.0,0.0,0.0,0.3333333333333333,0.0,0.0,0,1,1,0,0
287,654,0.044504186251380466,0.0,0.0,0.0,0.45454545454545453,0.0,0.0,0,1,2,0,0
287,655,0.022906934744222483,0.0,0.0,0.6931471805599453,0.7,0.0,0.0,0,1,3,0,0
287,656,0.007305954340442857,0.0,0.0,0.0,0.16666666666666666,0.0,1.0,0,1,2,0,0
287,657,0.0,0.0,0.0,1.0986122886681098,0.75,0.0,0.0,0,1,3,0,0
287,658,0.04396605926211383,0.0,0.7071067811865475,0.0,0.45454545454545453,1.0,0.0,100,1,2,2,0
287,659,0.0,0.0,0.0,0.0,0.2857142857142857,0.0,1.0,0,1,0,0,0
287,660,0.02487758535838671,0.0,0.0,0.0,0.7,0.0,0.0,0,1,2,0,0
287,661,0.033313234299504085,0.0,0.7071067811865475,0.0,0.25,0.0,1.0,100,1,2,1,0
287,662,0.27375140138442106,1.0,0.7071067811865475,0.6931471805599453,0.7,0.0,0.0,100,1,2,2,0
287,663,0.012916578346700175,0.0,0.0,0.0,0.4444444444444444,1.0,0.0,0,1,2,0,0
287,664,0.011723672852262248,0.0,0.0,0.6931471805599453,0.6,1.0,0.0,0,1,1,0,0
287,665,0.015014614373732811,0.0,0.0,0.6931471805599453,0.6666666666666666,0.0,0.0,0,1,3,1,0
287,666,0.6241721243210848,1.0,0.7071067811865475,0.0,0.4444444444444444,0.0,1.0,100,1,2,3,1
287,667,0.01417883848052448,0.0,0.0,0.6931471805599453,0.5833333333333334,0.0,0.0,0,1,2,0,0
287,668,0.026882773180063487,0.0,0.0,0.0,0.3333333333333333,0.0,0.0,0,1,2,0,0
287,669,0.01034166968605031,0.0,0.0,0.6931471805599453,0.42857142857142855,0.0,0.0,0,1,3,0,0
287,670,0.0,0.0,1.0,0.0,0.2857142857142857,0.0,1.0,100,1,1,0,0
287,671,0.6433499166805635,1.0,1.0,0.6931471805599453,0.4444444444444444,0.0,0.0,100,1,1,3,1
287,672,0.02540403001761398,0.0,0.0,0.0,0.5714285714285714,1.0,0.0,0,1,1,0,0
287,673,0.026887969070978037,0.0,0.0,0.6931471805599453,0.2727272727272727,0.0,1.0,0,1,1,0,0
287,674,0.004272263864129846,0.0,0.0,0.0,0.25,0.0,1.0,0,1,1,0,0
287,675,0.03442861605552957,0.0,0.0,0.0,0.4444444444444444,1.0,0.0,0,1,1,0,0
287,676,0.003701013049702731,0.0,0.0,0.0,0.5,0.0,0.0,0,1,2,0,0
287,677,0.019159732060575738,0.0,0.0,0.6931471805599453,0.5,0.0,0.0,0,1,0,1,0
287,678,0.006504116474207989,0.0,0.0,0.0,0.5,0.0,0.0,0,1,0,0,0
287,679,0.026544160696019257,0.0,0.0,0.0,0.6666666666666666,0.0,0.0,0,1,1,0,0
287,680,0.01746416303931978,0.0,0.0,0.0,0.38461538461538464,0.0,1.0,0,1,2,0,0
287,681,0.016023375523746913,0.0,0.0,0.0,0.5384615384615384,1.0,0.0,0,1,2,1,0
287,682,0.034100396055643106,0.0,0.0,0.6931471805599453,0.625,0.0,0.0,0,1,1,0,0
288,623,0.05868695344816527,0.0,0.35355339059327373,1.0986122886681098,0.7142857142857143,0.0,0.0,100,1,8,1,0
288,624,0.0,0.0,0.0,0.0,0.2857142857142857,0.0,0.0,0,1,0,0,0
288,625,0.023481352476162783,0.0,0.0,0.0,0.25,0.0,0.0,10,1,0,2,1
288,626,0.0,0.0,0.0,0.0,0.4,0.0,1.0,0,1,1,0,0
288,627,0.0,0.0,0.0,0.0,0.375,0.0,1.0,0,1,1,0,0
288,628,0.006553906894458095,0.0,0.0,0.0,0.6,0.0,0.0,0,1,1,0,0
288,629,0.0,0.0,0.0,0.0,0.25,0.0,1.0,0,1,1,0,0
288,630,0.01228296129693585,0.0,0.0,0.6931471805599453,0.46153846153846156,0.0,1.0,0,1,2,1,0
288,631,0.009794112075898295,0.0,0.0,0.0,0.36363636363636365,0.0,0.0,0,1,1,0,0
288,632,0.009498537502443226,0.0,0.0,0.0,0.4,0.0,1.0,0,1,2,1,0
288,633,0.0,0.0,0.0,0.0,0.4,0.0,0.0,0,1,0,0,0
288,634,0.0,0.0,0.0,0.0,0.42857142857142855,0.0,0.0,0,1,0,0,0
288,635,0.0,0.0,0.0,0.6931471805599453,0.5,0.0,0.0,0,1,1,0,0
288,636,0.01419093775429631,0.0,0.0,0.0,0.5454545454545454,1.0,0.0,0,1,2,0,0
288,637,0.011636529767160227,0.0,0.0,0.0,0.2,0.0,1.0,0,1,1,0,0
288,638,0.0,0.0,0.0,0.0,0.5555555555555556,0.0,0.0,0,1,0,0,0
288,639,0.014216267231054375,0.0,0.0,0.0,0.5,1.0,0.0,0,1,1,1,0
288,640,0.0,0.0,0.0,0.6931471805599453,0.3333333333333333,0.0,0.0,0,1,2,0,0
288,641,0.0,0.0,0.0,0.0,0.2,0.0,1.0,0,1,2,0,0
288,642,0.01966437300158988,0.0,0.0,0.0,0.6,0.0,0.0,0,1,2,0,1
288,643,0.0008534776248379313,0.0,0.0,0.0,0.5714285714285714,0.0,1.0,0,1,1,0,0
288,644,0.004024217880807206,0.0,0.0,0.6931471805599453,0.42857142857142855,0.0,0.0,0,1,1,0,0
288,645,0.011364936687582839,0.0,0.0,0.0,0.42857142857142855,1.0,0.0,0,1,0,0,0
288,646,0.019269410142699974,0.0,0.0,0.0,0.625,0.0,0.0,0,1,1,0,0
288,647,0.003340399061757487,0.0,0.0,0.0,0.6666666666666666,0.0,0.0,0,1,1,0,0
288,648,0.01403263114944479,0.0,0.0,0.0,0.2857142857142857,0.0,1.0,0,1,3,0,0
288,649,0.01891380278192311,0.0,0.0,0.0,0.5,0.0,0.0,0,1,1,1,1
288,650,0.020728827375707384,0.0,0.0,0.0,0.45454545454545453,1.0,0.0,0,1,2,0,0
288,651,0.008096414552150643,0.0,0.0,0.0,0.375,1.0,0.0,0,1,1,0,0
288,652,0.003323504128318896,0.0,0.0,0.0,0.3333333333333333,0.0,1.0,0,1,1,0,0
288,653,0.0107255759739728,0.0,0.0,0.0,0.3333333333333333,0.0,0.0,0,1,1,0,0
288,654,0.0,0.0,0.0,0.0,0.45454545454545453,0.0,0.0,0,1,2,0,0
288,655,0.011758374077896962,0.0,0.0,0.6931471805599453,0.7,0.0,0.0,0,1,3,0,0
288,656,0.0,0.0,0.0,0.0,0.16666666666666666,0.0,1.0,10,1,2,0,0
288,657,0.003906604339484536,0.0,0.0,1.0986122886681098,0.75,0.0,0.0,0,1,3,0,0
288,658,0.0,0.0,0.0,0.0,0.45454545454545453,1.0,0.0,0,1,2,0,0
288,659,0.013174501665079295,0.0,0.0,0.0,0.2857142857142857,0.0,1.0,0,1,0,1,0
288,660,0.015329067910089035,0.0,0.0,0.0,0.7,0.0,0.0,0,1,2,1,0
288,661,0.0,0.0,0.0,0.0,0.25,0.0,1.0,0,1,2,0,0
288,662,0.0043829366042922625,0.0,0.0,0.6931471805599453,0.7,0.0,0.0,0,1,2,0,1
288,663,0.09093624414608989,0.0,0.0,0.0,0.4444444444444444,1.0,0.0,10,1,2,0,0
288,664,0.00477344433254598,0.0,0.0,0.6931471805599453,0.6,1.0,0.0,0,1,1,0,0
288,665,0.12423290280746696,0.0,0.0,0.6931471805599453,0.6666666666666666,0.0,0.0,10,1,3,0,0
288,666,0.007904158354050431,0.0,0.0,0.0,0.4444444444444444,0.0,1.0,0,1,2,0,0
288,667,0.0,0.0,0.0,0.6931471805599453,0.5833333333333334,0.0,0.0,0,1,2,0,0
288,668,0.004800180242957812,0.0,0.0,0.0,0.42857142857142855,0.0,0.0,0,1,2,0,0
288,669,0.003706890505016389,0.0,0.0,0.6931471805599453,0.42857142857142855,0.0,0.0,0,1,3,0,0
288,670,0.012998260265167002,0.0,0.0,0.0,0.2857142857142857,0.0,1.0,0,1,1,0,0
288,671,0.0022430187678721134,0.0,0.0,0.6931471805599453,0.4444444444444444,0.0,0.0,0,1,1,0,0
288,672,0.023657349417580582,0.0,0.0,0.0,0.5714285714285714,1.0,0.0,0,1,1,0,0
288,673,0.007325431845566045,0.0,0.0,0.6931471805599453,0.2727272727272727,0.0,1.0,0,1,1,0,0
288,674,0.002770181031862862,0.0,0.0,0.0,0.25,0.0,1.0,0,1,1,0,0
288,675,0.004451254406940534,0.0,0.0,0.0,0.4444444444444444,1.0,0.0,0,1,1,0,0
288,676,0.014120462651126023,0.0,0.0,0.0,0.5,0.0,0.0,0,1,2,0,0
288,677,0.0,0.0,0.0,0.6931471805599453,0.5,0.0,0.0,0,1,0,0,0
288,678,0.0735454573196861,0.0,0.0,0.0,0.5,0.0,0.0,0,1,0,0,0
288,679,0.013907185519773345,0.0,0.0,0.0,0.6666666666666666,0.0,0.0,0,1,1,0,0
288,680,0.0,0.0,0.0,0.0,0.38461538461538464,0.0,1.0,0,1,2,0,0
288,681,0.010145760076902977,0.0,0.0,0.0,0.5,1.0,0.0,0,1,2,1,0
288,682,0.01978000295671993,0.0,0.0,0.6931471805599453,0.625,0.0,0.0,0,1,1,0,0
289,623,0.11784706794340227,0.4,0.20412414523193154,1.0986122886681098,0.7142857142857143,0.0,0.0,33,3,8,2,0
289,624,0.0,0.0,0.0,0.0,0.2857142857142857,0.0,0.0,0,3,0,0,0
289,625,0.001203417227547997,0.0,0.0,0.0,0.25,0.0,0.0,0,3,0,0,0
289,626,0.01664386869100702,0.0,0.0,0.0,0.4,0.0,1.0,0,3,1,0,0
289,627,0.02003793390806134,0.0,0.0,0.0,0.3333333333333333,0.0,1.0,10,3,1,0,0
289,628,0.01334260408797593,0.0,0.5773502691896258,0.0,0.6,0.0,0.0,33,3,1,0,0
289,629,0.0,0.0,0.0,0.0,0.25,0.0,1.0,0,3,1,0,0
289,630,0.03321673856315525,0.0,0.0,0.6931471805599453,0.46153846153846156,0.0,1.0,10,3,2,0,0
289,631,0.04073211539723663,0.0,0.5773502691896258,0.0,0.3333333333333333,0.0,0.0,33,3,1,0,1
289,632,0.03281001230741602,0.0,0.0,0.0,0.36363636363636365,0.0,1.0,10,3,2,0,0
289,633,0.04828744857369531,0.0,0.0,0.0,0.4,0.0,0.0,0,3,0,1,1
289,634,0.01979707909309554,0.0,0.0,0.0,0.42857142857142855,0.0,0.0,0,3,0,1,0
289,635,0.03062412990653542,0.0,0.0,0.6931471805599453,0.5,0.0,0.0,10,3,1,1,0
289,636,0.0324294351988789,0.0,0.0,0.0,0.5454545454545454,1.0,0.0,10,3,2,1,1
289,637,0.02916094910384342,0.0,0.0,0.0,0.2,0.0,1.0,0,3,1,0,0
289,638,0.009344110907746863,0.0,0.0,0.0,0.5555555555555556,0.0,0.0,0,3,0,1,0
289,639,0.019972845067464634,0.0,0.0,0.0,0.5,1.0,0.0,0,3,1,0,0
289,640,0.060318684350934286,0.0,0.0,0.6931471805599453,0.3333333333333333,0.0,0.0,0,3,2,1,1
289,641,0.05267646366491942,0.0,0.0,0.0,0.2,0.0,1.0,20,3,2,0,0
289,642,0.023292273357978656,0.0,0.0,0.0,0.6,0.0,0.0,0,3,2,0,0
289,643,0.08765344980919752,0.0,0.0,0.0,0.5714285714285714,0.0,1.0,20,3,1,0,0
289,644,0.0018204888809682039,0.0,0.5773502691896258,0.6931471805599453,0.42857142857142855,0.0,0.0,33,3,1,0,0
289,645,0.03833321097278186,0.0,0.0,0.0,0.42857142857142855,1.0,0.0,0,3,0,0,0
289,646,0.02693464295504573,0.0,0.5773502691896258,0.0,0.625,0.0,0.0,33,3,1,2,0
289,647,0.035628136211220386,0.0,0.0,0.0,0.6666666666666666,0.0,0.0,20,3,1,1,0
289,648,0.5487986966015083,0.4,0.3333333333333333,0.0,0.2857142857142857,0.0,1.0,33,3,3,3,1
289,649,0.0181677054367688,0.0,0.0,0.0,0.5,0.0,0.0,0,3,1,0,0
289,650,0.04635697679022288,0.0,0.0,0.0,0.45454545454545453,1.0,0.0,0,3,2,1,0
289,651,0.006245244619284621,0.0,0.5773502691896258,0.0,0.375,1.0,0.0,33,3,1,2,1
289,652,0.038963342279545427,0.0,0.0,0.0,0.3333333333333333,0.0,1.0,20,3,1,0,0
289,653,0.027209874344116373,0.0,0.0,0.0,0.36363636363636365,0.0,0.0,0,3,1,2,1
289,654,0.0028568015808626015,0.0,0.0,0.0,0.45454545454545453,0.0,0.0,0,3,2,1,0
289,655,0.04224971284488767,0.0,0.3333333333333333,0.6931471805599453,0.7,0.0,0.0,33,3,3,2,0
289,656,0.05252225183059145,0.0,0.0,0.0,0.18181818181818182,0.0,1.0,10,3,2,1,0
289,657,0.005263091218906875,0.0,0.3333333333333333,1.0986122886681098,0.75,0.0,0.0,33,3,3,2,1
289,658,0.09111814444236634,0.0,0.0,0.0,0.45454545454545453,1.0,0.0,35,3,2,0,1
289,659,0.017354324954428256,0.0,0.0,0.0,0.3076923076923077,0.0,1.0,0,3,0,0,0
289,660,0.24144668035318126,0.6,0.4082482904638631,0.0,0.7,0.0,0.0,33,3,2,3,1
289,661,0.021859130346178184,0.0,0.0,0.0,0.25,0.0,1.0,30,3,2,0,0
289,662,0.021041210394515664,0.0,0.0,0.6931471805599453,0.7,0.0,0.0,0,3,2,0,0
289,663,0.02657535582962577,0.0,0.0,0.0,0.4444444444444444,1.0,0.0,0,3,2,1,0
289,664,0.02087798201405697,0.0,0.5773502691896258,0.6931471805599453,0.6,1.0,0.0,33,3,1,2,1
289,665,0.041976335429327716,0.0,0.0,0.6931471805599453,0.6666666666666666,0.0,0.0,30,3,3,1,0
289,666,0.03207993564464938,0.0,0.0,0.0,0.4444444444444444,0.0,1.0,0,3,2,0,0
289,667,0.018191087128496514,0.0,0.4082482904638631,0.6931471805599453,0.5833333333333334,0.0,0.0,33,3,2,1,1
289,668,0.27484614400745366,0.6,0.4082482904638631,0.0,0.42857142857142855,0.0,0.0,33,3,2,3,1
289,669,0.04048102341314367,0.0,0.3333333333333333,0.6931471805599453,0.42857142857142855,0.0,0.0,33,3,3,1,0
289,670,0.01935890851533982,0.0,0.0,0.0,0.2857142857142857,0.0,1.0,0,3,1,0,0
289,671,0.021073194430542588,0.0,0.0,0.6931471805599453,0.4444444444444444,0.0,0.0,0,3,1,0,0
289,672,0.03252832409351437,0.0,0.0,0.0,0.5714285714285714,1.0,0.0,30,3,1,1,0
289,673,0.006626596686075575,0.0,0.5773502691896258,0.6931471805599453,0.2727272727272727,0.0,1.0,33,3,1,0,0
289,674,0.019807296868395892,0.0,0.5773502691896258,0.0,0.25,0.0,1.0,33,3,1,0,0
289,675,0.02608974237595935,0.0,0.0,0.0,0.4444444444444444,1.0,0.0,10,3,1,0,0
289,676,0.03673909136297578,0.0,0.4082482904638631,0.0,0.5,0.0,0.0,33,3,2,0,1
289,677,0.03670867853234652,0.0,0.0,0.6931471805599453,0.5454545454545454,0.0,0.0,10,3,0,0,0
289,678,0.014325281436737291,0.0,0.0,0.0,0.5,0.0,0.0,0,3,0,0,0
289,679,0.3275169497299947,0.6,0.5773502691896258,0.0,0.6666666666666666,0.0,0.0,33,3,1,3,1
289,680,0.012140256642598959,0.0,0.0,0.0,0.38461538461538464,0.0,1.0,10,3,2,1,0
289,681,0.051867162843229744,0.0,0.0,0.0,0.5,1.0,0.0,10,3,2,0,0
289,682,0.339979177541627,0.6,0.5773502691896258,0.6931471805599453,0.625,0.0,0.0,33,3,1,3,1
290,623,0.3880457983071152,1.0,0.35355339059327373,1.0986122886681098,0.7142857142857143,0.0,0.0,100,1,8,2,1
290,624,0.0,0.0,0.0,0.0,0.2857142857142857,0.0,0.0,0,1,0,0,0
290,625,0.014718215533152477,0.0,0.0,0.0,0.25,0.0,0.0,0,1,0,1,0
290,626,0.0,0.0,0.0,0.0,0.4,0.0,1.0,0,1,1,0,0
290,627,0.0,0.0,0.0,0.0,0.375,0.0,1.0,0,1,1,0,0
290,628,0.0,0.0,0.0,0.0,0.6,0.0,0.0,0,1,1,0,1
290,629,0.0,0.0,0.0,0.0,0.25,0.0,1.0,0,1,1,0,0
290,630,0.5769059768577735,1.0,0.7071067811865475,0.6931471805599453,0.46153846153846156,0.0,1.0,100,1,2,3,0
290,632,0.39229532584295884,1.0,0.7071067811865475,0.0,0.3,0.0,1.0,100,1,2,3,0
290,633,0.02515633459659989,0.0,0.0,0.0,0.4,0.0,0.0,0,1,0,0,0
290,634,0.004448680230111245,0.0,0.0,0.0,0.42857142857142855,0.0,0.0,0,1,0,0,0
290,635,0.005613481867322475,0.0,0.0,0.6931471805599453,0.5,0.0,0.0,0,1,1,0,0
290,636,0.0017247607024268746,0.0,0.0,0.0,0.6,1.0,0.0,0,1,2,0,0
290,637,0.013887844327646733,0.0,0.0,0.0,0.2,0.0,1.0,0,1,1,0,0
290,638,0.0,0.0,0.0,0.0,0.5555555555555556,0.0,0.0,0,1,0,0,0
290,639,0.6810380457102363,1.0,1.0,0.0,0.5,1.0,0.0,100,1,1,3,1
290,640,0.0,0.0,0.0,0.6931471805599453,0.3333333333333333,0.0,0.0,0,1,2,0,0
290,641,0.009936416755602962,0.0,0.0,0.0,0.2,0.0,1.0,0,1,2,0,0
290,642,0.04288532282082194,0.0,0.0,0.0,0.6,0.0,0.0,0,1,2,0,0
290,643,0.0,0.0,0.0,0.0,0.5714285714285714,0.0,1.0,0,1,1,0,0
290,644,0.0,0.0,0.0,0.6931471805599453,0.42857142857142855,0.0,0.0,0,1,1,0,0
290,645,0.006179869169985755,0.0,0.0,0.0,0.42857142857142855,1.0,0.0,0,1,0,0,0
290,646,0.010610522118312822,0.0,0.0,0.0,0.625,0.0,0.0,0,1,1,0,0
290,647,0.0012849806791151858,0.0,0.0,0.0,0.6666666666666666,0.0,0.0,0,1,1,0,0
290,648,0.007658844096232086,0.0,0.0,0.0,0.2857142857142857,0.0,1.0,0,1,3,0,0
290,649,0.6973843880434603,1.0,1.0,0.0,0.5,0.0,0.0,100,1,1,3,0
290,650,0.0,0.0,0.0,0.0,0.45454545454545453,1.0,0.0,0,1,2,0,0
290,651,0.0,0.0,0.0,0.0,0.375,1.0,0.0,0,1,1,0,0
290,652,0.0,0.0,0.0,0.0,0.3333333333333333,0.0,1.0,0,1,1,0,0
290,653,0.025700141007908548,0.0,0.0,0.0,0.3333333333333333,0.0,0.0,0,1,1,0,0
290,654,0.0,0.0,0.0,0.0,0.45454545454545453,0.0,0.0,0,1,2,0,0
290,655,0.027399491101074768,0.0,0.0,0.6931471805599453,0.7,0.0,0.0,0,1,3,0,0
290,656,0.003005900127625484,0.0,0.0,0.0,0.16666666666666666,0.0,1.0,10,1,2,0,0
290,657,0.0,0.0,0.0,1.0986122886681098,0.75,0.0,0.0,0,1,3,0,0
290,658,0.0,0.0,0.0,0.0,0.45454545454545453,1.0,0.0,0,1,2,0,0
290,659,0.6653393941762091,0.75,0.0,0.0,0.2857142857142857,0.0,1.0,35,1,0,3,0
290,660,0.3205493846362142,1.0,0.7071067811865475,0.0,0.7,0.0,0.0,100,1,2,3,1
290,661,0.0,0.0,0.0,0.0,0.25,0.0,1.0,0,1,2,0,0
290,662,0.00338607186707308,0.0,0.0,0.6931471805599453,0.7,0.0,0.0,0,1,2,0,0
290,663,0.005839151205755056,0.0,0.0,0.0,0.4444444444444444,1.0,0.0,0,1,2,0,0
290,664,0.0,0.0,0.0,0.6931471805599453,0.6,1.0,0.0,0,1,1,0,0
290,665,0.0,0.0,0.0,0.6931471805599453,0.6666666666666666,0.0,0.0,0,1,3,0,0
290,666,0.0,0.0,0.0,0.0,0.4444444444444444,0.0,1.0,0,1,2,0,0
290,667,0.012151184836137483,0.0,0.0,0.6931471805599453,0.5833333333333334,0.0,0.0,0,1,2,0,0
290,668,0.004810794608893709,0.0,0.7071067811865475,0.0,0.42857142857142855,0.0,0.0,100,1,2,0,0
290,669,0.023555254577850477,0.0,0.0,0.6931471805599453,0.42857142857142855,0.0,0.0,10,1,3,0,0
290,670,0.019627931475665623,0.0,0.0,0.0,0.2857142857142857,0.0,1.0,0,1,1,0,0
290,671,0.0,0.0,0.0,0.6931471805599453,0.4444444444444444,0.0,0.0,0,1,1,0,0
290,672,0.018356019176968566,0.0,0.0,0.0,0.5714285714285714,1.0,0.0,0,1,1,0,1
290,673,0.0,0.0,0.0,0.6931471805599453,0.2727272727272727,0.0,1.0,0,1,1,0,0
290,674,0.0103075289779549,0.0,0.0,0.0,0.25,0.0,1.0,0,1,1,0,0
290,675,0.00532435861352073,0.0,0.0,0.0,0.4444444444444444,1.0,0.0,0,1,1,0,0
290,676,0.016810833789297455,0.0,0.0,0.0,0.5,0.0,0.0,0,1,2,0,0
290,677,0.0,0.0,0.0,0.6931471805599453,0.5454545454545454,0.0,0.0,0,1,0,0,0
290,678,0.0023082892384515795,0.0,0.0,0.0,0.5,0.0,0.0,0,1,0,0,0
290,679,0.0,0.0,0.0,0.0,0.6666666666666666,0.0,0.0,0,1,1,0,1
290,680,0.0,0.0,0.0,0.0,0.38461538461538464,0.0,1.0,0,1,2,0,0
290,681,0.29372841363652874,1.0,0.7071067811865475,0.0,0.5,1.0,0.0,100,1,2,3,0
290,682,0.0,0.0,0.0,0.6931471805599453,0.625,0.0,0.0,0,1,1,0,0
291,623,0.11979547626073231,0.5,0.25,1.0986122886681098,0.7142857142857143,0.0,0.0,50,2,8,2,0
291,624,0.0,0.0,0.0,0.0,0.2857142857142857,0.0,0.0,0,2,0,0,0
291,625,0.022263886366219558,0.0,0.0,0.0,0.25,0.0,0.0,0,2,0,0,0
291,626,0.04409950603806141,0.0,0.0,0.0,0.4,0.0,1.0,10,2,1,0,0
291,627,0.0,0.0,0.0,0.0,0.3333333333333333,0.0,1.0,10,2,1,1,0
291,628,0.010108496223539633,0.0,0.0,0.0,0.6,0.0,0.0,0,2,1,0,1
291,629,0.0,0.0,0.0,0.0,0.25,0.0,1.0,0,2,1,0,0
291,630,0.02454528950963787,0.0,0.0,0.6931471805599453,0.46153846153846156,0.0,1.0,0,2,2,1,0
291,631,0.026592410830326887,0.0,0.0,0.0,0.3333333333333333,0.0,0.0,0,2,1,0,0
291,632,0.012635705772130624,0.0,0.0,0.0,0.36363636363636365,0.0,1.0,0,2,2,0,0
291,633,0.04882616287304174,0.0,0.0,0.0,0.4,0.0,0.0,0,2,0,0,0
291,634,0.03659827034808905,0.0,0.0,0.0,0.42857142857142855,0.0,0.0,0,2,0,0,0
291,635,0.05698923804516994,0.0,0.0,0.6931471805599453,0.5,0.0,0.0,0,2,1,0,0
291,636,0.025023563655674083,0.0,0.0,0.0,0.5454545454545454,1.0,0.0,0,2,2,0,0
291,637,0.017523228475259982,0.0,0.0,0.0,0.2,0.0,1.0,0,2,1,0,0
291,638,0.04245741459232092,0.0,0.0,0.0,0.5555555555555556,0.0,0.0,0,2,0,0,0
291,639,0.0024571589608050784,0.0,0.0,0.0,0.5,1.0,0.0,0,2,1,0,0
291,640,0.05032069138553595,0.0,0.0,0.6931471805599453,0.3333333333333333,0.0,0.0,0,2,2,0,0
291,641,0.030551581996734134,0.0,0.0,0.0,0.2,0.0,1.0,0,2,2,0,0
291,642,0.009843849344154765,0.0,0.0,0.0,0.6,0.0,0.0,0,2,2,1,0
291,643,0.012886080951988612,0.0,0.0,0.0,0.5714285714285714,0.0,1.0,0,2,1,0,0
291,644,0.005037357311321027,0.0,0.0,0.6931471805599453,0.42857142857142855,0.0,0.0,0,2,1,0,0
291,645,0.013688578730580214,0.0,0.0,0.0,0.42857142857142855,1.0,0.0,0,2,0,0,0
291,646,0.0014468593272909842,0.0,0.0,0.0,0.625,0.0,0.0,0,2,1,0,0
291,647,0.016610839613555802,0.0,0.0,0.0,0.6666666666666666,0.0,0.0,0,2,1,0,0
291,648,0.01597811921326191,0.0,0.0,0.0,0.2857142857142857,0.0,1.0,10,2,3,0,0
291,649,0.0027387116769384823,0.0,0.0,0.0,0.5,0.0,0.0,0,2,1,0,0
291,650,0.004190535842531138,0.0,0.0,0.0,0.45454545454545453,1.0,0.0,0,2,2,0,0
291,651,0.002548334805677436,0.0,0.0,0.0,0.375,1.0,0.0,10,2,1,0,0
291,652,0.04335500838762323,0.0,0.0,0.0,0.3333333333333333,0.0,1.0,0,2,1,1,0
291,653,0.008936033207558487,0.0,0.0,0.0,0.3333333333333333,0.0,0.0,0,2,1,0,0
291,654,0.01070068564984169,0.0,0.0,0.0,0.45454545454545453,0.0,0.0,0,2,2,0,1
291,655,0.01578409555473826,0.0,0.0,0.6931471805599453,0.7,0.0,0.0,0,2,3,0,0
291,656,0.03918588855214296,0.0,0.0,0.0,0.16666666666666666,0.0,1.0,0,2,2,0,0
291,657,0.0,0.0,0.0,1.0986122886681098,0.75,0.0,0.0,0,2,3,0,0
291,658,0.01876667343400146,0.0,0.0,0.0,0.45454545454545453,1.0,0.0,0,2,2,0,0
291,659,0.0,0.0,0.0,0.0,0.2857142857142857,0.0,1.0,0,2,0,0,0
291,660,0.015747050360874797,0.0,0.0,0.0,0.7,0.0,0.0,0,2,2,0,0
291,661,0.0033486251395084495,0.0,0.0,0.0,0.25,0.0,1.0,0,2,2,0,0
291,662,0.008159515989923156,0.0,0.0,0.6931471805599453,0.7,0.0,0.0,10,2,2,0,0
291,663,0.13248916119618692,0.0,0.5,0.0,0.4444444444444444,1.0,0.0,50,2,2,2,0
291,664,0.006764169812234262,0.0,0.0,0.6931471805599453,0.6,1.0,0.0,0,2,1,0,0
291,665,0.05330498626226947,0.0,0.8164965809277261,0.6931471805599453,0.6666666666666666,0.0,0.0,100,2,3,2,1
291,666,0.011501579274996409,0.0,0.0,0.0,0.4444444444444444,0.0,1.0,0,2,2,0,0
291,667,0.0023345528975908946,0.0,0.0,0.6931471805599453,0.5833333333333334,0.0,0.0,0,2,2,0,0
291,668,0.018331220802962622,0.0,0.0,0.0,0.42857142857142855,0.0,0.0,0,2,2,0,0
291,669,0.03389272348448165,0.0,0.0,0.6931471805599453,0.42857142857142855,0.0,0.0,0,2,3,0,0
291,670,0.009779650334517612,0.0,0.0,0.0,0.2857142857142857,0.0,1.0,0,2,1,0,0
291,671,0.012888419741292633,0.0,0.0,0.6931471805599453,0.4444444444444444,0.0,0.0,0,2,1,0,1
291,672,0.0031259761095188865,0.0,0.0,0.0,0.5714285714285714,1.0,0.0,0,2,1,0,0
291,673,0.010522430260975204,0.0,0.0,0.6931471805599453,0.2727272727272727,0.0,1.0,0,2,1,0,0
291,674,0.0432423133098833,0.0,0.0,0.0,0.25,0.0,1.0,0,2,1,0,0
291,675,0.0063520639221175765,0.0,0.0,0.0,0.4444444444444444,1.0,0.0,10,2,1,1,0
291,676,0.03544973005192664,0.0,0.0,0.0,0.5,0.0,0.0,10,2,2,1,0
291,677,0.012717501331439543,0.0,0.0,0.6931471805599453,0.5,0.0,0.0,0,2,0,0,0
291,678,0.08001519403251478,0.0,0.0,0.0,0.5,0.0,0.0,10,2,0,2,0
291,679,0.014821788775642799,0.0,0.0,0.0,0.6666666666666666,0.0,0.0,0,2,1,0,0
291,680,0.006493069245882889,0.0,0.0,0.0,0.38461538461538464,0.0,1.0,10,2,2,1,0
291,681,0.0011424018090656852,0.0,0.5,0.0,0.5,1.0,0.0,50,2,2,0,0
291,682,0.01107338482648819,0.0,0.0,0.6931471805599453,0.625,0.0,0.0,0,2,1,0,0
292,623,0.14529566890062398,0.2,0.5,1.0986122886681098,0.7142857142857143,0.0,0.0,100,2,8,2,0
292,624,0.007927207051485542,0.0,0.0,0.0,0.2857142857142857,0.0,0.0,0,2,0,0,0
292,625,0.012374482632632824,0.0,0.0,0.0,0.2857142857142857,0.0,0.0,10,2,0,1,0
292,626,0.004793042717097297,0.0,0.0,0.0,0.4,0.0,1.0,0,2,1,0,0
292,627,0.0,0.0,0.0,0.0,0.3333333333333333,0.0,1.0,0,2,1,0,0
292,628,0.0,0.0,0.0,0.0,0.6,0.0,0.0,0,2,1,0,0
292,629,0.008644598140617158,0.0,0.0,0.0,0.25,0.0,1.0,0,2,1,0,0
292,630,0.07177521009128707,0.0,0.5,0.6931471805599453,0.46153846153846156,0.0,1.0,50,2,2,2,0
292,631,0.01263462075730428,0.0,0.0,0.0,0.3333333333333333,0.0,0.0,0,2,1,0,0
292,632,0.0662992846036823,0.0,0.5,0.0,0.36363636363636365,0.0,1.0,50,2,2,2,0
292,633,0.005559917135888527,0.0,0.0,0.0,0.4,0.0,0.0,0,2,0,0,0
292,634,0.010151988378484512,0.0,0.0,0.0,0.42857142857142855,0.0,0.0,0,2,0,0,0
292,635,0.01922892847811248,0.0,0.0,0.6931471805599453,0.5,0.0,0.0,0,2,1,0,0
292,636,0.020150237927402035,0.0,0.0,0.0,0.5454545454545454,1.0,0.0,0,2,2,0,0
292,637,0.02048950645917472,0.0,0.0,0.0,0.2,0.0,1.0,0,2,1,0,0
292,638,0.004386541593639561,0.0,0.0,0.0,0.5555555555555556,0.0,0.0,0,2,0,0,0
292,639,0.06246840395027439,0.0,0.7071067811865475,0.0,0.5,1.0,0.0,50,2,1,2,1
292,640,0.028673997807989335,0.0,0.0,0.6931471805599453,0.3333333333333333,0.0,0.0,0,2,2,0,0
292,641,0.004369466225747901,0.0,0.0,0.0,0.2,0.0,1.0,0,2,2,1,1
292,642,0.029295809769560463,0.0,0.5,0.0,0.6,0.0,0.0,50,2,2,2,0
292,643,0.0062644567432639355,0.0,0.0,0.0,0.5714285714285714,0.0,1.0,0,2,1,0,0
292,644,0.0,0.0,0.0,0.6931471805599453,0.42857142857142855,0.0,0.0,0,2,1,0,0
292,645,0.009112338431395238,0.0,0.0,0.0,0.42857142857142855,1.0,0.0,0,2,0,0,0
292,646,0.0,0.0,0.0,0.0,0.625,0.0,0.0,0,2,1,0,0
292,647,0.009374697894924084,0.0,0.0,0.0,0.6666666666666666,0.0,0.0,0,2,1,0,0
292,648,0.007715302042910899,0.0,0.0,0.0,0.2857142857142857,0.0,1.0,0,2,3,1,0
292,649,0.08882956457858271,0.0,0.7071067811865475,0.0,0.5,0.0,0.0,50,2,1,2,1
292,650,0.004979243480007878,0.0,0.0,0.0,0.45454545454545453,1.0,0.0,0,2,2,0,0
292,651,0.0018841750759517625,0.0,0.0,0.0,0.375,1.0,0.0,0,2,1,0,0
292,652,0.02034097499919938,0.0,0.0,0.0,0.3333333333333333,0.0,1.0,0,2,1,0,0
292,653,0.1825021506296484,0.2,0.7071067811865475,0.0,0.3333333333333333,0.0,0.0,50,2,1,2,1
292,654,0.05713073240797574,0.0,0.0,0.0,0.45454545454545453,0.0,0.0,0,2,2,0,0
292,655,0.021537987681056466,0.0,0.0,0.6931471805599453,0.7,0.0,0.0,0,2,3,1,0
292,656,0.0034993762280366263,0.0,0.0,0.0,0.16666666666666666,0.0,1.0,0,2,2,1,0
292,657,0.01264023741241396,0.0,0.0,1.0986122886681098,0.75,0.0,0.0,0,2,3,0,1
292,658,0.007693485983929437,0.0,0.0,0.0,0.45454545454545453,1.0,0.0,0,2,2,0,0
292,659,0.07099993422552912,0.0,0.0,0.0,0.2857142857142857,0.0,1.0,10,2,0,2,0
292,660,0.05898327156334038,0.0,0.5,0.0,0.7,0.0,0.0,50,2,2,2,1
292,661,0.046986220760647526,0.0,0.0,0.0,0.25,0.0,1.0,0,2,2,0,0
292,662,0.005002570710789647,0.0,0.0,0.6931471805599453,0.7,0.0,0.0,0,2,2,0,0
292,663,0.016967022642899107,0.0,0.0,0.0,0.4444444444444444,1.0,0.0,0,2,2,0,0
292,664,0.020551268085288527,0.0,0.0,0.6931471805599453,0.6,1.0,0.0,0,2,1,0,0
292,665,0.0017935720740475153,0.0,0.0,0.6931471805599453,0.6666666666666666,0.0,0.0,0,2,3,0,0
292,666,0.017464559728882636,0.0,0.0,0.0,0.4444444444444444,0.0,1.0,0,2,2,0,0
292,667,0.015646788580178393,0.0,0.0,0.6931471805599453,0.5833333333333334,0.0,0.0,0,2,2,0,0
292,668,0.007660018242637741,0.0,0.5,0.0,0.42857142857142855,0.0,0.0,50,2,2,0,0
292,669,0.005390050028654487,0.0,0.0,0.6931471805599453,0.42857142857142855,0.0,0.0,0,2,3,1,0
292,670,0.42497067880666783,0.2,0.0,0.0,0.2857142857142857,0.0,1.0,10,2,1,3,0
292,671,0.0,0.0,0.0,0.6931471805599453,0.5,0.0,0.0,0,2,1,0,0
292,672,0.026565948115751123,0.0,0.0,0.0,0.5714285714285714,1.0,0.0,0,2,1,1,0
292,673,0.0,0.0,0.0,0.6931471805599453,0.2727272727272727,0.0,1.0,0,2,1,0,0
292,674,0.018210397979708623,0.0,0.0,0.0,0.25,0.0,1.0,0,2,1,0,0
292,675,0.007837732360710096,0.0,0.0,0.0,0.4444444444444444,1.0,0.0,0,2,1,0,0
292,676,0.01657828840237072,0.0,0.0,0.0,0.5,0.0,0.0,0,2,2,0,0
292,677,0.0,0.0,0.0,0.6931471805599453,0.5,0.0,0.0,0,2,0,0,0
292,678,0.005675246468686379,0.0,0.0,0.0,0.5,0.0,0.0,0,2,0,0,0
292,679,0.004140512548794824,0.0,0.0,0.0,0.6666666666666666,0.0,0.0,0,2,1,0,0
292,680,0.01383483774351348,0.0,0.0,0.0,0.38461538461538464,0.0,1.0,0,2,2,0,0
292,681,0.04416980764461806,0.0,0.5,0.0,0.5,1.0,0.0,50,2,2,2,1
292,682,0.0,0.0,0.0,0.6931471805599453,0.625,0.0,0.0,0,2,1,0,0
293,623,0.1563281511736751,1.0,0.35355339059327373,1.0986122886681098,0.7142857142857143,0.0,0.0,100,1,8,2,0
293,624,0.04941826010229128,0.0,0.0,0.0,0.2857142857142857,0.0,0.0,10,1,0,0,0
293,625,0.08412081528018603,0.0,0.0,0.0,0.25,0.0,0.0,0,1,0,0,0
293,626,0.12750674983105983,0.0,1.0,0.0,0.4,0.0,1.0,100,1,1,2,0
293,627,0.010086882486103286,0.0,0.0,0.0,0.3333333333333333,0.0,1.0,0,1,1,0,0
293,628,0.054990221837365606,0.0,0.0,0.0,0.6,0.0,0.0,20,1,1,1,1
293,629,0.017106189624839348,0.0,0.0,0.0,0.25,0.0,1.0,10,1,1,0,0
293,630,0.03968291030369988,0.0,0.0,0.6931471805599453,0.46153846153846156,0.0,1.0,20,1,2,0,0
293,631,0.027546091853042964,0.0,0.0,0.0,0.3333333333333333,0.0,0.0,0,1,1,1,0
293,632,0.01125091992182299,0.0,0.0,0.0,0.36363636363636365,0.0,1.0,0,1,2,0,0
293,633,0.03291066744634396,0.0,0.0,0.0,0.4,0.0,0.0,0,1,0,0,0
293,634,0.04234452779593291,0.0,0.0,0.0,0.42857142857142855,0.0,0.0,10,1,0,0,0
293,635,0.02729054488020676,0.0,0.0,0.6931471805599453,0.5,0.0,0.0,10,1,1,0,0
293,636,0.014549561263589776,0.0,0.0,0.0,0.5454545454545454,1.0,0.0,20,1,2,0,0
293,637,0.015865337458992688,0.0,0.0,0.0,0.2,0.0,1.0,0,1,1,0,0
293,638,0.03235974160806316,0.0,0.0,0.0,0.5555555555555556,0.0,0.0,10,1,0,0,0
293,639,0.0028134929684807512,0.0,0.0,0.0,0.5,1.0,0.0,0,1,1,0,0
293,640,0.4638040054845181,1.0,0.7071067811865475,0.6931471805599453,0.3333333333333333,0.0,0.0,100,1,2,3,0
293,641,0.0857047093747316,0.0,0.7071067811865475,0.0,0.2,0.0,1.0,100,1,2,2,1
293,642,0.01094236054371466,0.0,0.0,0.0,0.6,0.0,0.0,0,1,2,0,0
293,643,0.025114643792200242,0.0,0.0,0.0,0.5714285714285714,0.0,1.0,0,1,1,0,0
293,644,0.007489930406666498,0.0,0.0,0.6931471805599453,0.42857142857142855,0.0,0.0,20,1,1,1,0
293,645,0.012872356458908978,0.0,0.0,0.0,0.42857142857142855,1.0,0.0,0,1,0,0,0
293,646,0.020179463451667035,0.0,0.0,0.0,0.625,0.0,0.0,0,1,1,0,0
293,647,0.014996437157560018,0.0,0.0,0.0,0.6666666666666666,0.0,0.0,10,1,1,0,0
293,648,0.07991328561669431,0.0,0.5773502691896258,0.0,0.2857142857142857,0.0,1.0,100,1,3,2,0
293,649,0.0031358760945762823,0.0,0.0,0.0,0.5,0.0,0.0,0,1,1,0,0
293,650,0.00572786618325766,0.0,0.0,0.0,0.45454545454545453,1.0,0.0,0,1,2,0,0
293,651,0.019032839164179145,0.0,0.0,0.0,0.375,1.0,0.0,0,1,1,0,0
293,652,0.07778437421457521,0.0,0.0,0.0,0.3333333333333333,0.0,1.0,20,1,1,0,0
293,653,0.026416653891593707,0.0,0.0,0.0,0.3333333333333333,0.0,0.0,0,1,1,0,0
293,654,0.0,0.0,0.7071067811865475,0.0,0.45454545454545453,0.0,0.0,100,1,2,2,0
293,655,0.023581241730753565,0.0,0.0,0.6931471805599453,0.7,0.0,0.0,10,1,3,0,0
293,656,0.03803612554009605,0.0,0.0,0.0,0.16666666666666666,0.0,1.0,0,1,2,0,0
293,657,0.05228232939922501,0.0,0.0,1.0986122886681098,0.75,0.0,0.0,10,1,3,0,0
293,658,0.028693806731359364,0.0,0.0,0.0,0.45454545454545453,1.0,0.0,10,1,2,0,0
293,659,0.0,0.0,0.0,0.0,0.2857142857142857,0.0,1.0,0,1,0,0,0
293,660,0.022201731595225416,0.0,0.0,0.0,0.7,0.0,0.0,10,1,2,0,0
293,661,0.008202853595561922,0.0,0.7071067811865475,0.0,0.25,0.0,1.0,100,1,2,2,0
293,662,0.006267667747362338,0.0,0.0,0.6931471805599453,0.7,0.0,0.0,0,1,2,0,1
293,663,0.018668258969212093,0.0,0.0,0.0,0.4444444444444444,1.0,0.0,10,1,2,0,0
293,664,0.030249857369305272,0.0,0.0,0.6931471805599453,0.6,1.0,0.0,0,1,1,0,0
293,665,0.0036809485087303654,0.0,0.0,0.6931471805599453,0.6666666666666666,0.0,0.0,10,1,3,0,0
293,666,0.004966396331386602,0.0,0.7071067811865475,0.0,0.4444444444444444,0.0,1.0,100,1,2,1,0
293,667,0.05357870068765612,0.0,0.0,0.6931471805599453,0.5833333333333334,0.0,0.0,0,1,2,1,0
293,668,0.048042073339963534,0.0,0.0,0.0,0.42857142857142855,0.0,0.0,10,1,2,0,0
293,669,0.031292389748375726,0.0,0.0,0.6931471805599453,0.42857142857142855,0.0,0.0,10,1,3,0,0
293,670,0.009813114488260836,0.0,0.0,0.0,0.2857142857142857,0.0,1.0,0,1,1,0,0
293,671,0.005805419550862182,0.0,0.0,0.6931471805599453,0.4444444444444444,0.0,0.0,0,1,1,0,0
293,672,0.023615554418987293,0.0,0.0,0.0,0.5714285714285714,1.0,0.0,10,1,1,0,1
293,673,0.02727442001064293,0.0,0.0,0.6931471805599453,0.2727272727272727,0.0,1.0,0,1,1,1,0
293,674,0.01611348420408045,0.0,0.0,0.0,0.25,0.0,1.0,0,1,1,1,0
293,675,0.013297325805089275,0.0,0.0,0.0,0.4444444444444444,1.0,0.0,0,1,1,0,0
293,676,0.025701558252365385,0.0,0.0,0.0,0.5,0.0,0.0,10,1,2,1,0
293,677,0.017024112781476714,0.0,0.0,0.6931471805599453,0.5,0.0,0.0,0,1,0,0,0
293,678,0.031021838528249503,0.0,0.0,0.0,0.5,0.0,0.0,10,1,0,0,0
293,679,0.029379216389948084,0.0,0.0,0.0,0.6666666666666666,0.0,0.0,10,1,1,0,0
293,680,0.015518849315324743,0.0,0.0,0.0,0.38461538461538464,0.0,1.0,0,1,2,0,0
293,681,0.001308071438704517,0.0,0.0,0.0,0.5,1.0,0.0,0,1,2,0,0
293,682,0.03207262594121804,0.0,0.0,0.6931471805599453,0.625,0.0,0.0,10,1,1,0,0
294,623,0.018960232715516154,0.0,0.0,1.0986122886681098,0.7142857142857143,0.0,0.0,0,1,8,0,0
294,624,0.010486636417961017,0.0,0.0,0.0,0.2857142857142857,0.0,0.0,10,1,0,0,0
294,625,0.001581005094442843,0.0,0.0,0.0,0.25,0.0,0.0,0,1,0,0,0
294,626,0.002167473337559103,0.0,0.0,0.0,0.4,0.0,1.0,0,1,1,0,0
294,627,0.014092424309229148,0.0,0.0,0.0,0.3333333333333333,0.0,1.0,0,1,1,0,0
294,628,0.0017864787009219442,0.0,0.0,0.0,0.6,0.0,0.0,0,1,1,0,0
294,629,0.009656069905559256,0.0,0.0,0.0,0.25,0.0,1.0,10,1,1,0,0
294,630,0.016448581963569544,0.0,0.0,0.6931471805599453,0.46153846153846156,0.0,1.0,0,1,2,0,0
294,631,0.015122690898664241,0.0,0.0,0.0,0.3333333333333333,0.0,0.0,0,1,1,0,0
294,632,0.022700845129627556,0.0,0.0,0.0,0.36363636363636365,0.0,1.0,0,1,2,0,0
294,633,0.13870994616226995,0.0,0.0,0.0,0.4,0.0,0.0,10,1,0,2,1
294,634,0.537607874342633,1.0,0.0,0.0,0.42857142857142855,0.0,0.0,35,1,0,3,1
294,635,0.4093231453915525,1.0,1.0,0.6931471805599453,0.5,0.0,0.0,100,1,1,3,0
294,636,0.26788697453774574,1.0,0.7071067811865475,0.0,0.5454545454545454,1.0,0.0,100,1,2,3,1
294,637,0.016705997768152722,0.0,0.0,0.0,0.2,0.0,1.0,0,1,1,0,0
294,638,0.47973726648127263,1.0,0.0,0.0,0.5555555555555556,0.0,0.0,30,1,0,3,1
294,639,0.012664953225951134,0.0,0.0,0.0,0.5,1.0,0.0,0,1,1,0,0
294,640,0.15514526321468927,0.75,0.7071067811865475,0.6931471805599453,0.3333333333333333,0.0,0.0,100,1,2,3,1
294,641,0.02096877128572778,0.0,0.0,0.0,0.2,0.0,1.0,0,1,2,0,0
294,642,0.0021947988683053213,0.0,0.0,0.0,0.6,0.0,0.0,0,1,2,0,0
294,643,0.0018230273788527572,0.0,0.0,0.0,0.5714285714285714,0.0,1.0,0,1,1,0,0
294,644,0.0017553778662662896,0.0,0.0,0.6931471805599453,0.42857142857142855,0.0,0.0,0,1,1,0,0
294,645,0.009304705847071354,0.0,0.0,0.0,0.42857142857142855,1.0,0.0,0,1,0,0,0
294,646,0.0012819386290302828,0.0,0.0,0.0,0.625,0.0,0.0,0,1,1,0,0
294,647,0.029598375994883297,0.0,0.0,0.0,0.6666666666666666,0.0,0.0,10,1,1,0,0
294,648,0.0190151881625268,0.0,0.0,0.0,0.2857142857142857,0.0,1.0,0,1,3,1,0
294,649,0.016083427681419408,0.0,0.0,0.0,0.5,0.0,0.0,0,1,1,0,0
294,650,0.003341382044093243,0.0,0.0,0.0,0.45454545454545453,1.0,0.0,0,1,2,0,0
294,651,0.0015625851686122724,0.0,0.0,0.0,0.375,1.0,0.0,0,1,1,1,0
294,652,0.0017746376206822202,0.0,0.0,0.0,0.3333333333333333,0.0,1.0,0,1,1,0,0
294,653,0.0021399913645609335,0.0,0.0,0.0,0.3333333333333333,0.0,0.0,0,1,1,0,0
294,654,0.07772130648579587,0.5,0.7071067811865475,0.0,0.45454545454545453,0.0,0.0,100,1,2,3,0
294,655,0.012406252194570323,0.0,0.0,0.6931471805599453,0.7,0.0,0.0,0,1,3,0,0
294,656,0.06893633342398814,0.0,0.7071067811865475,0.0,0.16666666666666666,0.0,1.0,100,1,2,2,1
294,657,0.035608421964344876,0.0,0.0,1.0986122886681098,0.75,0.0,0.0,10,1,3,0,0
294,658,0.0016790988543004515,0.0,0.0,0.0,0.45454545454545453,1.0,0.0,0,1,2,0,0
294,659,0.007810524269818077,0.0,0.0,0.0,0.2857142857142857,0.0,1.0,0,1,0,0,0
294,660,0.008443754894183994,0.0,0.0,0.0,0.7,0.0,0.0,0,1,2,0,0
294,661,0.044617663729534025,0.0,0.0,0.0,0.25,0.0,1.0,0,1,2,0,0
294,662,0.007372926848074307,0.0,0.0,0.6931471805599453,0.7,0.0,0.0,0,1,2,0,0
294,663,0.002073986811599309,0.0,0.0,0.0,0.4444444444444444,1.0,0.0,0,1,2,0,0
294,664,0.0018430697874622886,0.0,0.0,0.6931471805599453,0.6,1.0,0.0,0,1,1,1,0
294,665,0.0046610550508228215,0.0,0.0,0.6931471805599453,0.6666666666666666,0.0,0.0,0,1,3,0,0
294,666,0.020148092672624355,0.0,0.0,0.0,0.4444444444444444,0.0,1.0,0,1,2,0,0
294,667,0.002298309053226589,0.0,0.0,0.6931471805599453,0.5833333333333334,0.0,0.0,0,1,2,0,0
294,668,0.0018965144261558504,0.0,0.0,0.0,0.42857142857142855,0.0,0.0,0,1,2,0,0
294,669,0.19185353794825385,1.0,0.5773502691896258,0.6931471805599453,0.42857142857142855,0.0,0.0,100,1,3,2,0
294,670,0.0020741070747723567,0.0,0.0,0.0,0.2857142857142857,0.0,1.0,0,1,1,0,0
294,671,0.001796609154576401,0.0,0.0,0.6931471805599453,0.4444444444444444,0.0,0.0,0,1,1,0,0
294,672,0.003323741837748683,0.0,0.0,0.0,0.5714285714285714,1.0,0.0,0,1,1,0,0
294,673,0.0018635457609465988,0.0,0.0,0.6931471805599453,0.2727272727272727,0.0,1.0,0,1,1,0,0
294,674,0.0019798732524329045,0.0,0.0,0.0,0.25,0.0,1.0,0,1,1,0,0
294,675,0.025637634098876507,0.0,0.0,0.0,0.4444444444444444,1.0,0.0,0,1,1,0,0
294,676,0.010721804425531063,0.0,0.0,0.0,0.5,0.0,0.0,0,1,2,0,0
294,677,0.0025713478513364196,0.0,0.0,0.6931471805599453,0.5,0.0,0.0,0,1,0,0,0
294,678,0.0024605151137379135,0.0,0.0,0.0,0.5,0.0,0.0,0,1,0,0,0
294,679,0.0020600813810547547,0.0,0.0,0.0,0.6666666666666666,0.0,0.0,0,1,1,0,0
294,680,0.02736277541880921,0.0,0.0,0.0,0.38461538461538464,0.0,1.0,0,1,2,0,0
294,681,0.007907850484017289,0.0,0.0,0.0,0.5,1.0,0.0,0,1,2,0,0
294,682,0.0019528834099236537,0.0,0.0,0.6931471805599453,0.625,0.0,0.0,0,1,1,0,0
295,623,0.023054699861746093,0.0,0.35355339059327373,1.0986122886681098,0.7142857142857143,0.0,0.0,100,1,8,1,0
295,624,0.0,0.0,0.0,0.0,0.2857142857142857,0.0,0.0,0,1,0,0,0
295,625,0.0008644479307845449,0.0,0.0,0.0,0.25,0.0,0.0,0,1,0,0,0
295,626,0.01050468955182679,0.0,0.0,0.0,0.4,0.0,1.0,0,1,1,0,0
295,627,0.0,0.0,0.0,0.0,0.3333333333333333,0.0,1.0,0,1,1,0,0
295,628,0.0,0.0,0.0,0.0,0.6,0.0,0.0,0,1,1,0,0
295,629,0.0,0.0,0.0,0.0,0.25,0.0,1.0,0,1,1,0,0
295,630,0.01470899700029792,0.0,0.0,0.6931471805599453,0.46153846153846156,0.0,1.0,0,1,2,0,0
295,631,0.007655243498794047,0.0,0.0,0.0,0.36363636363636365,0.0,0.0,0,1,1,0,0
295,632,0.031612868644324485,0.0,0.0,0.0,0.36363636363636365,0.0,1.0,0,1,2,0,0
295,633,0.03911384421884083,0.0,0.0,0.0,0.4,0.0,0.0,0,1,0,0,0
295,634,0.0073791506019339585,0.0,0.0,0.0,0.42857142857142855,0.0,0.0,0,1,0,0,0
295,635,0.006946497483842054,0.0,0.0,0.6931471805599453,0.5,0.0,0.0,0,1,1,0,1
295,636,0.4843011395681267,1.0,0.7071067811865475,0.0,0.5454545454545454,1.0,0.0,100,1,2,3,1
295,637,0.04395983066429509,0.0,0.0,0.0,0.2,0.0,1.0,0,1,1,0,0
295,638,0.0026989236382930757,0.0,0.0,0.0,0.5555555555555556,0.0,0.0,0,1,0,0,0
295,639,0.004715138618246766,0.0,0.0,0.0,0.5,1.0,0.0,0,1,1,0,0
295,640,0.009106929915451006,0.0,0.0,0.6931471805599453,0.3333333333333333,0.0,0.0,0,1,2,0,0
295,641,0.013079765230579726,0.0,0.0,0.0,0.2,0.0,1.0,0,1,2,0,0
295,642,0.006216756175399093,0.0,0.0,0.0,0.6,0.0,0.0,0,1,2,0,0
295,643,0.040195687945438784,0.0,1.0,0.0,0.5714285714285714,0.0,1.0,100,1,1,2,0
295,644,0.0,0.0,0.0,0.6931471805599453,0.42857142857142855,0.0,0.0,0,1,1,0,0
295,645,0.026067676162089708,0.0,0.0,0.0,0.42857142857142855,1.0,0.0,0,1,0,0,0
295,646,0.0,0.0,0.0,0.0,0.625,0.0,0.0,0,1,1,0,0
295,647,0.003997061162331202,0.0,0.0,0.0,0.6666666666666666,0.0,0.0,0,1,1,1,0
295,648,0.01672653487788119,0.0,0.0,0.0,0.2857142857142857,0.0,1.0,0,1,3,0,0
295,649,0.004864060742536557,0.0,0.0,0.0,0.5,0.0,0.0,0,1,1,0,0
295,650,0.02146636337622037,0.0,0.0,0.0,0.45454545454545453,1.0,0.0,0,1,2,0,0
295,651,0.006927438055887383,0.0,0.0,0.0,0.375,1.0,0.0,0,1,1,0,0
295,652,0.014838785579561203,0.0,0.0,0.0,0.3333333333333333,0.0,1.0,0,1,1,0,0
295,653,0.012304554107258833,0.0,0.0,0.0,0.3333333333333333,0.0,0.0,0,1,1,0,0
295,654,0.03427272448445794,0.0,0.0,0.0,0.45454545454545453,0.0,0.0,0,1,2,0,0
295,655,0.011191130665916862,0.0,0.0,0.6931471805599453,0.7,0.0,0.0,0,1,3,0,1
295,656,0.005742390515164897,0.0,0.0,0.0,0.16666666666666666,0.0,1.0,0,1,2,0,0
295,657,0.0,0.0,0.0,1.0986122886681098,0.75,0.0,0.0,0,1,3,0,1
295,658,0.0323394283489214,0.0,0.7071067811865475,0.0,0.4,1.0,0.0,100,1,2,2,0
295,659,0.003429145654154265,0.0,0.0,0.0,0.2857142857142857,0.0,1.0,0,1,0,0,1
295,660,0.01599225938705512,0.0,0.0,0.0,0.7,0.0,0.0,0,1,2,0,0
295,661,0.041301626619982455,0.0,0.7071067811865475,0.0,0.25,0.0,1.0,100,1,2,1,0
295,662,0.28761998548102563,1.0,0.7071067811865475,0.6931471805599453,0.7,0.0,0.0,100,1,2,2,1
295,663,0.004763105154875905,0.0,0.0,0.0,0.4444444444444444,1.0,0.0,0,1,2,0,0
295,664,0.004084979285438984,0.0,0.0,0.6931471805599453,0.6,1.0,0.0,0,1,1,0,0
295,665,0.017592234913004795,0.0,0.0,0.6931471805599453,0.75,0.0,0.0,0,1,3,1,0
295,666,0.5467002661329383,1.0,0.7071067811865475,0.0,0.4444444444444444,0.0,1.0,100,1,2,3,1
295,667,0.03257076552552169,0.0,0.0,0.6931471805599453,0.5833333333333334,0.0,0.0,0,1,2,0,0
295,668,0.011493993591659809,0.0,0.0,0.0,0.42857142857142855,0.0,0.0,0,1,2,0,0
295,669,0.002520304778638945,0.0,0.0,0.6931471805599453,0.42857142857142855,0.0,0.0,0,1,3,0,0
295,670,0.011925517751510153,0.0,1.0,0.0,0.2857142857142857,0.0,1.0,100,1,1,0,0
295,671,0.5503945673730981,1.0,1.0,0.6931471805599453,0.4444444444444444,0.0,0.0,100,1,1,3,1
295,672,0.009291759104936946,0.0,0.0,0.0,0.5714285714285714,1.0,0.0,0,1,1,0,0
295,673,0.0,0.0,0.0,0.6931471805599453,0.2727272727272727,0.0,1.0,0,1,1,0,0
295,674,0.006577636671539131,0.0,0.0,0.0,0.25,0.0,1.0,0,1,1,0,0
295,675,0.005717642833499515,0.0,0.0,0.0,0.4444444444444444,1.0,0.0,0,1,1,0,0
295,676,0.00399754255849581,0.0,0.0,0.0,0.5,0.0,0.0,0,1,2,0,0
295,677,0.028322862285898275,0.0,0.0,0.6931471805599453,0.5,0.0,0.0,0,1,0,1,0
295,678,0.0018834226701002614,0.0,0.0,0.0,0.5,0.0,0.0,0,1,0,0,0
295,679,0.011993592718363453,0.0,0.0,0.0,0.6666666666666666,0.0,0.0,0,1,1,0,0
295,680,0.017030268443418466,0.0,0.0,0.0,0.38461538461538464,0.0,1.0,0,1,2,0,0
295,681,0.023538588395700825,0.0,0.0,0.0,0.5,1.0,0.0,0,1,2,1,1
295,682,0.018324644999339994,0.0,0.0,0.6931471805599453,0.625,0.0,0.0,0,1,1,0,0
296,623,0.017706865087852776,0.0,0.0,1.0986122886681098,0.7142857142857143,0.0,0.0,0,1,8,0,0
296,624,0.03269699160833767,0.0,0.0,0.0,0.2857142857142857,0.0,0.0,10,1,0,0,0
296,625,0.006997345307289014,0.0,0.0,0.0,0.25,0.0,0.0,0,1,0,0,0
296,626,0.03692170929086025,0.0,0.0,0.0,0.4,0.0,1.0,0,1,1,0,0
296,627,0.008792608320388542,0.0,0.0,0.0,0.3333333333333333,0.0,1.0,0,1,1,0,0
296,628,0.011003075809391267,0.0,0.0,0.0,0.6,0.0,0.0,0,1,1,0,0
296,629,0.004525280089378228,0.0,0.0,0.0,0.25,0.0,1.0,10,1,1,0,0
296,630,0.03505582698636284,0.0,0.0,0.6931471805599453,0.46153846153846156,0.0,1.0,0,1,2,0,0
296,631,0.029384906817226587,0.0,0.0,0.0,0.3333333333333333,0.0,0.0,0,1,1,0,0
296,632,0.04941167368332154,0.0,0.0,0.0,0.36363636363636365,0.0,1.0,10,1,2,0,0
296,633,0.6231573262265696,1.0,0.0,0.0,0.4,0.0,0.0,35,1,0,3,1
296,634,0.07293576196453556,0.0,0.0,0.0,0.5,0.0,0.0,0,1,0,2,0
296,635,0.0688781455822833,0.0,1.0,0.6931471805599453,0.5,0.0,0.0,100,1,1,2,1
296,636,0.06815749291782852,0.0,0.7071067811865475,0.0,0.5454545454545454,1.0,0.0,100,1,2,2,1
296,637,0.039559559893446436,0.0,0.0,0.0,0.2,0.0,1.0,10,1,1,0,0
296,638,0.06759867965886908,0.0,0.0,0.0,0.5555555555555556,0.0,0.0,0,1,0,2,1
296,639,0.025585493604558467,0.0,0.0,0.0,0.5,1.0,0.0,10,1,1,0,0
296,640,0.022398338527627293,0.0,0.7071067811865475,0.6931471805599453,0.3333333333333333,0.0,0.0,100,1,2,2,0
296,641,0.05250704410881319,0.0,0.0,0.0,0.2,0.0,1.0,10,1,2,0,0
296,642,0.004197317910264158,0.0,0.0,0.0,0.6,0.0,0.0,0,1,2,0,0
296,643,0.018456419582572818,0.0,0.0,0.0,0.5714285714285714,0.0,1.0,0,1,1,0,0
296,644,0.006756961048934686,0.0,0.0,0.6931471805599453,0.46153846153846156,0.0,0.0,0,1,1,0,0
296,645,0.024118722819494648,0.0,0.0,0.0,0.42857142857142855,1.0,0.0,10,1,0,0,0
296,646,0.005565153581375794,0.0,0.0,0.0,0.625,0.0,0.0,0,1,1,0,0
296,647,0.06624033719218408,0.0,0.0,0.0,0.6666666666666666,0.0,0.0,10,1,1,0,0
296,648,0.03546707888931926,0.0,0.0,0.0,0.3076923076923077,0.0,1.0,10,1,3,1,0
296,649,0.025213446217524447,0.0,0.0,0.0,0.5,0.0,0.0,10,1,1,0,1
296,650,0.017166445595444422,0.0,0.0,0.0,0.45454545454545453,1.0,0.0,10,1,2,0,0
296,651,0.005087453839016876,0.0,0.0,0.0,0.375,1.0,0.0,0,1,1,1,0
296,652,0.036720859518835525,0.0,0.0,0.0,0.3333333333333333,0.0,1.0,0,1,1,0,0
296,653,0.009511838046067225,0.0,0.0,0.0,0.3333333333333333,0.0,0.0,10,1,1,0,0
296,654,0.10379299412816768,0.0,0.7071067811865475,0.0,0.45454545454545453,0.0,0.0,100,1,2,2,0
296,655,0.01993131801388345,0.0,0.0,0.6931471805599453,0.7,0.0,0.0,0,1,3,0,0
296,656,0.23875281150292502,0.75,0.7071067811865475,0.0,0.16666666666666666,0.0,1.0,100,1,2,3,0
296,657,0.024579026581035047,0.0,0.0,1.0986122886681098,0.75,0.0,0.0,0,1,3,0,0
296,658,0.022346004265080186,0.0,0.0,0.0,0.45454545454545453,1.0,0.0,0,1,2,0,0
296,659,0.016944053887639175,0.0,0.0,0.0,0.2857142857142857,0.0,1.0,0,1,0,0,0
296,660,0.027996399267359036,0.0,0.0,0.0,0.7,0.0,0.0,10,1,2,0,1
296,661,0.08727946425536992,0.0,0.0,0.0,0.25,0.0,1.0,10,1,2,0,0
296,662,0.013297807585688944,0.0,0.0,0.6931471805599453,0.7,0.0,0.0,10,1,2,0,0
296,663,0.0053022969332650475,0.0,0.0,0.0,0.4444444444444444,1.0,0.0,0,1,2,0,0
296,664,0.01875140168730772,0.0,0.0,0.6931471805599453,0.6,1.0,0.0,0,1,1,1,1
296,665,0.005957131585774687,0.0,0.0,0.6931471805599453,0.6666666666666666,0.0,0.0,0,1,3,0,1
296,666,0.03129995704739145,0.0,0.0,0.0,0.4444444444444444,0.0,1.0,20,1,2,0,0
296,667,0.012655078331087085,0.0,0.0,0.6931471805599453,0.5833333333333334,0.0,0.0,0,1,2,0,1
296,668,0.011606263620482699,0.0,0.0,0.0,0.42857142857142855,0.0,0.0,10,1,2,0,1
296,669,0.07130905696749873,0.0,0.5773502691896258,0.6931471805599453,0.42857142857142855,0.0,0.0,100,1,3,1,0
296,670,0.014089740058488467,0.0,0.0,0.0,0.2857142857142857,0.0,1.0,0,1,1,0,0
296,671,0.00394893646221508,0.0,0.0,0.6931471805599453,0.4444444444444444,0.0,0.0,0,1,1,0,0
296,672,0.012988930960736025,0.0,0.0,0.0,0.5714285714285714,1.0,0.0,0,1,1,0,0
296,673,0.012297720774357696,0.0,0.0,0.6931471805599453,0.2727272727272727,0.0,1.0,0,1,1,0,0
296,674,0.02724623043893993,0.0,0.0,0.0,0.25,0.0,1.0,10,1,1,0,0
296,675,0.020237246164019514,0.0,0.0,0.0,0.4444444444444444,1.0,0.0,10,1,1,0,0
296,676,0.034099328656054334,0.0,0.0,0.0,0.5,0.0,0.0,0,1,2,0,0
296,677,0.0,0.0,0.0,0.6931471805599453,0.5,0.0,0.0,0,1,0,0,0
296,678,0.0,0.0,0.0,0.0,0.5,0.0,0.0,0,1,0,0,1
296,679,0.01023877840267302,0.0,0.0,0.0,0.6666666666666666,0.0,0.0,10,1,1,0,1
296,680,0.015528586184505786,0.0,0.0,0.0,0.38461538461538464,0.0,1.0,0,1,2,0,0
296,681,0.018826031424020673,0.0,0.0,0.0,0.5,1.0,0.0,20,1,2,0,0
296,682,0.013120935844424121,0.0,0.0,0.6931471805599453,0.625,0.0,0.0,10,1,1,0,0
297,623,0.02723369872555956,0.0,0.0,1.0986122886681098,0.7142857142857143,0.0,0.0,0,0,8,1,0
297,624,0.017340234055387753,0.0,0.0,0.0,0.2857142857142857,0.0,0.0,0,0,0,0,0
297,625,0.03242369872823577,0.0,0.0,0.0,0.25,0.0,0.0,0,0,0,0,0
297,626,0.06439412144450646,0.0,0.0,0.0,0.4,0.0,1.0,0,0,1,1,0
297,627,0.09342456018640388,0.0,0.0,0.0,0.3333333333333333,0.0,1.0,10,0,1,0,0
297,628,0.6044440272060154,1.0,0.0,0.0,0.6,0.0,0.0,35,0,1,3,1
297,629,0.058926052631763516,0.0,0.0,0.0,0.25,0.0,1.0,0,0,1,0,0
297,630,0.02130451030264437,0.0,0.0,0.6931471805599453,0.46153846153846156,0.0,1.0,0,0,2,0,0
297,631,0.011123601058872886,0.0,0.0,0.0,0.3333333333333333,0.0,0.0,0,0,1,2,0
297,632,0.02389020477748948,0.0,0.0,0.0,0.36363636363636365,0.0,1.0,0,0,2,0,0
297,633,0.010898547308177346,0.0,0.0,0.0,0.4,0.0,0.0,0,0,0,0,0
297,634,0.0071171926810988835,0.0,0.0,0.0,0.42857142857142855,0.0,0.0,0,0,0,0,0
297,635,0.012724211399164237,0.0,0.0,0.6931471805599453,0.5,0.0,0.0,0,0,1,0,0
297,636,0.0085463970432443,0.0,0.0,0.0,0.5454545454545454,1.0,0.0,0,0,2,0,0
297,637,0.02665409745316906,0.0,0.0,0.0,0.2,0.0,1.0,0,0,1,0,0
297,638,0.00707470378876404,0.0,0.0,0.0,0.5555555555555556,0.0,0.0,0,0,0,0,0
297,639,0.01308796160170356,0.0,0.0,0.0,0.5,1.0,0.0,0,0,1,0,0
297,640,0.05175339199059492,0.0,0.0,0.6931471805599453,0.3333333333333333,0.0,0.0,0,0,2,1,0
297,641,0.044538946171252244,0.0,0.0,0.0,0.2,0.0,1.0,0,0,2,1,0
297,642,0.00787206222073802,0.0,0.0,0.0,0.6,0.0,0.0,0,0,2,0,0
297,643,0.025226944073933555,0.0,0.0,0.0,0.5714285714285714,0.0,1.0,0,0,1,0,0
297,644,0.5511512968174127,1.0,0.0,0.6931471805599453,0.42857142857142855,0.0,0.0,35,0,1,3,1
297,645,0.021516084800105115,0.0,0.0,0.0,0.42857142857142855,1.0,0.0,0,0,0,0,0
297,646,0.0041390348338502594,0.0,0.0,0.0,0.5714285714285714,0.0,0.0,0,0,1,0,0
297,647,0.010359423695381158,0.0,0.0,0.0,0.6666666666666666,0.0,0.0,0,0,1,0,0
297,648,0.01863229369671729,0.0,0.0,0.0,0.2857142857142857,0.0,1.0,0,0,3,1,0
297,649,0.011487364979251392,0.0,0.0,0.0,0.5,0.0,0.0,0,0,1,0,0
297,650,0.010257599972717638,0.0,0.0,0.0,0.45454545454545453,1.0,0.0,0,0,2,0,0
297,651,0.001463678924631164,0.0,0.0,0.0,0.375,1.0,0.0,0,0,1,0,0
297,652,0.021985899425851118,0.0,0.0,0.0,0.3333333333333333,0.0,1.0,0,0,1,0,0
297,653,0.01024210895598722,0.0,0.0,0.0,0.3333333333333333,0.0,0.0,0,0,1,0,0
297,654,0.001506613573646118,0.0,0.0,0.0,0.45454545454545453,0.0,0.0,0,0,2,1,0
297,655,0.021602280166856513,0.0,0.0,0.6931471805599453,0.7,0.0,0.0,0,0,3,0,0
297,656,0.0144973775496816,0.0,0.0,0.0,0.16666666666666666,0.0,1.0,0,0,2,0,0
297,657,0.00838510231084608,0.0,0.0,1.0986122886681098,0.75,0.0,0.0,0,0,3,0,0
297,658,0.022916921604287217,0.0,0.0,0.0,0.45454545454545453,1.0,0.0,0,0,2,0,0
297,659,0.011183206848090828,0.0,0.0,0.0,0.2857142857142857,0.0,1.0,0,0,0,0,0
297,660,0.030615355442924302,0.0,0.0,0.0,0.7,0.0,0.0,0,0,2,0,0
297,661,0.006709167410316002,0.0,0.0,0.0,0.25,0.0,1.0,0,0,2,1,0
297,662,0.015657228179295348,0.0,0.0,0.6931471805599453,0.7,0.0,0.0,0,0,2,0,0
297,663,0.01885372643806861,0.0,0.0,0.0,0.4444444444444444,1.0,0.0,0,0,2,0,0
297,664,0.0017264098359059538,0.0,0.0,0.6931471805599453,0.6,1.0,0.0,0,0,1,0,0
297,665,0.005968508807092687,0.0,0.0,0.6931471805599453,0.6666666666666666,0.0,0.0,0,0,3,0,0
297,666,0.043075249570866725,0.0,0.0,0.0,0.4444444444444444,0.0,1.0,0,0,2,1,0
297,667,0.033897728807476275,0.0,0.0,0.6931471805599453,0.5833333333333334,0.0,0.0,10,0,2,2,0
297,668,0.02616751355625021,0.0,0.0,0.0,0.42857142857142855,0.0,0.0,0,0,2,0,0
297,669,0.012769597455760501,0.0,0.0,0.6931471805599453,0.42857142857142855,0.0,0.0,0,0,3,0,0
297,670,0.0038224120321545445,0.0,0.0,0.0,0.3333333333333333,0.0,1.0,0,0,1,0,0
297,671,0.05186975325102875,0.0,0.0,0.6931471805599453,0.4444444444444444,0.0,0.0,10,0,1,0,0
297,672,0.01046642746044268,0.0,0.0,0.0,0.5714285714285714,1.0,0.0,0,0,1,0,0
297,673,0.5737136842078902,1.0,0.0,0.6931471805599453,0.2727272727272727,0.0,1.0,35,0,1,3,0
297,674,0.013960790804562237,0.0,0.0,0.0,0.25,0.0,1.0,0,0,1,2,0
297,675,0.09986201470980434,0.0,0.0,0.0,0.4444444444444444,1.0,0.0,10,0,1,0,0
297,676,0.014228332809964874,0.0,0.0,0.0,0.5555555555555556,0.0,0.0,10,0,2,2,0
297,677,0.011087883189314932,0.0,0.0,0.6931471805599453,0.5,0.0,0.0,0,0,0,0,0
297,678,0.011528344708620877,0.0,0.0,0.0,0.5,0.0,0.0,0,0,0,0,0
297,679,0.02211254811133338,0.0,0.0,0.0,0.6666666666666666,0.0,0.0,0,0,1,0,0
297,680,0.07344986506310483,0.0,0.0,0.0,0.38461538461538464,0.0,1.0,10,0,2,0,0
297,681,0.012640461745180003,0.0,0.0,0.0,0.5,1.0,0.0,0,0,2,0,0
297,682,0.024548444297228064,0.0,0.0,0.6931471805599453,0.625,0.0,0.0,0,0,1,0,1
298,623,0.10592521943974115,0.5,0.0,1.0986122886681098,0.7142857142857143,0.0,0.0,35,1,8,2,0
298,624,0.0,0.0,0.0,0.0,0.2857142857142857,0.0,0.0,0,1,0,0,0
298,625,0.0,0.0,0.0,0.0,0.25,0.0,0.0,0,1,0,0,0
298,626,0.010052521383849468,0.0,0.0,0.0,0.4,0.0,1.0,0,1,1,0,0
298,627,0.0894890326581758,0.0,0.0,0.0,0.3333333333333333,0.0,1.0,10,1,1,0,0
298,628,0.03435019567466682,0.0,0.0,0.0,0.6,0.0,0.0,10,1,1,0,0
298,629,0.0,0.0,0.0,0.0,0.25,0.0,1.0,0,1,1,0,0
298,630,0.02438972732240116,0.0,0.0,0.6931471805599453,0.46153846153846156,0.0,1.0,0,1,2,0,0
298,631,0.014678737627462779,0.0,0.0,0.0,0.3333333333333333,0.0,0.0,10,1,1,0,0
298,632,0.061092963012715835,0.0,0.0,0.0,0.36363636363636365,0.0,1.0,10,1,2,0,0
298,633,0.014053719652053574,0.0,0.0,0.0,0.4,0.0,0.0,0,1,0,0,0
298,634,0.0020315363727071386,0.0,0.0,0.0,0.42857142857142855,0.0,0.0,0,1,0,0,1
298,635,0.0064108650288636874,0.0,1.0,0.6931471805599453,0.5,0.0,0.0,100,1,1,0,0
298,636,0.01479320887056536,0.0,0.7071067811865475,0.0,0.5454545454545454,1.0,0.0,100,1,2,2,0
298,637,0.03865082701717064,0.0,0.0,0.0,0.2,0.0,1.0,10,1,1,0,0
298,638,0.0,0.0,0.0,0.0,0.5555555555555556,0.0,0.0,0,1,0,0,0
298,639,0.0055016664588746515,0.0,0.0,0.0,0.5,1.0,0.0,0,1,1,0,0
298,640,0.008612894814711423,0.0,0.7071067811865475,0.6931471805599453,0.3333333333333333,0.0,0.0,100,1,2,0,0
298,641,0.026784493134722396,0.0,0.0,0.0,0.2,0.0,1.0,10,1,2,0,0
298,642,0.009432970502403442,0.0,0.0,0.0,0.6,0.0,0.0,0,1,2,0,0
298,643,0.6157466388814204,1.0,0.0,0.0,0.5714285714285714,0.0,1.0,35,1,1,3,1
298,644,0.0123408484882238,0.0,0.0,0.6931471805599453,0.42857142857142855,0.0,0.0,0,1,1,0,0
298,645,0.06812157113191192,0.0,0.0,0.0,0.42857142857142855,1.0,0.0,0,1,0,0,0
298,646,0.017234972483474695,0.0,0.0,0.0,0.625,0.0,0.0,10,1,1,0,0
298,647,0.059064605761137194,0.0,0.0,0.0,0.6666666666666666,0.0,0.0,10,1,1,1,0
298,648,0.038693114720007735,0.0,0.0,0.0,0.2857142857142857,0.0,1.0,10,1,3,0,0
298,649,0.003065829507177282,0.0,0.0,0.0,0.5,0.0,0.0,0,1,1,0,0
298,650,0.07635519209160177,0.0,0.0,0.0,0.45454545454545453,1.0,0.0,0,1,2,0,0
298,651,0.0,0.0,0.0,0.0,0.375,1.0,0.0,0,1,1,0,0
298,652,0.028409872157840764,0.0,0.0,0.0,0.3333333333333333,0.0,1.0,10,1,1,0,0
298,653,0.01678695645169796,0.0,0.0,0.0,0.3333333333333333,0.0,0.0,0,1,1,0,0
298,654,0.008912383461552879,0.0,0.7071067811865475,0.0,0.45454545454545453,0.0,0.0,100,1,2,0,0
298,655,0.030587565683320654,0.0,0.0,0.6931471805599453,0.7,0.0,0.0,20,1,3,0,0
298,656,0.02211093373979441,0.0,0.7071067811865475,0.0,0.16666666666666666,0.0,1.0,100,1,2,0,0
298,657,0.0,0.0,0.0,1.0986122886681098,0.75,0.0,0.0,0,1,3,0,1
298,658,0.6454493599953042,1.0,0.0,0.0,0.45454545454545453,1.0,0.0,35,1,2,3,1
298,659,0.0,0.0,0.0,0.0,0.2857142857142857,0.0,1.0,0,1,0,0,0
298,660,0.12459891443827881,0.0,0.0,0.0,0.7,0.0,0.0,20,1,2,0,0
298,661,0.14479362596164747,0.75,0.0,0.0,0.25,0.0,1.0,35,1,2,2,0
298,662,0.01977830702126986,0.0,0.0,0.6931471805599453,0.7,0.0,0.0,0,1,2,1,1
298,663,0.008002459908705599,0.0,0.0,0.0,0.4444444444444444,1.0,0.0,0,1,2,0,0
298,664,0.0,0.0,0.0,0.6931471805599453,0.6,1.0,0.0,0,1,1,0,0
298,665,0.06522274853148564,0.0,0.0,0.6931471805599453,0.6666666666666666,0.0,0.0,20,1,3,1,1
298,666,0.02518044209098591,0.0,0.0,0.0,0.4444444444444444,0.0,1.0,0,1,2,2,0
298,667,0.010274835712486314,0.0,0.0,0.6931471805599453,0.5833333333333334,0.0,0.0,0,1,2,0,0
298,668,0.1816123887024988,0.0,0.0,0.0,0.42857142857142855,0.0,0.0,20,1,2,0,0
298,669,0.013435055638636817,0.0,0.5773502691896258,0.6931471805599453,0.42857142857142855,0.0,0.0,100,1,3,0,0
298,670,0.002358342045930425,0.0,0.0,0.0,0.2857142857142857,0.0,1.0,0,1,1,0,0
298,671,0.01959181509746187,0.0,0.0,0.6931471805599453,0.4444444444444444,0.0,0.0,0,1,1,2,0
298,672,0.014258080689720351,0.0,0.0,0.0,0.5714285714285714,1.0,0.0,10,1,1,0,0
298,673,0.01879779578906542,0.0,0.0,0.6931471805599453,0.2727272727272727,0.0,1.0,10,1,1,0,0
298,674,0.01927151839763205,0.0,0.0,0.0,0.25,0.0,1.0,0,1,1,0,0
298,675,0.09153774256299825,0.0,0.0,0.0,0.4444444444444444,1.0,0.0,10,1,1,0,0
298,676,0.02220051553455457,0.0,0.0,0.0,0.5,0.0,0.0,10,1,2,0,0
298,677,0.12898807340968102,0.0,0.0,0.6931471805599453,0.5,0.0,0.0,10,1,0,1,0
298,678,0.005537610871422527,0.0,0.0,0.0,0.5,0.0,0.0,0,1,0,0,0
298,679,0.13976928288636623,0.0,0.0,0.0,0.6666666666666666,0.0,0.0,0,1,1,0,1
298,680,0.08467978683359097,0.0,0.0,0.0,0.38461538461538464,0.0,1.0,10,1,2,0,0
298,681,0.08024723743381783,0.0,0.0,0.0,0.5,1.0,0.0,10,1,2,1,0
298,682,0.12723500360108464,0.0,0.0,0.6931471805599453,0.625,0.0,0.0,20,1,1,0,0
299,623,0.050212571611411475,0.0,0.0,1.0986122886681098,0.7142857142857143,0.0,0.0,10,1,8,1,0
299,624,0.0020176191814469373,0.0,0.0,0.0,0.2857142857142857,0.0,0.0,0,1,0,0,0
299,625,0.03260096716762334,0.0,0.0,0.0,0.25,0.0,0.0,10,1,0,0,0
299,626,0.021367924386670775,0.0,0.0,0.0,0.4,0.0,1.0,0,1,1,0,0
299,627,0.0,0.0,0.0,0.0,0.3333333333333333,0.0,1.0,0,1,1,0,0
299,628,0.00543646970667493,0.0,0.0,0.0,0.6,0.0,0.0,0,1,1,0,0
299,629,0.002200167508976045,0.0,0.0,0.0,0.25,0.0,1.0,0,1,1,0,0
299,630,0.04463436278001405,0.0,0.0,0.6931471805599453,0.46153846153846156,0.0,1.0,10,1,2,0,0
299,631,0.002767806710886866,0.0,0.0,0.0,0.3333333333333333,0.0,0.0,0,1,1,0,1
299,632,0.012850976612227973,0.0,0.0,0.0,0.36363636363636365,0.0,1.0,0,1,2,0,0
299,633,0.11363667456274984,0.0,0.0,0.0,0.4,0.0,0.0,10,1,0,0,0
299,634,0.08082992193072121,0.0,0.0,0.0,0.42857142857142855,0.0,0.0,0,1,0,0,0
299,635,0.09391007953386175,0.0,0.0,0.6931471805599453,0.5,0.0,0.0,0,1,1,0,0
299,636,0.09173122719466113,0.0,0.0,0.0,0.5454545454545454,1.0,0.0,0,1,2,1,0
299,637,0.024275484973678752,0.0,0.0,0.0,0.2,0.0,1.0,0,1,1,0,0
299,638,0.06515215829416685,0.0,0.0,0.0,0.5555555555555556,0.0,0.0,0,1,0,0,0
299,639,0.006154109041718911,0.0,0.0,0.0,0.5,1.0,0.0,0,1,1,0,0
299,640,0.04888516739135125,0.0,0.0,0.6931471805599453,0.3333333333333333,0.0,0.0,10,1,2,0,0
299,641,0.042084681062392854,0.0,0.0,0.0,0.2,0.0,1.0,10,1,2,0,0
299,642,0.03631812746006364,0.0,0.0,0.0,0.6,0.0,0.0,0,1,2,0,0
299,643,0.020502535895285605,0.0,0.0,0.0,0.5714285714285714,0.0,1.0,0,1,1,1,0
299,644,0.0007417616971518459,0.0,0.0,0.6931471805599453,0.42857142857142855,0.0,0.0,0,1,1,0,0
299,645,0.011224334783503313,0.0,0.0,0.0,0.42857142857142855,1.0,0.0,0,1,0,0,0
299,646,0.0014445794861712483,0.0,0.0,0.0,0.625,0.0,0.0,0,1,1,0,0
299,647,0.12497577645534919,1.0,0.0,0.0,0.6666666666666666,0.0,0.0,35,1,1,3,1
299,648,0.029267000436180628,0.0,0.0,0.0,0.2857142857142857,0.0,1.0,0,1,3,0,0
299,649,0.006859364923207547,0.0,0.0,0.0,0.5,0.0,0.0,0,1,1,0,1
299,650,0.00488171403569183,0.0,0.0,0.0,0.45454545454545453,1.0,0.0,0,1,2,0,0
299,651,0.0068240264004362635,0.0,0.0,0.0,0.375,1.0,0.0,10,1,1,0,0
299,652,0.07948538686180552,0.0,0.0,0.0,0.3333333333333333,0.0,1.0,10,1,1,0,0
299,653,0.04066745801357726,0.0,0.0,0.0,0.3333333333333333,0.0,0.0,0,1,1,0,0
299,654,0.03213798963295374,0.0,0.0,0.0,0.45454545454545453,0.0,0.0,10,1,2,0,0
299,655,0.027180424994852202,0.0,0.0,0.6931471805599453,0.7,0.0,0.0,10,1,3,0,0
299,656,0.09939380920757734,0.0,0.0,0.0,0.18181818181818182,0.0,1.0,20,1,2,0,0
299,657,0.0064341579614112234,0.0,0.0,1.0986122886681098,0.75,0.0,0.0,0,1,3,0,0
299,658,0.026759048465581196,0.0,0.0,0.0,0.45454545454545453,1.0,0.0,0,1,2,1,0
299,659,0.0,0.0,0.0,0.0,0.2857142857142857,0.0,1.0,0,1,0,0,0
299,660,0.008644529478763955,0.0,0.0,0.0,0.7,0.0,0.0,0,1,2,0,1
299,661,0.01982614685788528,0.0,0.0,0.0,0.25,0.0,1.0,0,1,2,1,0
299,662,0.012806816403647503,0.0,0.0,0.6931471805599453,0.7,0.0,0.0,0,1,2,1,0
299,663,0.014121548410105409,0.0,0.0,0.0,0.4444444444444444,1.0,0.0,10,1,2,0,0
299,664,0.0026825333802350517,0.0,0.0,0.6931471805599453,0.6,1.0,0.0,0,1,1,0,0
299,665,0.10322443595598255,0.0,0.5773502691896258,0.6931471805599453,0.6666666666666666,0.0,0.0,100,1,3,2,0
299,666,0.018159905710870006,0.0,0.0,0.0,0.4444444444444444,0.0,1.0,10,1,2,1,0
299,667,0.0023308743024491735,0.0,0.0,0.6931471805599453,0.5833333333333334,0.0,0.0,0,1,2,0,0
299,668,0.011348110347424206,0.0,0.0,0.0,0.42857142857142855,0.0,0.0,0,1,2,0,0
299,669,0.08626315518764646,0.0,0.0,0.6931471805599453,0.42857142857142855,0.0,0.0,10,1,3,0,0
299,670,0.05531667875038035,0.0,0.0,0.0,0.2857142857142857,0.0,1.0,0,1,1,0,0
299,671,0.005062163466773318,0.0,0.0,0.6931471805599453,0.375,0.0,0.0,0,1,1,1,0
299,672,0.006760496945137958,0.0,0.0,0.0,0.5714285714285714,1.0,0.0,0,1,1,0,0
299,673,0.002700019569243426,0.0,0.0,0.6931471805599453,0.2727272727272727,0.0,1.0,0,1,1,0,0
299,674,0.007487563361527023,0.0,0.0,0.0,0.25,0.0,1.0,0,1,1,0,0
299,675,0.016564584832528303,0.0,0.0,0.0,0.4444444444444444,1.0,0.0,10,1,1,0,0
299,676,0.002382505847804526,0.0,0.0,0.0,0.5,0.0,0.0,0,1,2,0,0
299,677,0.11495112666857454,0.0,0.0,0.6931471805599453,0.45454545454545453,0.0,0.0,0,1,0,2,0
299,678,0.030527250444485544,0.0,0.0,0.0,0.5,0.0,0.0,10,1,0,0,0
299,679,0.00696653986361566,0.0,0.0,0.0,0.6666666666666666,0.0,0.0,0,1,1,0,0
299,680,0.009442600919769993,0.0,0.0,0.0,0.38461538461538464,0.0,1.0,0,1,2,0,0
299,681,0.08960114006260625,0.0,0.7071067811865475,0.0,0.5384615384615384,1.0,0.0,100,1,2,1,0
299,682,0.008669539891854696,0.0,0.0,0.6931471805599453,0.625,0.0,0.0,0,1,1,0,0
300,623,0.03377754564812504,0.0,0.0,1.0986122886681098,0.7142857142857143,0.0,0.0,0,1,8,0,0
300,624,0.006770483698226309,0.0,0.0,0.0,0.2857142857142857,0.0,0.0,10,1,0,0,0
300,625,0.0008949357566232179,0.0,0.0,0.0,0.25,0.0,0.0,0,1,0,0,0
300,626,0.0,0.0,0.0,0.0,0.4,0.0,1.0,0,1,1,0,0
300,627,0.0,0.0,0.0,0.0,0.3333333333333333,0.0,1.0,0,1,1,0,0
300,628,0.0,0.0,0.0,0.0,0.6,0.0,0.0,0,1,1,0,0
300,629,0.007383057412354039,0.0,0.0,0.0,0.25,0.0,1.0,10,1,1,0,0
300,630,0.023295359823355614,0.0,0.0,0.6931471805599453,0.46153846153846156,0.0,1.0,0,1,2,0,0
300,631,0.0,0.0,0.0,0.0,0.3333333333333333,0.0,0.0,0,1,1,0,0
300,632,0.0237974114803115,0.0,0.0,0.0,0.36363636363636365,0.0,1.0,0,1,2,0,0
300,633,0.10018958461331676,0.0,0.0,0.0,0.4,0.0,0.0,10,1,0,2,0
300,634,0.5351385823587285,1.0,0.0,0.0,0.42857142857142855,0.0,0.0,35,1,0,3,0
300,635,0.4032139283860507,1.0,1.0,0.6931471805599453,0.5,0.0,0.0,100,1,1,3,0
300,636,0.25009896348465854,1.0,0.7071067811865475,0.0,0.5454545454545454,1.0,0.0,100,1,2,3,1
300,637,0.020246827758783562,0.0,0.0,0.0,0.2,0.0,1.0,0,1,1,0,0
300,638,0.41087856668601613,1.0,0.0,0.0,0.5555555555555556,0.0,0.0,30,1,0,3,1
300,639,0.01571041258465701,0.0,0.0,0.0,0.5,1.0,0.0,0,1,1,0,0
300,640,0.1523040431505066,0.75,0.7071067811865475,0.6931471805599453,0.3333333333333333,0.0,0.0,100,1,2,3,0
300,641,0.019268962164331237,0.0,0.0,0.0,0.2,0.0,1.0,0,1,2,0,0
300,642,0.02499584212262008,0.0,0.0,0.0,0.6,0.0,0.0,0,1,2,0,0
300,643,0.0,0.0,0.0,0.0,0.5714285714285714,0.0,1.0,0,1,1,0,0
300,644,0.0,0.0,0.0,0.6931471805599453,0.42857142857142855,0.0,0.0,0,1,1,0,0
300,645,0.006881917399148325,0.0,0.0,0.0,0.42857142857142855,1.0,0.0,0,1,0,0,1
300,646,0.0,0.0,0.0,0.0,0.625,0.0,0.0,0,1,1,0,1
300,647,0.029485966998425633,0.0,0.0,0.0,0.6666666666666666,0.0,0.0,10,1,1,0,1
300,648,0.004267213449248344,0.0,0.0,0.0,0.2857142857142857,0.0,1.0,0,1,3,1,0
300,649,0.02069701650513602,0.0,0.0,0.0,0.5,0.0,0.0,0,1,1,0,0
300,650,0.0,0.0,0.0,0.0,0.45454545454545453,1.0,0.0,0,1,2,0,0
300,651,0.0,0.0,0.0,0.0,0.375,1.0,0.0,0,1,1,1,0
300,652,0.007533918831539995,0.0,0.0,0.0,0.3333333333333333,0.0,1.0,0,1,1,0,0
300,653,0.013984561096792164,0.0,0.0,0.0,0.3333333333333333,0.0,0.0,0,1,1,0,0
300,654,0.032205837351433356,0.5,0.7071067811865475,0.0,0.45454545454545453,0.0,0.0,100,1,2,3,1
300,655,0.01158582562732495,0.0,0.0,0.6931471805599453,0.7,0.0,0.0,0,1,3,0,0
300,656,0.05247513990589171,0.0,0.7071067811865475,0.0,0.16666666666666666,0.0,1.0,100,1,2,2,0
300,657,0.0323930739312183,0.0,0.0,1.0986122886681098,0.75,0.0,0.0,10,1,3,0,0
300,658,0.0,0.0,0.0,0.0,0.45454545454545453,1.0,0.0,0,1,2,0,0
300,659,0.009751321595985806,0.0,0.0,0.0,0.2857142857142857,0.0,1.0,0,1,0,0,0
300,660,0.010009260719877905,0.0,0.0,0.0,0.7,0.0,0.0,0,1,2,0,0
300,661,0.021299519496711876,0.0,0.0,0.0,0.25,0.0,1.0,0,1,2,0,0
300,662,0.005409274495782059,0.0,0.0,0.6931471805599453,0.7,0.0,0.0,0,1,2,0,0
300,663,0.014969829918109901,0.0,0.0,0.0,0.4444444444444444,1.0,0.0,0,1,2,0,0
300,664,0.011739620264585986,0.0,0.0,0.6931471805599453,0.6,1.0,0.0,0,1,1,1,0
300,665,0.003956235261780033,0.0,0.0,0.6931471805599453,0.6666666666666666,0.0,0.0,0,1,3,0,0
300,666,0.006850649580269154,0.0,0.0,0.0,0.4444444444444444,0.0,1.0,0,1,2,0,0
300,667,0.0,0.0,0.0,0.6931471805599453,0.5833333333333334,0.0,0.0,0,1,2,0,0
300,668,0.0037230170604008813,0.0,0.0,0.0,0.42857142857142855,0.0,0.0,0,1,2,0,0
300,669,0.1912721404304022,1.0,0.5773502691896258,0.6931471805599453,0.42857142857142855,0.0,0.0,100,1,3,2,0
300,670,0.026469012499670427,0.0,0.0,0.0,0.2857142857142857,0.0,1.0,0,1,1,0,0
300,671,0.002372975902663597,0.0,0.0,0.6931471805599453,0.4444444444444444,0.0,0.0,0,1,1,0,0
300,672,0.0,0.0,0.0,0.0,0.5714285714285714,1.0,0.0,0,1,1,0,0
300,673,0.0,0.0,0.0,0.6931471805599453,0.2727272727272727,0.0,1.0,0,1,1,0,0
300,674,0.0,0.0,0.0,0.0,0.25,0.0,1.0,0,1,1,0,0
300,675,0.005919295810743922,0.0,0.0,0.0,0.4444444444444444,1.0,0.0,0,1,1,0,0
300,676,0.0,0.0,0.0,0.0,0.5,0.0,0.0,0,1,2,0,0
300,677,0.0,0.0,0.0,0.6931471805599453,0.5,0.0,0.0,0,1,0,0,0
300,678,0.004525902722363534,0.0,0.0,0.0,0.5,0.0,0.0,0,1,0,0,0
300,679,0.0,0.0,0.0,0.0,0.6666666666666666,0.0,0.0,0,1,1,0,0
300,680,0.0,0.0,0.0,0.0,0.38461538461538464,0.0,1.0,0,1,2,0,0
300,681,0.0046699985124241394,0.0,0.0,0.0,0.5,1.0,0.0,0,1,2,0,0
300,682,0.0,0.0,0.0,0.6931471805599453,0.625,0.0,0.0,0,1,1,0,1
301,623,0.11674384059101374,0.0,0.35355339059327373,1.0986122886681098,0.7142857142857143,0.0,0.0,100,1,8,1,0
301,624,0.0,0.0,0.0,0.0,0.2857142857142857,0.0,0.0,0,1,0,0,0
301,625,0.02899475047998612,0.0,0.0,0.0,0.25,0.0,0.0,10,1,0,1,0
301,626,0.04642682443626419,0.0,0.0,0.0,0.4,0.0,1.0,0,1,1,0,0
301,627,0.0,0.0,0.0,0.0,0.3333333333333333,0.0,1.0,0,1,1,0,0
301,628,0.006069633262071295,0.0,0.0,0.0,0.6,0.0,0.0,0,1,1,0,0
301,629,0.0,0.0,0.0,0.0,0.25,0.0,1.0,0,1,1,0,0
301,630,0.11832675895701084,0.0,0.7071067811865475,0.6931471805599453,0.46153846153846156,0.0,1.0,100,1,2,2,0
301,631,0.012684165226684762,0.0,0.0,0.0,0.3333333333333333,0.0,0.0,0,1,1,0,0
301,632,0.12540430730347868,0.0,0.7071067811865475,0.0,0.36363636363636365,0.0,1.0,100,1,2,2,0
301,633,0.09610685174953547,0.0,0.0,0.0,0.4,0.0,0.0,0,1,0,0,0
301,634,0.06278176339653388,0.0,0.0,0.0,0.42857142857142855,0.0,0.0,0,1,0,0,0
301,635,0.06456751164155101,0.0,0.0,0.6931471805599453,0.5,0.0,0.0,0,1,1,0,0
301,636,0.04827273280631887,0.0,0.0,0.0,0.5454545454545454,1.0,0.0,0,1,2,0,0
301,637,0.016175424807118175,0.0,0.0,0.0,0.2,0.0,1.0,0,1,1,0,0
301,638,0.06567892955202011,0.0,0.0,0.0,0.5555555555555556,0.0,0.0,0,1,0,0,0
301,639,0.09924593784197673,0.0,1.0,0.0,0.5,1.0,0.0,100,1,1,2,1
301,640,0.018833018425154988,0.0,0.0,0.6931471805599453,0.3333333333333333,0.0,0.0,0,1,2,0,0
301,641,0.056588050566071024,0.0,0.0,0.0,0.2,0.0,1.0,0,1,2,0,0
301,642,0.009170054201052798,0.0,0.0,0.0,0.6,0.0,0.0,0,1,2,0,0
301,643,0.014628083609166061,0.0,0.0,0.0,0.5714285714285714,0.0,1.0,0,1,1,0,0
301,644,0.005048736120629359,0.0,0.0,0.6931471805599453,0.42857142857142855,0.0,0.0,0,1,1,0,0
301,645,0.024568508901029785,0.0,0.0,0.0,0.42857142857142855,1.0,0.0,0,1,0,0,0
301,646,0.0,0.0,0.0,0.0,0.625,0.0,0.0,0,1,1,0,0
301,647,0.025101128819279454,0.0,0.0,0.0,0.6666666666666666,0.0,0.0,0,1,1,0,0
301,648,0.0310409363773212,0.0,0.0,0.0,0.2857142857142857,0.0,1.0,0,1,3,0,0
301,649,0.14672394022647411,0.0,1.0,0.0,0.5,0.0,0.0,100,1,1,2,0
301,650,0.02124751731768847,0.0,0.0,0.0,0.45454545454545453,1.0,0.0,0,1,2,0,0
301,651,0.0023523289724147653,0.0,0.0,0.0,0.375,1.0,0.0,0,1,1,0,0
301,652,0.006680307188991354,0.0,0.0,0.0,0.3333333333333333,0.0,1.0,0,1,1,0,0
301,653,0.015147091052445737,0.0,0.0,0.0,0.3333333333333333,0.0,0.0,0,1,1,0,0
301,654,0.021739374076529483,0.0,0.0,0.0,0.45454545454545453,0.0,0.0,0,1,2,0,0
301,655,0.01588447185366478,0.0,0.0,0.6931471805599453,0.7,0.0,0.0,0,1,3,0,0
301,656,0.07543784870839697,0.0,0.0,0.0,0.16666666666666666,0.0,1.0,10,1,2,0,0
301,657,0.0,0.0,0.0,1.0986122886681098,0.75,0.0,0.0,0,1,3,0,1
301,658,0.016156704214248755,0.0,0.0,0.0,0.45454545454545453,1.0,0.0,0,1,2,0,0
301,659,0.1162090331547432,0.0,0.0,0.0,0.2857142857142857,0.0,1.0,10,1,0,2,0
301,660,0.12432152702697326,0.0,0.7071067811865475,0.0,0.7,0.0,0.0,100,1,2,2,0
301,661,0.018067728952243838,0.0,0.0,0.0,0.25,0.0,1.0,0,1,2,0,0
301,662,0.009932726104856555,0.0,0.0,0.6931471805599453,0.7,0.0,0.0,0,1,2,0,0
301,663,0.004995962523322442,0.0,0.0,0.0,0.4444444444444444,1.0,0.0,0,1,2,0,0
301,664,0.006243901934786059,0.0,0.0,0.6931471805599453,0.6,1.0,0.0,0,1,1,0,0
301,665,0.0,0.0,0.0,0.6931471805599453,0.6666666666666666,0.0,0.0,0,1,3,0,0
301,666,0.01728445997805618,0.0,0.0,0.0,0.4444444444444444,0.0,1.0,0,1,2,0,0
301,667,0.005075281352156912,0.0,0.0,0.6931471805599453,0.5833333333333334,0.0,0.0,0,1,2,0,0
301,668,0.04068875414204974,0.0,0.7071067811865475,0.0,0.42857142857142855,0.0,0.0,100,1,2,0,0
301,669,0.045836053333583406,0.0,0.0,0.6931471805599453,0.42857142857142855,0.0,0.0,0,1,3,0,0
301,670,0.015028406740981945,0.0,0.0,0.0,0.2857142857142857,0.0,1.0,0,1,1,0,0
301,671,0.010867840540273063,0.0,0.0,0.6931471805599453,0.4444444444444444,0.0,0.0,0,1,1,0,0
301,672,0.02014337756204943,0.0,0.0,0.0,0.5714285714285714,1.0,0.0,0,1,1,0,0
301,673,0.00919030457588078,0.0,0.0,0.6931471805599453,0.2727272727272727,0.0,1.0,0,1,1,0,0
301,674,0.02616786908368922,0.0,0.0,0.0,0.25,0.0,1.0,0,1,1,0,0
301,675,0.0058634932762124245,0.0,0.0,0.0,0.4444444444444444,1.0,0.0,0,1,1,0,0
301,676,0.012579671971927678,0.0,0.0,0.0,0.5,0.0,0.0,0,1,2,0,0
301,677,0.003870960815504827,0.0,0.0,0.6931471805599453,0.5,0.0,0.0,0,1,0,0,0
301,678,0.0014815464513407441,0.0,0.0,0.0,0.5,0.0,0.0,0,1,0,0,0
301,679,0.039750615961731156,0.0,0.0,0.0,0.6666666666666666,0.0,0.0,0,1,1,0,0
301,680,0.0056090835863315015,0.0,0.0,0.0,0.38461538461538464,0.0,1.0,0,1,2,0,0
301,681,0.08372017227875632,0.0,0.7071067811865475,0.0,0.5,1.0,0.0,100,1,2,2,0
301,682,0.03708512680575629,0.0,0.0,0.6931471805599453,0.625,0.0,0.0,0,1,1,0,0
302,623,0.024044384341380842,0.0,0.35355339059327373,1.0986122886681098,0.7142857142857143,0.0,0.0,100,1,8,1,1
302,624,0.0,0.0,0.0,0.0,0.2857142857142857,0.0,0.0,0,1,0,0,0
302,625,0.013882187827967551,0.0,0.0,0.0,0.25,0.0,0.0,0,1,0,0,0
302,626,0.06328992732936979,0.0,0.0,0.0,0.4,0.0,1.0,0,1,1,1,0
302,627,0.008554582493356404,0.0,0.0,0.0,0.3333333333333333,0.0,1.0,0,1,1,0,0
302,628,0.006764286499538691,0.0,0.0,0.0,0.6,0.0,0.0,0,1,1,2,0
302,629,0.0,0.0,0.0,0.0,0.25,0.0,1.0,0,1,1,0,0
302,630,0.017369496235957838,0.0,0.0,0.6931471805599453,0.46153846153846156,0.0,1.0,0,1,2,0,0
302,631,0.6789071680741572,1.0,0.0,0.0,0.2727272727272727,0.0,0.0,35,1,1,3,1
302,632,0.0388113924273507,0.0,0.0,0.0,0.36363636363636365,0.0,1.0,10,1,2,0,0
302,633,0.027852077383492827,0.0,0.0,0.0,0.4,0.0,0.0,0,1,0,0,0
302,634,0.017095419700656537,0.0,0.0,0.0,0.42857142857142855,0.0,0.0,0,1,0,0,0
302,635,0.02411337652453212,0.0,0.0,0.6931471805599453,0.5,0.0,0.0,0,1,1,0,0
302,636,0.020802910583564194,0.0,0.0,0.0,0.6,1.0,0.0,0,1,2,0,0
302,637,0.052601212130211406,0.0,0.0,0.0,0.2,0.0,1.0,0,1,1,0,0
302,638,0.03090774596384277,0.0,0.0,0.0,0.5555555555555556,0.0,0.0,0,1,0,0,0
302,639,0.017510773655838672,0.0,0.0,0.0,0.5,1.0,0.0,0,1,1,0,0
302,640,0.022667175625580942,0.0,0.0,0.6931471805599453,0.3333333333333333,0.0,0.0,0,1,2,1,0
302,641,0.043617829267126686,0.0,0.7071067811865475,0.0,0.2,0.0,1.0,100,1,2,1,0
302,642,0.011543551929657964,0.0,0.0,0.0,0.6,0.0,0.0,0,1,2,0,0
302,643,0.01456882438186206,0.0,0.0,0.0,0.5714285714285714,0.0,1.0,10,1,1,0,0
302,644,0.007167170053017912,0.0,0.0,0.6931471805599453,0.42857142857142855,0.0,0.0,0,1,1,2,1
302,645,0.02346580178208678,0.0,0.0,0.0,0.42857142857142855,1.0,0.0,0,1,0,0,0
302,646,0.016528771395422914,0.0,0.0,0.0,0.625,0.0,0.0,10,1,1,0,0
302,647,0.02358815959418266,0.0,0.0,0.0,0.6666666666666666,0.0,0.0,10,1,1,0,0
302,648,0.025857243600039412,0.0,0.5773502691896258,0.0,0.2857142857142857,0.0,1.0,100,1,3,1,0
302,649,0.009753975255344305,0.0,0.0,0.0,0.5,0.0,0.0,0,1,1,0,0
302,650,0.018706026649622384,0.0,0.0,0.0,0.45454545454545453,1.0,0.0,10,1,2,0,0
302,651,0.007424827783658636,0.0,0.0,0.0,0.375,1.0,0.0,0,1,1,0,0
302,652,0.007873141996380811,0.0,0.0,0.0,0.3333333333333333,0.0,1.0,10,1,1,0,0
302,653,0.0254070262921343,0.0,0.0,0.0,0.3333333333333333,0.0,0.0,0,1,1,0,0
302,654,0.01251257179851284,0.0,0.0,0.0,0.45454545454545453,0.0,0.0,0,1,2,1,0
302,655,0.02256466391178813,0.0,0.5773502691896258,0.6931471805599453,0.7,0.0,0.0,100,1,3,0,0
302,656,0.011434209840733657,0.0,0.7071067811865475,0.0,0.18181818181818182,0.0,1.0,100,1,2,0,0
302,657,0.0,0.0,0.5773502691896258,1.0986122886681098,0.75,0.0,0.0,100,1,3,0,0
302,658,0.018110564979375614,0.0,0.7071067811865475,0.0,0.45454545454545453,1.0,0.0,100,1,2,0,0
302,659,0.01523357669259232,0.0,0.0,0.0,0.2857142857142857,0.0,1.0,0,1,0,0,0
302,660,0.023255978421554545,0.0,0.0,0.0,0.7,0.0,0.0,0,1,2,0,1
302,661,0.014095167899306905,0.0,0.0,0.0,0.25,0.0,1.0,10,1,2,1,0
302,662,0.055417251894005974,0.0,0.0,0.6931471805599453,0.7,0.0,0.0,0,1,2,0,0
302,663,0.007352828873437041,0.0,0.0,0.0,0.4444444444444444,1.0,0.0,10,1,2,0,0
302,664,0.01460155412489595,0.0,0.0,0.6931471805599453,0.6,1.0,0.0,0,1,1,0,0
302,665,0.004373911846879292,0.0,0.0,0.6931471805599453,0.6666666666666666,0.0,0.0,20,1,3,0,0
302,666,0.011194480341910238,0.0,0.0,0.0,0.4444444444444444,0.0,1.0,0,1,2,1,0
302,667,0.05330252339373107,0.0,0.0,0.6931471805599453,0.5833333333333334,0.0,0.0,10,1,2,2,1
302,668,0.019289302470014508,0.0,0.0,0.0,0.42857142857142855,0.0,0.0,0,1,2,0,0
302,669,0.019117326385544222,0.0,0.5773502691896258,0.6931471805599453,0.42857142857142855,0.0,0.0,100,1,3,0,0
302,670,0.016399528033602798,0.0,0.0,0.0,0.2857142857142857,0.0,1.0,0,1,1,0,0
302,671,0.0,0.0,0.0,0.6931471805599453,0.4444444444444444,0.0,0.0,0,1,1,0,0
302,672,0.016178779207116814,0.0,1.0,0.0,0.5714285714285714,1.0,0.0,100,1,1,0,0
302,673,0.005732189535213818,0.0,0.0,0.6931471805599453,0.2727272727272727,0.0,1.0,0,1,1,2,0
302,674,0.5847709018593085,1.0,0.0,0.0,0.25,0.0,1.0,35,1,1,3,1
302,675,0.011277326834866059,0.0,0.0,0.0,0.4444444444444444,1.0,0.0,0,1,1,0,0
302,676,0.6662744458580006,1.0,0.0,0.0,0.5,0.0,0.0,35,1,2,3,1
302,677,0.0,0.0,0.0,0.6931471805599453,0.5,0.0,0.0,0,1,0,0,0
302,678,0.0015585765557691274,0.0,0.0,0.0,0.5,0.0,0.0,0,1,0,0,0
302,679,0.021673832752454235,0.0,0.0,0.0,0.6666666666666666,0.0,0.0,10,1,1,0,0
302,680,0.007649936723355901,0.0,0.0,0.0,0.38461538461538464,0.0,1.0,0,1,2,0,0
302,681,0.003621170289416911,0.0,0.0,0.0,0.5,1.0,0.0,10,1,2,0,0
302,682,0.023921759470844153,0.0,0.0,0.6931471805599453,0.625,0.0,0.0,0,1,1,0,0
